대학명,지역,학과명
가야대학교,경남,)비고학생부수능실기서류면접교과비교과수시정원내일반100가야인재100지역인재100지역인재기(초생활수급자)100정원외농어촌학생100특성화고교졸업자100기초생활수급자100재외국민과외국인-100정시정원내일반3070학과모집정원수시정시다군정원내정원외정원내일반가야인재지역인재지역인재기초()계농어촌특성화고교졸업자기초생활수급자재외국민계일반사회복지상담학과403939111특수교육과2625251방사선학과4544441간호학과166161101821467661920물리치료학과533381051332스포츠재활복지학과4039391치유웰니스학과2019191자유전공학부
가야대학교,경남,체육교과중상위12개과목단체육스포츠재활복지학과
가야대학교,경남,전형유형구분세부내용재외국민과외국인모집인원명1모집단위사회복지상담학과
가천대학교,경기,음악학부50체육학부70연기예술학과
가천대학교,경기,나군일반전형284다군일반전형273실기위주가군연기예술학과
가천대학교,경기,교육기회균형특성화고졸재직자조기취업형계약학과실기우수자자유전공321인문경영학과401534184450회계세무학과167102관광경영학과14722722의료산업경영학과
가천대학교,경기,빅데이터학부261231232인문미디어커뮤니케이션학과852261140경제학과15722822응용통계학과1371722사회복지학과12622722유아교육학과156682심리학과1062822패션산업학과
가천대학교,경기,교육기회균형특성화고졸재직자조기취업형계약학과실기우수자자연반도체대학6920452033시스템반도체학과1788컴퓨터공학과371033101390인공지능학과4617331733인공지능시스템학과1887정보보호학과1887전기공학과20822922스마트시티학과198282의공학과1662622간호학과752815323342치위생학과966162응급구조학과64물리치료학과966162방사선학과966162운동재활학과14628의예과64916한의예과861약학과63103바이오로직스학과
가천대학교,경기,체능회화전공20조소전공18시각디자인전공20산업디자인전공20성악전공12기악전공31작곡전공7체육전공40태권도전공30연기예술학과
가천대학교,경기,체육학부
가천대학교,경기,디자인학부회화전공자유표현20조소전공기초조형18시각디자인전공기초디자인20산업디자인전공기초디자인20음악학부성악전공
가천대학교,경기,1곡)7체육학부체육전공
가천대학교,경기,10m왕복달리기40태권도전공
가천대학교,경기,연기예술학과
가천대학교,경기,2실기우수자가군나군다군가군나군다군가군다군인문경영학과3815회계세무학과15관광경영학과15의료산업경영학과
가천대학교,경기,빅데이터학부3116인문미디어커뮤니케이션학과10경제학과18응용통계학과16사회복지학과13유아교육학과13심리학과14패션산업학과
가천대학교,경기,2실기우수자가군나군다군가군나군다군가군다군자연시스템반도체학과17컴퓨터공학과2517인공지능학과4621인공지능시스템학과17정보보호학과17전기공학과21스마트시티학과15의공학과15간호학과7030치위생학과13응급구조학과10물리치료학과13방사선학과13운동재활학과13의예과14한의예과16약학과11바이오로직스학과
가천대학교,경기,체능회화전공10조소전공7시각디자인전공10산업디자인전공10성악전공기악전공작곡전공체육전공태권도전공연기예술학과
가천대학교,경기,반영방법세부모집모집군모집단위실기내용모집인원가군연기예술학과
가천대학교,경기,질의응답)6다군회화전공자유표현10조소전공기초조형7시각디자인전공기초디자인10산업디자인전공
가천대학교,경기,체육전공
가천대학교,경기,태권도전공
가톨릭관동대학교,강원,실적소계일반지역인재지역기회균형기회균형운동선수출신(A)일반지역인재지역의사선발가톨릭지도자추천성인학습자실기체육특기자일반지역인재지역기회균형지역의사선발실기운동선수출신(B)일반성인학습자실기의과대학의학의학과(의예과)12621528238다163이월이월1957자연과학간호학과4030331575103다17이월이월이월17120헬스케어융합대학임상병리학과151025335다5이월540치위생학과20102537다3이월340작업치료학과1582530다이월이월-30사범대학인문사회국어교육과19513230다이월이월-30지리교육과157132230다이월이월-30영어교육과25530나이월이월-30역사교육과157132230다이월이월-30자연과학수학교육과25530나이월이월-30컴퓨터교육과2061330다이월이월-30예체능체육교육과22325다151540트리니티융합대학광역자율전공학부1855515255다이월이월-255인문사회경영학전공301040나이월이월-40행정학전공15520다이월이월-20경찰학부903055130다이월이월-130사회복지학전공20105540나이월이월-40광고홍보학전공15520나이월이월-20호텔관광경영학전공15520나이월이월-20조리외식경영학전공301040나이월이월-40의료경영학전공15520다이월이월-20항공교통물류전공25530나이월이월-30미디어콘텐츠전공15520다이월이월-20자연과학의생명과학전공25530다이월이월-30공학건축공학전공15520나이월이월-20건축학전공
가톨릭관동대학교,강원,소프트웨어융합학부25530나이월이월-30항공운항전공25530다이월이월-30항공정비학전공305540나이월이월-40예체능스포츠레저학전공4040나101050스포츠재활의학전공104050나101060스포츠지도학전공4040다이월이월-40실용음악전공15520다이월이월-20CG디자인전공25530다이월이월-30휴먼서비스대학인문사회언어재활학과2121나이월-21치매전문재활학과2020나이월-20산림치유학과3030나이월-30복지상담학과2020나이월-20스마트통합치유학과2121나이월-21해양치유레저학과
가톨릭관동대학교,강원,실적농어촌학생기초생활및차상위채용조건형계약학과선취업후진학자만학도농어촌학생기초생활및차상위농어촌학생기초생활및차상위채용조건형계약학과선취업후진학자만학도농어촌학생기초생활및차상위의과대학의학의학과(의예과)224다이월이월자연과학간호학과10515다이월이월헬스케어융합대학임상병리학과4이내8이내12이내다이월이월치위생학과4이내8이내12이내다이월이월작업치료학과3이내6이내9이내다이월이월사범대학인문사회국어교육과2이내1이내3이내다이월이월지리교육과2이내1이내3이내다이월이월영어교육과2이내1이내3이내나이월이월역사교육과2이내1이내3이내다이월이월자연과학수학교육과2이내1이내3이내나이월이월컴퓨터교육과2이내1이내3이내다이월이월예체능체육교육과224다이월이월트리니티융합대학광역자율전공학부25이내51이내76이내다이월이월인문사회경영학전공4이내8이내12이내나이월이월행정학전공2이내4이내6이내다이월이월경찰학부13이내26이내39이내다이월이월사회복지학전공4이내8이내12이내나이월이월광고홍보학전공2이내4이내6이내나이월이월호텔관광경영학전공2이내4이내6이내나이월이월조리외식경영학전공4이내8이내12이내나이월이월의료경영학전공2이내4이내6이내다이월이월항공교통물류전공3이내6이내9이내나이월이월미디어콘텐츠전공2이내4이내6이내다이월이월자연과학의생명과학전공3이내6이내9이내다이월이월공학건축공학전공2이내4이내6이내나이월이월건축학전공
가톨릭관동대학교,강원,소프트웨어융합학부3이내6이내9이내나이월이월항공운항전공3이내6이내9이내다이월이월항공정비학전공스마트항만공학전공2020나이월예체능스포츠레저학전공336나이월이월스포츠재활의학전공336나이월이월스포츠지도학전공실용음악전공2이내4이내6이내다이월이월CG디자인전공3이내6이내9이내다이월이월휴먼서비스대학인문사회언어재활학과약간명-나약간명치매전문재활학과2약간명2나이월약간명산림치유학과10약간명10나이월약간명복지상담학과약간명-나약간명스마트통합치유학과2약간명2나이월약간명해양치유레저학과
가톨릭관동대학교,강원,실적실기고등학교졸업(예정)자및법령에따라동등학력이있다고인정되는사람모집단위체육교육과스포츠레저학전공스포츠재활의학전공
가톨릭관동대학교,강원,의학생재학기간과학생거주충족기간은초등학교입학일부터고등학교졸업일까지임모집단위체육교육과스포츠레저학전공스포츠재활의학전공
가톨릭관동대학교,강원,실적실기전형고등학교졸업(예정)자및법령에따라동등학력이있다고인정되는사람모집단위스포츠레저학전공
가톨릭관동대학교,강원,스포츠재활의학전공
가톨릭관동대학교,강원,10점모집단위실기고사종목스포츠레저학전공
가톨릭관동대학교,강원,배구(월패스)스포츠레저학전공
가톨릭관동대학교,강원,)69점실기스포츠레저학전공스포츠재활의학전공
가톨릭관동대학교,강원,25)스포츠레저학전공스포츠재활의학전공
가톨릭관동대학교,강원,실적(실기전형)스포츠레저학전공스포츠재활의학전공
가톨릭관동대학교,강원,8800점트리니티융합대학스포츠레저학전공스포츠재활의학전공
가톨릭꽃동네대학교,충북,모집단위별모집인원모집단위입학정원모집인원수시정시(나군)정원내정원외정원내계학생부교과학생부교과기타수능일반학생휴먼리더면접가톨릭지도자추천지역인재특성화고교만학도및자립지원경제배려대상자농어촌재외국민과외국인일반학생일반경제배려대상자간호학과
가톨릭대학교,경기,전형특성화고등을졸업한재직자전형논술전형실기우수자가나다가나다가가가자유전공학부17115102510046146171인문사회계열641121332813057187641국어국문학과4552420철학과4552420국사학과4562320영어영문학부881023536중국언어문화학과55623425일어일본문화학과55623425프랑스어문화학과45514사회복지학과55623425심리학과58923431사회학과5552421국제학부791024537법학과4552420경제학과55623425행정학과5452420아동학과5453421경영대학경영학과591023433회계학과69923433글로벌경영학부국제경영학과12121212세무회계금융학과IT파이낸스학과자연공학계열5959104239437131595화학과5562321수학과5562321물리학과
가톨릭대학교,경기,글로벌경영학부
가톨릭대학교,경기,자연공학계열)입학생은해당계열내모든학과(글로벌경영학부
가톨릭대학교,경기,전형농어촌학생전형특성화고교졸업자전형자유전공학부15(28)이월인원다군인문사회계열24이월인원가군국어국문학과6(28)철학과국사학과영어영문학부중국언어문화학과일어일본문화학과프랑스어문화학과사회복지학과심리학과사회학과국제학부법학과경제학과행정학과아동학과(9)(이월인원가군)경영대학경영학과회계학과특수교육과경영대학글로벌경영학부국제경영학과32세무회계금융학과32IT파이낸스학과32자연공학계열24이월인원나군화학과4(28)수학과물리학과
가톨릭대학교,경기,경영학과
가톨릭대학교,경기,사회복지학과
가톨릭대학교,경기,심리학과
강남대학교,경기,2028학년도모집단위및입학정원(정원내)계열단과대학모집단위학과(전공)입학정원비고자유전공학부122인문사회계복지융합대학복지융합대학사회복지학부사회복지학전공116사회서비스학전공시니어비즈니스학과경영관리대학상경학부경영학전공136경제금융학전공국제무역학전공법행정세무학부세무학전공92법행정학전공글로벌문화콘텐츠대학글로벌문화콘텐츠대학문화콘텐츠학과147국제지역학과중국콘텐츠비즈니스학과기독교커뮤니케이션학과공학계공과대학컴퓨터공학부소프트웨어전공99메타버스게임전공인공지능융합공학부인공지능전공99데이터사이언스전공전자반도체공학부전자공학전공97반도체공학전공스마트모빌리티전공부동산건설학부부동산학전공110스마트도시공학전공건축공학전공예체능계예체능대학디자인학과65체육학과43음악학과27인문사회계사범대학교육학과32유아교육과45초등특수교육과19중등특수교육과19인문사회계복지융합대학사회복지학부(야)사회복지학전공52경영관리대학상경학부(야)경영학전공92경제금융학전공법행정세무학부(야)세무학전공79법행정학전공
강남대학교,경기,실적위주소계학생부교과학생부종합소계논술전형지역균형전형농어촌학생전형국가보훈대상자전형학교생활우수자전형1학교생활우수자전형2만학도전형실기전형특성화고교졸업자전형기초차상위전형장애인등대상자전형자유전공학부291362247466복지융합대학2813622170628상경학부321862248236211법행정세무학부25943145526210글로벌문화콘텐츠대학2521622517962529컴퓨터공학부1512421952358인공지능융합공학부1915521657358전자반도체공학부2115321657257부동산건설학부2412521962268디자인학과54045224체육학과2525음악학과피아노1010성악33관현악66교육학과(사)721625유아교육과(사)1122033초등특수교육과(사)481222중등특수교육과(사)481222사회복지학부(야)11731163822상경학부(야)2720319877235법행정세무학부
강남대학교,경기,체육학과18음악학과피아노8성악관현악교육학과
강남대학교,경기,사회복지학부
강남대학교,경기,체육학과
강남대학교,경기,000점)없음체육학과
강남대학교,경기,검정고시성적증명서및학교생활기록부대체서식활용(대교협공통양식)학생부종합(공무원위탁전형)사회복지학부
강남대학교,경기,군학생부종합(공무원위탁전형)사회복지학부
강남대학교,경기,자유전공학부복지융합대학상경학부법행정세무학부글로벌문화콘텐츠대학컴퓨터공학부인공지능융합공학부전자반도체공학부부동산건설학부디자인학과체육학과음악학과사회복지학과(외국인전담)경영학과(외국인전담)국제무역학과(외국인전담)한국어문학과(외국인전담)디자인학과(외국인전담)체육학과(외국인전담)음악학과(외국인전담)데이터사이언스학과
강남대학교,경기,(9월)전형명모집단위학교생활기록부특기자실적기타특기자실적및기타내용학생부종합(만학도전형)사회복지학부
강남대학교,경기,사회복지학과
강남대학교,경기,경영학과
강서대학교,서울,실적위주일반학생교과우수자사회통합일반학생사회통합나군다군다군일반학생일반학생일반학생신학과202051113G2빅데이터경영학과5858163723사회복지학과6060173823상담심리학과3030141024식품영양학과3030141024간호학과494937210실용음악학과
강서대학교,서울,정원외계열모집단위수시정시학생부교과위주수능위주농어촌학생기회균등할당제특수교육대상자농어촌학생기회균등할당제특수교육대상자인문사회신학과382수시모집이월인원G2빅데이터경영학과사회복지학과상담심리학과자연식품영양학과-간호학과
강서대학교,서울,G2빅데이터경영학과
강서대학교,서울,사회복지학과
강서대학교,서울,상담심리학과
강서대학교,서울,학교생활기록부교과성적반영방법모집단위반영교과영역반영과목수비고신학과G2빅데이터경영학과사회복지학과상담심리학과실용음악학과
강서대학교,서울,수능영역별반영비율모집단위수능성적활용지표국어수학영어탐구한국사비고사회과학직업신학과G2빅데이터경영학과사회복지학과상담심리학과백분위4030등급에따른가산점부여30(최고점1과목)응시필수식품영양학과간호학과
강서대학교,서울,북한이탈주민G2빅테이터경영학과사회복지학과상담심리학과자연식품영양학과예체능실용음악학과
강원대학교,강원,-스포츠과학과
강원대학교,강원,공과대학(스포츠과학과
강원대학교,강원,스포츠과학과
강원대학교,강원,)스포츠과학과
강원대학교,강원,스마트팜농산업학과
강원대학교,강원,Scarlatti소나타빠른곡1곡무용학과발레전공한국무용전공현대무용전공(발레전공)발레작품(한국무용전공)한국무용작품(현대무용전공)현대무용작품스포츠과학과
건국대학교,서울,모빌리티공학과항공우주공학전공스마트운행체공학전공생물공학과자연42생물공학과바이오프로세스전공바이오머티어리얼스전공화장품공학전공산업공학과자연31산업공학과스마트팩토리전공비즈니스애널리틱스전공산업경영융합학부인문-산업경영융합학부산업융합전공벤처창업전공디지털혁신전공공과대학자유전공학부자연195공과대학자유전공학부
건국대학교,서울,-단과대학모집단위계열모집정원(정원내)학과및전공사회과학대학정치외교학과인문30정치외교학과경제학과인문72경제학과행정학과인문52행정학과국제무역학과인문59국제무역학과응용통계학과인문40응용통계학과사회과학대학융합전공학부인문76사회과학대학융합전공학부경영대학경영학과인문146경영학과기술경영학과인문34기술경영학과부동산과학원부동산학과인문38부동산학과융합생명과학대학첨단바이오공학부자연45첨단바이오공학부줄기세포재생공학전공의생명공학전공첨단동물생명공학전공생명공학부자연52생명공학부시스템생명공학과융합생명공학과식품융합학부자연58식품융합학부식품공학전공식품유통경제전공환경생태과학부자연52환경생태과학부환경보건전공산림조경전공동물자원과학과자연37동물자원과학과생명과학과자연32생명과학과식량자원과학과자연30식량자원과학과융합생명과학대학자유전공학부자연79융합생명과학대학자유전공학부
건국대학교,서울,수의학과(5년)예술디자인대학커뮤니케이션디자인학과예체능39커뮤니케이션디자인학과산업디자인학과예체능34산업디자인학과의상디자인학과-인문계인문17의상디자인학과의상디자인학과-예체능계예체능17리빙디자인학과예체능45리빙디자인학과현대미술학과예체능32현대미술학과영상디자인학과예체능35영상디자인학과영화예술학과예체능25영화예술학과사범대학일어교육과인문22일어교육과수학교육과자연25수학교육과체육교육과예체능38체육교육과음악교육과예체능20음악교육과교육공학과인문25교육공학과영어교육과인문20영어교육과상허교양대학KU자유전공학부
건국대학교,서울,실적재외국민모집군수능학생부종합KU지역균형KU자기추천기회균형특수교육대상자KU논술연기실기체육특기재외국민전형KU일반실기기초생활및차상위농어촌학생특성화고교졸업자특성화고졸재직자문과대학국어국문학과인문329151856나11영어영문학과인문49103023나22중어중문학과인문3181623나11철학과인문2761513나11사학과인문2771413나11지리학과인문2741713나11미디어커뮤니케이션학과인문3361816나11문화콘텐츠학과인문2951813나11문과대학자유전공학부인문571514다2044이과대학수학과자연2757143나811물리학과자연4581317가1222화학과자연273814나911이과대학자유전공학부자연2411다13건축대학건축학부자연81820363가39221공과대학사회환경공학부
건국대학교,서울,모빌리티공학과자연483935가25111생물공학과자연4531527가15111산업공학과자연333823가1511산업경영융합학부인문165-165공과대학자유전공학부자연19510035다60사회과학대학정치외교학과인문333918411나13111경제학과인문7872337나32231행정학과인문5761425나25221국제무역학과인문6341427가32121응용통계학과인문4341323나18111사회과학대학융합전공학부
건국대학교,서울,실적재외국민모집군수능학생부종합KU지역균형KU자기추천기회균형특수교육대상자KU논술연기실기체육특기재외국민전형KU일반실기기초생활및차상위농어촌학생특성화고교졸업자특성화고졸재직자경영대학경영학과인문154154744157나65251기술경영학과인문3831024가15121부동산학과인문4141025나17111부동산과학원융합생명과학대학첨단바이오공학부자연543182310나1954생명공학부자연5461626나2211식품융합학부자연6532433나25331환경생태과학부자연6232033나23451동물자원과학과자연4131613나14121생명과학과자연3461424나611식량자원과학과자연3331023나12111융합생명과학대학자유전공학부자연7914다65수의과대학수의예과자연76524363가3116예술디자인대학커뮤니케이션디자인학과예체능397나39산업디자인학과예체능34다34의상디자인학과-인문계인문17나17의상디자인학과-예체능계예체능17나17리빙디자인학과예체능45나45현대미술학과예체능32가32영상디자인학과예체능35다35영화예술학과예체능251015-사범대학일어교육과인문22319-수학교육과자연25665가8체육교육과예체능3813나25음악교육과예체능20나20교육공학과인문2515나10영어교육과인문20610가4상허교양대학KU자유전공학부
건국대학교,서울,산업경영융합학부
건국대학교,서울,)-다군산업디자인학과영상디자인학과
건국대학교,서울,실기고사단과대학모집단위실기고사예술디자인대학커뮤니케이션디자인학과
건국대학교,서울,산업디자인학과의상디자인학과
건국대학교,서울,수시모집에서전체인원을선발하는모집단위의경우모집단위모집군영화예술학과
건국대학교,서울,모빌리티공학과공학생물공학과공학산업공학과공학공과대학자유전공학부
건국대학교,서울,-단과대학모집단위계열모집인원(정원외)사회과학대학정치외교학과인문사회경제학과인문사회행정학과인문사회국제무역학과인문사회응용통계학과인문사회사회과학대학융합전공학부인문사회경영학과인문사회경영대학부동산과학원기술경영학과인문사회부동산학과인문사회융합생명과학대학첨단바이오공학부공학생명공학부자연과학식품융합학부자연과학동물자원과학과자연과학환경생태과학부자연과학생명과학과자연과학식량자원과학과자연과학융합생명과학대학자유전공학부자연과학예술디자인대학커뮤니케이션디자인학과예체능산업디자인학과예체능의상디자인학과예체능리빙디자인학과예체능현대미술학과예체능영상디자인학과예체능영화예술학과예체능사범대학일어교육과인문사회수학교육과자연과학음악교육과예체능교육공학과인문사회영어교육과인문사회국제대학문화미디어학과인문사회AI디자인학과예체능국제통상비즈니스학과인문사회컴퓨터소프트웨어학과
건양대학교,충남,1865760550104의과학계열작업치료학과6126102032병원경영학과6352542안경광학과493874임상병리학과53326942방사선학과43261232치위생학과52351232물리치료학과50301442응급구조학과5121151032의료공과계열의공학과583610102의료IT공학과5240552의료공간디자인학과49251851제약생명공학과61401083의료신소재학과
건양대학교,충남,SW융합대학인공지능학과363231글로컬캠퍼스국방XR학부27216스마트팜학부343022기업소프트웨어학부3232스마트보안학과353041국방산학융합원유무인항공학과2820512재난안전소방학전공32302방위산업공학전공1313국방반도체공학과2525ND산업디자인학부3030국방바이오연구원국방산업경영학부35323임상의약바이오학과32302식품생명공학과20173글로벌의료뷰티학전공
건양대학교,충남,3012108스포츠의학전공2816102사회과학학술원심리상담치료학과
건양대학교,충남,37181432유아교육과2212811재활퍼스널트레이닝학과3030국방경찰행정학부4836552군사학과(남)2626군사학과(여)99사회복지학과
건양대학교,충남,심리상담치료학과는교직설치학과
건양대학교,충남,1515의과학계열작업치료학과55병원경영학과33안경광학과55임상병리학과66방사선학과66치위생학과33물리치료학과55응급구조학과55의료공과계열의공학과44의료IT공학과33의료공간디자인학과22제약생명공학과22의료신소재학과
건양대학교,충남,방위산업공학전공-국방반도체공학과
건양대학교,충남,ND산업디자인학부
건양대학교,충남,국방바이오연구원국방산업경영학부11임상의약바이오학과
건양대학교,충남,스포츠의학전공
건양대학교,충남,사회과학학술원심리상담치료학과
건양대학교,충남,재활퍼스널트레이닝학과
건양대학교,충남,사회복지학과
경국대학교_국립_,경북,기술교육학부기계교육전공(신설)기술교육전공공공수요인재대학동물생명공학과축산학과모빌리티디자인공학과산업색채공학과-성인학습자학부스포츠레저학전공글로컬상생학부스포츠레저학전공사회복지학전공사회복지학전공뷰티학전공뷰티학전공(신설)한문학전공(신설)융합생명과학전공(신설)융합공학전공(신설)한국어교육전공
경국대학교_국립_,경북,실적실기전형미술학전공6실기80+학생부20(교과80+출결20)체육학전공20실기60+학생부40(교과80+출결20)체육특기자전형체육학전공16실적70+학생부30(교과80+출결20)경기지도학과
경국대학교_국립_,경북,실적학생부종합학생부교과수능위주수능위주일반학생지역인재지역사회배려대상자기회균형선수출신자바른인재실기체육특기자장애인등대상자특성화고출신자사회배려대상자농어촌학생일반학생장애인등대상자특성화고출신자사회배려대상자농어촌학생학부(과)전공
경국대학교_국립_,경북,교8K-컬처학전공2IT융합공학부컴퓨터공학전공486---7---1-273소프트웨어융합전공7데이터과학전공2경영학부경영학전공567---7----2285회계세무학전공6무역학전공3관광경영학전공
경국대학교_국립_,경북,체육학부패션라이프스타일학전공293---6------84미술학전공
경국대학교_국립_,경북,입체조형)-----6-----체육학전공
경국대학교_국립_,경북,상담학부사회복지학전공337-4-11----2360심리상담학전공
경국대학교_국립_,경북,---가가가116산업색채공학과6소방방재학과7응급구조학과6경기지도학과-6안동글로컬상생학부사회복지학전공
경국대학교_국립_,경북,고등학교졸업자또는법령에의하여고등학교졸업(예정)과동등이상의학력을갖춘자로서만30세이상인자70스포츠레저학전공한문학전공융합생명과학전공융합공학전공한국어교육전공예천뷰티학전공
경국대학교_국립_,경북,20명체육학전공
경국대학교_국립_,경북,)감점및부적격처리체육학전공
경국대학교_국립_,경북,체육학전공
경국대학교_국립_,경북,맥주병체육학전공
경국대학교_국립_,경북,모집인원모집단위양궁육상탁구테니스체육학전공4444경기지도학과
경국대학교_국립_,경북,모집인원모집단위세부전공캠퍼스전형명모집인원글로컬상생학부스포츠레저학전공안동만학도전형70명사회복지학전공한문학전공융합생명과학전공융합공학전공한국어교육전공뷰티학전공
경국대학교_국립_,경북,02860100체육학전공
경기대학교,경기,스포츠과학부
경기대학교,경기,전형나60체육학과
경기대학교,경기,경호보안학과스포츠과학부
경기대학교,경기,전공교과성적우수자전형학교장추천전형농어촌학생전형기초생활수급자등선발전형특성화고졸업자전형KGU학생부종합전형SW우수자전형기회균형선발전형사회배려대상자전형특수교육대상자전형논술우수자전형예능실기우수자전형체육실기우수자전형체육특기자전형언어사회수리수원자유교양대학자유전공학부(수원)9392185인문대학인문학부1414국어국문학과362212429영어영문학과482213534사학과34210221문헌정보학과34210221글로벌어문학부독어독문전공프랑스어문전공일어일문전공중어중문전공러시아어문전공
경기대학교,경기,21214예술체육대학입체조형학과
경기대학교,경기,시각정보디자인전공산업디자인전공
경기대학교,경기,한국화전공서양화전공미술경영전공서예전공4125066체육학과
경기대학교,경기,10717스포츠과학부
경기대학교,경기,스포츠건강과학전공스포츠레저산업전공201838사회과학대학사회과학부2929법학과3622124231무역학과592213637공공안전학부범죄교정심리학전공경찰행정학전공
경기대학교,경기,청소년학과48221852445공공인재학부행정학전공정치외교학전공61232248257경제학부경제학전공응용통계학전공지식재산학전공9223234214297소프트웨어경영대학소프트웨어경영학부2020경영학부경영학전공회계세무학전공153433452232136산업경영공학과71532369274소프트웨어경영대학AI컴퓨터공학부
경기대학교,경기,소프트웨어경영학부
경기대학교,경기,전공교과성적우수자전형학교장추천전형농어촌학생전형기초생활수급자등선발전형특성화고졸업자전형KGU학생부종합전형SW우수자전형기회균형선발전형사회배려대상자전형특수교육대상자전형논술우수자전형예능실기우수자전형체육실기우수자전형체육특기자전형언어사회수리수원창의공과대학창의공학부3333건축학과(5년제)25213325사회에너지시스템공학과71642289268기계시스템공학과4922246249전자공학부
경기대학교,경기,교통공학전공492224647서울관광문화대학자유전공학부(서울)411354미디어영상학과36212427관광개발경영학과51032207249관광문화콘텐츠학과35210323호텔외식경영학부호텔경영전공
경기대학교,경기,55예술체육대학입체조형학과
경기대학교,경기,한국화전공서양화전공미술경영전공서예전공88체육학과
경기대학교,경기,1616스포츠과학부
경기대학교,경기,스포츠건강과학전공스포츠레저산업전공4444사회과학대학사회과학부5353법학과
경기대학교,경기,26공공안전학부범죄교정심리학전공경찰행정학전공
경기대학교,경기,청소년학과
경기대학교,경기,34소프트웨어경영대학소프트웨어경영학부3939경영학부경영학전공회계세무학전공
경기대학교,경기,87산업경영공학과
경기대학교,경기,20소프트웨어경영대학AI컴퓨터공학부
경기대학교,경기,13관광개발경영학과
경기대학교,경기,11호텔외식경영학부호텔경영전공
경기대학교,경기,전형방법구분실기학생부(교과)합계체육학과
경기대학교,경기,(100점)스포츠과학부
경기대학교,경기,학부)실기내용체육학과20m왕복달리기+제자리멀리뛰기경호보안학과
경기대학교,경기,예술체육대학(디자인비즈학부
경기대학교,경기,(100점)예술체육대학(체육학과
경기대학교,경기,학부)실기내용체육학과20m왕복달리기+제자리멀리뛰기경호보안학과스포츠과학부
경기대학교,경기,실적(일반학생전형)수능(일반학생I전형)예술체육대학관광문화대학실기고사진행학과
경기대학교,경기,체육학과
경남대학교,경남,실적학생부교과일반지역인재일반면접체육교육과군사학과기회균형평생학습자일반예체능체육특기자농어촌학생특성화고교졸업자기초생활수급자성인학습자인문사회인문사회디지털공연영상학과RISE3018751사회복지학과RISE5530191511심리학과교직RISE402015511예능문화유산복원예술학과
경남대학교,경남,디자인학과RISE301020121건강보건자연과학제약공학과RISE20137식품영양학과RISE교직301785스포츠과학부스포츠재활학전공취업연계RISE4020141533스포츠과학부스포츠지도학전공취업연계RISE5050간호학과간호RISE165686610120424물리치료학과RISE46191611044작업치료학과RISE402313511보건의료정보학과보건RISE251375응급구조학과RISE251311122외식조리학과취업연계RISE2515551사범인문사회교육학과
경남대학교,경남,RISE301610421수학교육과RISE372410321예체능미술교육과RISE371032221음악교육과RISE371631621체육교육과RISE684531055경영인문사회무역물류학과취업연계RISE251573경영학부-경영학전공-회계학전공취업연계RISE교직교직957021511여행항공관광학과취업연계RISE402610411디지털마케팅학과취업연계RISE251573공공인재인문사회법학과교직RISE301884행정학과교직RISE301884경찰학부-경찰학전공-정치외교학전공RISE75333211053미디어영상학과RISE30141015121경호보안학과RISE4520148311군사학과
경남대학교,경남,스포츠과학부스포츠지도학전공
경남대학교,경남,실적학생부교과일반지역인재일반면접체육교육과군사학과기회균형평생학습자일반예체능체육특기자농어촌학생특성화고교졸업자기초생활수급자성인학습자공과공학기계공학부-기계로봇모빌리티공학전공-기계시스템디자인공학전공KAI취업연계초거대AI교직교직RISE반도체6035223111기계공학부스마트기계융합공학전공KAI스마트취업연계RISE반도체302010전기공학과교직취업연계RISE반도체4025123111건축학부-건축학전공(5년제)-건축공학전공취업연계건축인증RISE5535165소방안전공학과
경남대학교,경남,SW융합공학컴퓨터공학부-컴퓨터공학전공-소프트웨어전공-컴퓨터보안전공취업연계SWRISE교직교직초거대AI11077305111인공지능학과SW취업연계RISE20137미래자동차학과SWRISE20137게임학과게임SWRISE3520105창의융합-자유전공학부RISE6940201811미래라이프인문사회평생교육상담보육학과RISE5515로컬크리에이터학과RISE5515여가라이프비즈니스학과RISE5515비즈니스컨설팅학과RISE5515자연과학토털뷰티디자인학과
경남대학교,경남,체육교육과전형국내고등학교졸업(예정)자로서2028학년도대학수학능력시험에응시한자로서만23세이하인자체육교육과군사학과
경남대학교,경남,실적(체육특기자전형)체육교육과면접고사2인이상의평가위원이평가요소별로평가함(전공
경동대학교,강원,실적(일반학생)체육학과
경동대학교,강원,격파)체육학과
경동대학교,강원,한부모가족지원대상자)수시이월시모집-2-q전형유형별모집인원(대학의정원조정결과에따라추후변경될수있음)캠퍼스학과입학정원모집인원수시모집정시모집정원내정원외정원내자기추천일반학생지역인재태권도특기자농어촌학생특성화고교졸업자기초생활차상위계층한부모일반학생(가군)일반학생(나군)일반학생(다군)메트로폴캠퍼스(경기도양주)유아교육과707069캠퍼스구분없이모든학과통합선발캠퍼스구분없이모든학과통합선발캠퍼스구분없이모든학과통합선발1경찰학과4040391행정학과3030291경영학과3535341보건행정학과3030291사회복지학과3030291호텔관광경영학과3030291항공서비스학과30307221외식사업학과2525241호텔조리학과4545441컴퓨터공학과6262611소프트웨어융합보안학과4040391건축공학과3030291건설시스템공학과3030291건축디자인학과3030291디자인학과3030291스포츠마케팅학과5050491체육학과505037121군사학과2626251국제융합학부
경동대학교,강원,기타법령에의하여고등학교졸업자와동등한학력이있다고인정되는사람으로서지원하고자하는학과에재능과열정이있다고본인이스스로판단하는사람수시태권도특기자2028년2월고등학교졸업예정인사람또는졸업한사람중본대학의체육학과
경동대학교,강원,)총점전형요소반영비율학생부수능면접실기서류서류내용반영비율최고점최저점반영비율최고점최저점반영비율최고점최저점반영비율최고점최저점반영비율최고점최저점수시일반학생모든학과(체육학과제외)일괄합산10010001001000940일반학생체육학과
경동대학교,강원,비고학년공통공통비율교과성적출결상황수시일반학생모든학과(체육학과
경동대학교,강원,88)일반학생체육학과
경동대학교,강원,q실기고사모집시기전형명모집학과유형및과제출제형식비고수시일반학생체육학과
경동대학교,강원,전형명전형자료반영방법수시체육학과
경북대학교,대구,체육학부(체육학전공
경북대학교,대구,실적(예체능)특기자(체육)학생부교과학생부종합논술(AAT)교과우수자지역인재지역인재기초생활수급자등대상자사회통합일반학생지역인재지역의사선발지역인재추천사회배려자AI특별고졸재직자영농창업인재특성화고졸업자농어촌학생기초생활수급자등대상자특성화고졸재직자모바일과학인재장애인등대상자인문대학(인문)국어국문학과245175512영어영문학과4710122121631사학과3492107321철학과19615511불어불문학과215110311독어독문학과24911841중어중문학과1851831고고인류학과1881441일어일문학과217216131한문학과19616141노어노문학과253114331인문대학자율학부157521사회과학대학(인문)정치외교학과207173112사회학과23721931지리학과2389141문헌정보학과2381941심리학과21621741사회복지학부4298112642학과2061841사회과학대학자율학부1463311자연과학대학(자연)수학과28431521032물리학과4582111410화학과307195611생물학과2686210생명공학부68201221816통계학과307716711지구시스템과학부66161241654자연과학대학자율학부
경북대학교,대구,실적(예체능)특기자(체육)학생부교과학생부종합논술(AAT)교과우수자지역인재지역인재기초생활수급자등대상자사회통합일반학생지역인재지역의사선발지역인재추천사회배려자AI특별고졸재직자영농창업인재특성화고졸업자농어촌학생기초생활수급자등대상자특성화고졸재직자모바일과학인재장애인등대상자경상대학(인문)경제통상학부98221522292181612경영학부13038233279218262경상대학자율학부31117751공과대학(자연)금속재료공학과4398210101212신소재공학과44151881011기계공학부10317103442531건축학부(건축학전공)4)3044164911건축학부(건축공학전공)31441748111토목공학과428101910121응용화학공학부60176217617121고분자공학과328167163섬유시스템공학과317614103환경공학과28662662에너지공학부4918116122공과대학자율학부2813861IT대학(자연)전자공학부2415435550302501232전자공학부(인공지능전공)58121231251031컴퓨터학부(인공지능컴퓨팅전공)387628771컴퓨터학부(심화컴퓨팅전공)8418123171321531컴퓨터학부(첨단컴퓨팅연구전공)5)2685751전기공학과461011171331전자공학부모바일공학전공6)20515IT대학자율학부2364751IT첨단자율학부49141113101농업생명과학대학(자연)응용생명과학부4213717541312식물의학과2366143111식품공학부
경북대학교,대구,실적(예체능)특기자(체육)학생부교과학생부종합논술(AAT)교과우수자지역인재지역인재기초생활수급자등대상자사회통합일반학생지역인재지역의사선발지역인재추천사회배려자AI특별고졸재직자영농창업인재특성화고졸업자농어촌학생기초생활수급자등대상자특성화고졸재직자모바일과학인재장애인등대상자원예과학과245511012바이오섬유소재학과211213311농업토목공학과2174131311스마트생물산업기계공학과26106131311(인문)식품자원경제학과259193111(자연)농산업학과30525농업생명과학대학자율학부291354331예술대학(예능)음악학과5353국악학과2424미술학과4040디자인학과1515사범대학(인문)교육학과101811국어교육과277519221영어교육과241011111유럽어교육학부(독어교육전공
경북대학교,대구,실적(예체능)특기자(체육)학생부교과학생부종합논술(AAT)교과우수자지역인재지역인재기초생활수급자등대상자사회통합일반학생지역인재지역의사선발지역인재추천사회배려자AI특별고졸재직자영농창업인재특성화고졸업자농어촌학생기초생활수급자등대상자특성화고졸재직자모바일과학인재장애인등대상자수의과대학(자연)수의예과47101410103생활과학대학(자연)아동학부32104194311의류학과169511식품영양학과179161간호대학(자연)간호학과91152631224155약학대학(자연)약학과3081183첨단기술융합대학(자연)첨단기술융합대학자율학부112232322414164첨단기술융합대학자율학부270181814893행정학부(인문)4891111445211자율전공학부
경북대학교,대구,특수동물학과2118111(인문)관광학과222011(체능)체육학부(체육학전공)2726181체육학부(건강운동관리전공)2710791과학기술대학(자연)건설방재공학과2920511111환경안전공학과29215111정밀기계공학과362471121자동차공학과433091111소프트웨어학과1865151나노신소재공학과302061111에너지화학공학과
경북대학교,대구,실적(예체능)특기자(체육)학생부교과학생부종합논술(AAT)교과우수자지역인재지역인재기초생활수급자등대상자사회통합일반학생지역인재지역의사선발지역인재추천사회배려자AI특별고졸재직자영농창업인재특성화고졸업자농어촌학생기초생활수급자등대상자특성화고졸재직자모바일과학인재장애인등대상자식품외식산업학과4233414섬유패션디자인학부(섬유공학전공)2219111위치정보시스템학과2421111스마트플랜트공학과232111치위생학과24133611(예능)섬유패션디자인학부(패션디자인전공)4138111자율미래인재학부(자연)자율미래인재학부
경북대학교,대구,조경학부1365원예과학과1034바이오섬유소재학과627농업토목공학과627스마트생물산업기계공학과733(인문)식품자원경제학과530(자연)농산업학과30농업생명과학대학자율학부938-11-(계열)모집단위가군나군총모집인원(수시+정시)일반지역인재지역의사선발일반(예능)음악학과356국악학과24미술학과40디자인학과520사범대학(인문)교육학과313국어교육과1037영어교육과630유럽어교육학부(독어교육전공
경북대학교,대구,특수동물학과324(인문)관광학과325(체능)체육학부(체육학전공)330체육학부(건강운동관리전공)27과학기술대학(자연)건설방재공학과534환경안전공학과433정밀기계공학과541자동차공학과649소프트웨어학과927나노신소재공학과434에너지화학공학과434식품외식산업학과648섬유패션디자인학부(섬유공학전공)426위치정보시스템학과428스마트플랜트공학과326치위생학과529(예능)(패션디자인전공)41자율미래인재학부
경북대학교,대구,예술대학은전공
경북대학교,대구,)미술학과체육학부(체육학전공
경북대학교,대구,농구레이업슛체육학부
경북대학교,대구,사정단계별선발인원및전형요소별배점모집단위사정단계선발인원전형요소별배점(반영비율)수능교과실기고사합계일반학과미술학과체육학부(건강운동관리전공
경북대학교,대구,체육학부(건강운동관리전공
경북대학교,대구,체육교육과-본인취득표준점수합예능계열음악학과
경북대학교,대구,500체육학부(체육학전공
경북대학교,대구,500체육학부(건강운동관리전공
경북대학교,대구,농구레이업슛섬유패션디자인학부(패션디자인전공)기초디자인체육학부
경상국립대학교,경남,실적특기자전형본부대학스포츠헬스케어학과
경상국립대학교,경남,-(스포츠헬스케어학과
경상국립대학교,경남,실적(특기자전형)20-(민속예술무용학과
경상국립대학교,경남,스포츠헬스케어학과
경상국립대학교,경남,)스포츠헬스케어학과
경상국립대학교,경남,한국사응시필수(등급반영않음)단과대학모집단위적용기준일반지역기초특성화본부대학스포츠헬스케어학과미적용미적용미적용인문대학전모집단위미적용사회과학대학사회학과
경상국립대학교,경남,아동가족학과미적용사회복지학부
경상국립대학교,경남,경제학부2합10심리학과
경상국립대학교,경남,제약공학과2합10경영대학전모집단위2합10공과대학건축공학부
경상국립대학교,경남,산업시스템공학부
경상국립대학교,경남,여-배구스포츠헬스케어학과
경상국립대학교,경남,민속예술무용학과
경상국립대학교,경남,)민속예술무용학과
경상국립대학교,경남,)-스포츠헬스케어학과
경상국립대학교,경남,한국사응시필수(등급반영않음)단과대학모집단위적용기준사범대학음악교육과미적용미술교육과2합10본부대학스포츠헬스케어학과미적용인문대학민속예술무용학과
경상국립대학교,경남,500점총600점스포츠헬스케어학과
경상국립대학교,경남,심리학과
경상국립대학교,경남,300294288282276270264258252-17-나)반영영역및반영배점계열모집단위총점수능영역별반영비율국어영어수학사회과학직업인문계열광역계열전모집단위1000점300점200점200점200점100점200점자연계열전모집단위1000점200점200점300점100점200점200점예체능계열스포츠헬스케어학과민속예술무용학과디자인비즈니스학과
경상국립대학교,경남,본부대스포츠헬스케어학과
경상국립대학교,경남,인문대민속예술무용학과
경상국립대학교,경남,경영대산업경영학과
경상국립대학교,경남,군평생재직자지역지역의사지역기초일반지역일반일반본부대학예체능스포츠헬스케어학과
경상국립대학교,경남,0소계303002200008000000000300000000인문대학인문국어국문학과44422122178114133인문독어독문학과3129216154112833인문러시아학과33312132541112766인문불어불문학과3230215155112844인문사학과3836210210312281010인문영어영문학부영어영문학전공494631622108214188인문영어영문학부영어전공363511429413066인문중어중문학과393811626513099인문철학과3231111155112488인문한문학과3230214255112844예체능민속예술무용학과
경상국립대학교,경남,0소계383365181374150012820510012126322006106100사회과학대학인문경제학부656142062271312531212인문사회복지학부545041831271314599인문사회학과34322111931112777인문심리학과3331212272231010인문정치외교학과3230210212222844인문행정학과403911222651281212인문아동가족학과34322222322955인문미디어커뮤니케이션학과
경상국립대학교,경남,0자연항노화신소재과학과3030018152466자연제약공학과30291152512377소계4103911916911150208354012161354005605600경영대학인문경영학부108971130354141561783030인문경영정보학과44386102289313599인문국제통상학과9689730522101741712525인문회계세무학부
경상국립대학교,경남,세무학전공)10610063042231831812525인문산업경영학과
경상국립대학교,경남,군평생재직자지역지역의사지역기초일반지역일반일반자연산업시스템공학부(산업공학전공
경상국립대학교,경남,산업정보공학전공)696632032117912551414자연건축학과56515157321033431313자연화학공학과4240215216913488자연기계융합공학과303001525412733자연미래자동차공학과42384152226523488자연에너지공학과32293142213322755소계62659531191302501001198601321048600140014000건설환경공과대학자연건설시스템공학과3837114213213266자연환경공학과3937217218213188자연인테리어재료공학과343311428212777자연조경학과38380242223088예체능디자인비즈니스학과28280132102533소계17717348201001041800030145000323200IT공과대학자연컴퓨터공학부(컴퓨터학전공
경상국립대학교,경남,산림융복합학전공)7670633322664562020자연환경재료과학과333031126532766자연농학과3128312114422477자연스마트농산업학과323021821412666자연원예과학부7063740734541616자연식품공학부555052732263431212자연환경생명화학과302821016322288자연식물의학과3028210154122377자연동물생명융합학부67634276211083571010자연축산과학부645952351110104541010자연생물산업기계공학과3431311215622777자연지역시스템공학과3431312115522688소계5925444824824190140696001034046900123012300법과대학인문법학부(법학전공
경상국립대학교,경남,군평생재직자지역지역의사지역기초일반지역일반일반해양과학대학인문해양수산경영학과
경상국립대학교,경남,0자연미래산업융합학과
경상국립대학교,경남,산업경영학과
경상국립대학교,경남,미래산업융합학과
경상국립대학교,경남,(총100점)민속예술무용학과
경성대학교,부산,사진1090체육특기자15스포츠201070수시(정원외)학생부교과특성화고동일계41특성화고동일계지정학과100농어촌50전모집단위(일부학과제외)저소득층61전모집단위(일부학과
경성대학교,부산,모집단위별모집인원학부(과)모집정원수시정시총합계정원내정원외정원내일반계고교과지역인재지역인재(저소득층)특성화고교과사회배려대상자학교생활우수자실기특별특기자특성화고동일계농어촌저소득층가나다일반일반실기특별일반실기특별인문문화학부10035296322225104글로컬문화학부903327622022294영어영문학과71302552700271중국학과603520300260문헌정보학과4516141222349유아교육과30109811332윤리교육과14444214심리학과4517141112348법학과5021172822254경찰행정학과50181512222556미디어커뮤니케이션학과40141210212445광고홍보학과47171412212452사회복지학과6021181532665소계7022712180171214100617192514040744경제금융물류학부853428629222691호텔관광외식경영학부(호텔관광경영학전공)4115139312447호텔관광외식경영학부(외식서비스경영학전공)40121059312446경영학과1304839722244412142국제무역통상학과8029246213202684회계학과8029246213202684빅데이터응용통계학과352210200135소계491189148030107500168146210120529기계자동차공학과4017175111143메카트로닉스공학과3520112000235환경공학과35141252000235토목공학과35141252000235도시계획학과39171352000239건축학과3512101011337실내건축학과3011925111333산업경영공학과35151342000135전기공학과401511525100241전자공학과3925102000239컴퓨터공학과50191612212355소프트웨어학과4522138211249-4-학부(과)모집정원수시정시총합계정원내정원외정원내일반계고교과지역인재지역인재(저소득층)특성화고교과사회배려대상자학교생활우수자실기특별특기자특성화고동일계농어촌저소득층가나다일반일반실기특별일반실기특별정보통신공학과3520122000135화학공학과3414125200134신소재에너지공학과41181452000241소계5682531850362045007561210070586약학과5081825441758소계5081820050004401700058음악학과3633336시각디자인학과353011537산업디자인학과353011537연극영화학부(연극전공)373011739연극영화학부(영화전공)35102211337연극영화학부(뮤지컬전공)15411015영상애니메이션학부6010810252222566미디어콘텐츠학과40151110211444스포츠건강학과555301532560현대미술학과3430434공예디자인학과65491665사진학과3055515030패션디자인학과551815415222361소계532623904045305158101101222028561간호학과712621212111073물리치료학과30108812433식품생명공학과40161435100241식품영양학과45161359111248동물보건생명과학과301081021233화장품학과3519715112339스마트바이오학과30131132000130제약공학과33141026000133소계31412492212455003671510000330MEGA학부601818183360AI미디어학과30119225100131AI수리학과
경성대학교,부산,스포츠건강학과
경성대학교,부산,현대미술학과학부(과)유형및과제화지시간배점출제형식시각디자인학과산업디자인학과
경성대학교,부산,심리학과
경성대학교,부산,사회복지학과
경성대학교,부산,호텔관광외식경영학부호텔관광경영학전공
경성대학교,부산,외식서비스경영학전공
경성대학교,부산,경영학과
경성대학교,부산,산업경영공학과
경성대학교,부산,예술종합대학예체능음악학부
경성대학교,부산,산업디자인학과
경성대학교,부산,글로벌칼리지인문사회글로벌학부글로벌경영전공
경성대학교,부산,글로벌Hospitality경영전공
경운대학교,경북,2028학년도모집단위와모집인원구분모집단위수시모집정시모집계학생부교과학생부종합실기위주가군나군다군교과1교과2지역교과기회균형1평생학습자창의인재지역인재종합실기포트폴리오체육실적일반1일반1일반1항공산업대학항공운항학과53055+45항공정비학부
경운대학교,경북,전기전자전공항공산업대학통합803010101510이월155무인항공기학부
경운대학교,경북,항공물류전공항공서비스학과5255이월35첨단산업대학소프트웨어학부
경운대학교,경북,사이버보안전공3641010이월60반도체학과2010이월30간호대학간호학과556040505+210보건대학물리치료학과31251010이월76작업치료학과25105이월40치위생학과3878이월53임상병리학과30155이월50사회안전대학군사학과1020이월30경찰학과2352이월30상담심리사회복지학부
경운대학교,경북,상담심리치료전공
경운대학교,경북,사회복지전공2352이월30재난안전학과155이월20웹툰애니메이션디자인학과101010이월30스포츠지도학과15520이월40항공보안경호학부
경운대학교,경북,경호무도전공103040이월80G커리어대학휴먼케어서비스학과
경운대학교,경북,353530이월100제조ICT융합학과서비스경영학과ESG탄소중립학과항공엔지니어링학과
경운대학교,경북,정원외모집인원구분모집단위수시모집전형기간자율모집정시모집학생부교과성인학습자특성화고교졸재직자부모모두외국인인외국인수능위주농어촌학생기회균형2특성화고교졸업자농어촌학생기회균형2특성화고교졸업자항공산업대학항공운항학과항공정비학부
경운대학교,경북,수시이월수시이월첨단산업대학소프트웨어학부
경운대학교,경북,수시이월수시이월상담심리사회복지학부
경운대학교,경북,사회복지전공
경운대학교,경북,수시이월수시이월스포츠지도학과
경운대학교,경북,경호무도전공
경운대학교,경북,제조ICT융합학과서비스경영학과ESG탄소중립학과항공엔지니어링학과
경일대학교,경북,정밀묘사중택1스포츠복지학과
경일대학교,경북,메디신볼던지기태권도학과
경일대학교,경북,글로컬산업기술학과
경일대학교,경북,콘텐츠대학사진영상학부12510151540405만화애니메이션학부1501693105107게임콘텐츠학과
경일대학교,경북,스포츠대학스포츠재활의학과
경일대학교,경북,스포츠과학부스포츠지도학과
경일대학교,경북,(통합)스포츠융합학과1213스포츠복지학과401013125축구학과
경일대학교,경북,태권도학과
경일대학교,경북,스포츠산업학과주짓수전공피트니스전공
경일대학교,경북,간호대학간호학과160351845542-121215라이프대학응급구조학과4415411210-222사회복지학과
경일대학교,경북,스마트경영공학과
경일대학교,경북,방위산업시스템학과
경일대학교,경북,글로컬산업기술학과-25(정원외)글로벌대학글로벌비즈니스학과1515글로벌기술융합학과한국어학과미래융합대학부동산재테크학과
경일대학교,경북,사회복지경영학과평생교육학과평생교육전공재활심리치료전공지역특화산업학부원자력학과
경일대학교,경북,스포츠복지학과
경일대학교,경북,50명모집단위모집인원면접고사스마트팩토리공학부스마트팩토리융합학과15명있음스마트경영공학과
경일대학교,경북,에너지공학부스마트전력인프라학과15명에너지솔루션학과스마트푸드테크학과10명방위산업시스템학과
경일대학교,경북,부동산재테크학과150명있음사회복지경영학과평생교육학과(평생교육전공
경일대학교,경북,재활심리치료전공)지역특화산업학부(원자력학과
경일대학교,경북,209명모집단위모집인원실기고사사진영상학부40명있음만화애니메이션학부105명게임콘텐츠학과12명시각디자인학과7명스포츠재활의학과17명스포츠복지학과12명태권도학과10명스포츠산업학과
경일대학교,경북,칸만화-흑백선택시컬러표현불가(주제는문제은행식으로사전홈페이지게시)게임콘텐츠학과
경일대학교,경북,게임포스터중택1(주제는문제은행식으로사전홈페이지게시)시각디자인학과
경일대학교,경북,정밀묘사중택1(주제는문제은행식으로사전홈페이지게시)스포츠재활의학과
경일대학교,경북,메디신볼던지기스포츠복지학과
경일대학교,경북,시범중택1스포츠산업학과
경일대학교,경북,78명모집단위모집인원실기고사사진영상학부40명있음만화애니메이션학부10명게임콘텐츠학과18명뷰티스타일학과
경일대학교,경북,당일지참)게임콘텐츠학과
경일대학교,경북,58명모집단위모집인원스포츠과학부스포츠지도학과15명스포츠융합학과13명축구학과15명태권도학과7명스포츠산업학과
경일대학교,경북,고등학교졸업(예정)자또는법령에의하여이와동등이상의자격이있다고인정된자모집단위지원자격스포츠과학부스포츠지도학과-대한체육회회원종목단체에선수로등록한자-단체종목의경우해당대회출전기록이있는자스포츠융합학과축구학과
경일대학교,경북,이상출전한자태권도학과
경일대학교,경북,시도규모대회에서수상경력이있는자-태권도1단및1품이상인자스포츠산업학과
경일대학교,경북,전형방법모집단위전형단계학교생활기록부경기실적총점교과출결스포츠과학부스포츠지도학과
경일대학교,경북,)스포츠융합학과축구학과태권도학과스포츠산업학과
경일대학교,경북,부동산재테크학과20명있음사회복지경영학과평생교육학과(평생교육전공
경일대학교,경북,부동산재테크학과63명있음사회복지경영학과평생교육학과(평생교육전공
경일대학교,경북,90명모집단위모집인원면접고사스마트팩토리공학부스마트팩토리융합학과30명있음스마트경영공학과
경일대학교,경북,에너지공학부스마트전력인프라학과30명에너지솔루션학과스마트푸드테크학과15명방위산업시스템학과
경일대학교,경북,모집인원모집단위모집인원면접고사스마트팩토리공학부스마트팩토리융합학과수시이월시있음스마트경영공학과
경일대학교,경북,에너지공학부스마트전력인프라학과에너지솔루션학과스마트푸드테크학과방위산업시스템학과
경일대학교,경북,부동산재테크학과수시이월시있음사회복지경영학과평생교육학과(평생교육전공
경일대학교,경북,모집인원및전형일정모집군모집단위모집인원실기고사나군사진영상학부5명있음다군만화애니메이션학부7명스포츠복지학과
경일대학교,경북,칸만화-흑백선택시컬러표현불가(주제는문제은행식으로사전홈페이지게시)스포츠복지학과
경일대학교,경북,모집인원모집단위모집인원전형방법면접고사스마트팩토리공학부스마트팩토리융합학과수시이월시단계별전형있음스마트경영공학과
경일대학교,경북,에너지공학부스마트전력인프라학과에너지솔루션학과스마트푸드테크학과방위산업시스템학과글로컬산업기술학과
경일대학교,경북,고사세부일정및장소는원서접수마감후본교홈페이지에별도공지2)일괄합산모집단위전형단계서류면접고사총점글로컬산업기술학과
경일대학교,경북,게임콘텐츠학과
경일대학교,경북,스포츠융합학과스포츠복지학과
경일대학교,경북,사회복지학과
계명대학교,대구,패션마케팅학과
계명대학교,대구,실버스포츠복지학과
계명대학교,대구,스포츠마케팅학과
계명대학교,대구,과학교과중상위3개교과전과목예체능계열(패션마케팅학과
계명대학교,대구,경영대학융합비즈니스학과60명모집(2027학년도부터신설)-성인학습자전담학과
계명대학교,대구,가산예체능계열(패션마케팅학과
계명대학교,대구,체육대학사회체육학과
계명대학교,대구,55한국어교육과30642952644영어영문학과교직7217147312926488독일유럽학과408652963644중국어중국학과교직69129631612226277일본어일본학과교직841816731612227688러시아중앙아시아학과30542962644스페인어중남미학과378629623344사학과교직4285529623755기독교학과2064441822철학과2044641822문예창작학과42410213623755사범대학교육학과교직1666011333한문교육과교직1666011333유아교육과교직22746021933영어교육과교직22746021933국어교육과교직22746021933경영대학경영학과
계명대학교,대구,1111관광경영학과751613631410326788경영정보학과499752107224455경영빅데이터학과42655210723755회계세무학과108262074201344981010융합비즈니스학과
계명대학교,대구,1212국제통상학과14538311242518321331212행정학과83181583161237588정치외교학과4276529623755언론영상학과761613103128426888광고홍보학과561197386425066사회학과4267529623755심리학과교직6410973141045777문헌정보학과교직531410528534766사회복지학과6410773141145688법학과8318138316123731010경찰행정학과741510731484611313KeimyungAdamsCollege국제경영학과(IB)KeimyungAdamsCollege40858953555국제관계학과
계명대학교,대구,77전자공학과651111531310325877전기공학과661011531310335888컴퓨터공학과교직871913831612437899게임소프트웨어학과445352128223955디지펜게임공학과30437842644교통공학과
계명대학교,대구,55도시계획학과44117296223955생태조경학과44117296223955기계공학과12829221242417441161212자동차공학과5412852117224955화학공학과841815821612227599신소재공학과44108296223955로봇공학과5412852117224955산업공학과4210829623755의용공학과5413105296224955환경공학과44108296223955의과대학의예과1007216277201383123217간호대학간호학과교직15812254152624411045348약학대학약학부
계명대학교,대구,수시에서만모집함체육학과
계명대학교,대구,육상(800M이상제외)사회체육학과
계명대학교,대구,카누태권도학과
계명대학교,대구,42333023844패션마케팅학과
계명대학교,대구,52153024755웹툰과4343233944체육대학체육학과
계명대학교,대구,교직6310311335766사회체육학과
계명대학교,대구,635262335766실버스포츠복지학과
계명대학교,대구,55태권도학과
계명대학교,대구,6041145555스포츠마케팅학과
계명대학교,대구,32475210492205362540이부대학경영학과
계명대학교,대구,경영학과
계명대학교,대구,디지펜게임공학과
계명대학교,대구,고등학교졸업(예정)자또는법령에의하여이와동등학력이있다고인정된자로서다음의분야별자격기준을충족하는자학과모집분야지원자격체육학과
계명대학교,대구,육상은중장거리(800M이상)를제외한전종목(경보포함)지원가능사회체육학과
계명대학교,대구,빙상(피겨)은A조또는B조에서8위(8강)이내에입상한자태권도학과
계명대학교,대구,전형요소및반영비율모집구분전형명모집단위모집인원전형요소및반영비율수시학생부교과(공무원전형)경영학과
계명대학교,대구,학과영역별반영비율가산점여부국어수학영어1)탐구한국사2)사회과학직업과목수예체능계열(패션마케팅학과
계명대학교,대구,스포츠마케팅학과자연공학계열자율전공
계명대학교,대구,미술대학(패션마케팅학과
계명대학교,대구,체육대학(실버스포츠복지학과
계명대학교,대구,체육대학실기고사학과
계명대학교,대구,)체육학과
계명대학교,대구,사회체육학과
계명대학교,대구,제자리멀리뛰기50태권도학과
계명대학교,대구,경영학과(야)해당학과
계명대학교,대구,경영대학경영학과
계명대학교,대구,관광경영학과
계명대학교,대구,경영정보학과
계명대학교,대구,경영빅데이터학과
계명대학교,대구,심리학과
계명대학교,대구,사회복지학과
계명대학교,대구,KeimyungAdamsCollegeKeimyungAdamsCollegeIB(국제경영학과
계명대학교,대구,게임소프트웨어학과
계명대학교,대구,산업공학과
계명대학교,대구,체육대학체육학과
계명대학교,대구,태권도학과
계명대학교,대구,디지펜게임공학과외국인은9월입학생만모집함-간호학과
계명대학교,대구,전형방법전형명모집단위전형방법및전형요소평가방법재외국민특별전형글로벌전형인문사회계열및자연공학계열(패션마케팅학과
계명대학교,대구,위와동일예체능계열(패션마케팅학과
고려대학교,서울,실적학교추천전형학업우수전형계열적합전형고른기회전형다문화전형재직자전형사이버국방전형논술전형특기자전형경영대학인문경영학과320536239164--31-문과대학인문국어국문학과5491063---5-인문철학과407852---4-인문한국사학과244531---2-인문사학과437852---4-인문사회학과74121494---7-인문한문학과244531---2-인문영어영문학과10017191251--9-인문독어독문학과356742---3-인문불어불문학과386752---3-인문중어중문학과5181063---5-인문노어노문학과356742---3-인문일어일문학과417852---4-인문서어서문학과468962---4-인문언어학과285631---2-생명과학대학자연생명과학부
고려대학교,서울,-12-자연산업경영공학부
고려대학교,서울,-5-심리학부인문심리학부366742---3-스마트모빌리티학부자연스마트모빌리티학부50-1020------학부대학자연학부
고려대학교,서울,정시모집모집인원대학(학부)계열모집단위입학정원모집인원수능일반전형교과우수전형농어촌전형사회배려전형특수교육전형특성화고전형최대선발가능인원경영대학인문경영학과3207937121212문과대학인문국어국문학과541382212인문철학과401041112인문한국사학과24631112인문사학과431161112인문사회학과7418102212인문한문학과24631112인문영어영문학과10025124412인문독어독문학과35941112인문불어불문학과38961112인문중어중문학과511272212인문노어노문학과35941112인문일어일문학과411051112인문서어서문학과461161112인문언어학과28741112생명과학대학자연생명과학부9523123312자연생명공학부10526124412자연식품공학과441161112자연환경생태공학부6716102212인문식품자원경제학과531372212정경대학인문정치외교학과7418102212인문경제학과12831165512인문통계학과8220103312인문행정학과731892212이과대학자연수학과491271112자연물리학과491271112자연화학과441161112자연지구환경과학과
고려대학교,서울,651611----자연화공생명공학과8020103312자연신소재공학부12029144412자연건축사회환경공학부8621113312자연건축학과401041112자연기계공학부12631135512자연산업경영공학부471261112자연전기전자공학부20551218812자연반도체공학과4012-----자연융합에너지공학과30731112자연차세대통신학과3010-----의과대학자연의학과106261332--사범대학인문교육학과
고려대학교,서울,95241033--스마트보안학부자연사이버국방학과3020-----자연스마트보안학부501262212심리학부인문심리학부36951112스마트모빌리티학부자연스마트모빌리티학부5020-----학부대학자연학부
고려대학교,서울,특별전형모집인원대학(학부)계열모집단위재외국민(3년)-최대선발가능인원북한이탈주민전교육과정해외이수자(12년)전기후기경영대학인문경영학과
고려대학교,서울,자연산업경영공학부
고려대학교,서울,심리학부자연심리학부
고려대학교,서울,간호학과200200160인문전체모집단위200200160체능체육교육과200200160예능디자인조형학부
고려대학교,서울,학부계열모집단위모집인원경영인문경영대학제한없음의과자연의과대학제한없음문과인문국어국문학과사범인문교육학과철학과국어교육과한국사학과영어교육과사학과지리교육과사회학과역사교육과한문학과자연가정교육과영어영문학과수학교육과독어독문학과체능체육교육과불어불문학과간호자연간호대학중어중문학과정보자연컴퓨터학과노어노문학과데이터과학과일어일문학과인공지능학과서어서문학과디자인조형예능디자인조형학부언어학과국제인문국제학부(영어트랙)생명과학자연생명과학부글로벌한국융합학부생명공학부인문자연글로벌자율학부식품공학과미디어인문미디어학부환경생태공학부글로벌엔터테인먼트학부인문식품자원경제학과보건과학자연바이오의공학부정경인문정치외교학과바이오시스템의과학부경제학과보건환경융합과학부통계학과인문보건정책관리학부행정학과자유전공인문자연자유전공학부이과자연수학과스마트보안자연스마트보안학부물리학과심리인문심리학부화학과학부인문자연학부대학지구환경과학과공과자연화공생명공학과신소재공학부건축사회환경공학부건축학과(5년과정)기계공학부산업경영공학부전기전자공학부융합에너지공학과
고신대학교,부산,지역의사선발일반농어촌사회배려자농어촌사회배려자광역권진료권창원진주통영김해거창의과대학의예과85--55------1210242211212-3---8100---0-88간호대학간호학과13229310--30-40--10---------------10------132보건복지대학재활치료학과308----173--------------11O2----00--34작업치료학과5015----35---------------23O--0----0055언어청각치료학과255----163--------------12O1----00--28응급구조학과406-8--195-----------------2----00--40바이오과학수사학과205----123--------------11-0----00--22의료경영학과409----228--------------22O--1----0044사회복지학과306----204--------------22O0----00--34유아교육과20--7--12---------------11---1----0022창의융합대학미디어영상마케팅학과252-2--20---------------11-1----00--27시각디자인학과254----174--------------11-0----00--27음악과20--------------------20--O----0----20태권도학과30--------------------3021O----0--0033식품영양학과255----173--------------11O--0----0027자율전공학부203----143-----------------0--------20신학대학신학과407-10-3154--------------11O1----00--42기독교교육과282-8-3132--------------11---0----0030라이프대학한국어교육학과30--------2010--------------0--------30기독교상담학과20--------1010--------------0--------20성경학과
고신대학교,부산,사용태권도학과
공주대학교_국립,충남,스포츠과학과
공주대학교_국립,충남,경영학과
공주대학교_국립,충남,관광경영학과
공주대학교_국립,충남,사회복지학과자연과학대학데이터정보물리학과
공주대학교_국립,충남,산업공학과
공주대학교_국립,충남,디지털융합금형공학과산업과학대학지역사회개발학과
공주대학교_국립,충남,산업유통학과
공주대학교_국립,충남,사회복지학과자연과학대학자율전공학부39데이터정보물리학과
공주대학교_국립,충남,디지털융합금형공학과산업과학대학자율전공학부70지역사회개발학과
공주대학교_국립,충남,체육교육과음악교육과미술교육과스포츠과학과
공주대학교_국립,충남,체육교육과스포츠과학과
공주대학교_국립,충남,4)스포츠과학과가구리빙디자인학과도자문화융합디자인학과
공주대학교_국립,충남,통합과학과목중1개과목)영역중상위3개영역상위3개영역점수평균자율전공학부(공주캠퍼스)자율전공학부(천안캠퍼스)자율전공학부(예산캠퍼스)인문사회과학대학자율전공학부산업과학대학자율전공학부
공주대학교_국립,충남,제자리멀리뛰기예술대학게임디자인학과
공주대학교_국립,충남,사회계경영학과
공주대학교_국립,충남,사회계관광경영학과
공주대학교_국립,충남,사회계사회복지학과
공주대학교_국립,충남,체능계스포츠과학과
공주대학교_국립,충남,체능계게임디자인학과
공주대학교_국립,충남,21425천안천안공과대학자연계산업공학과
공주대학교_국립,충남,사회계산업유통학과
공주대학교_국립,충남,실적예산산업과학대학자연계식물자원학과
공주대학교_국립,충남,19019예산산업과학대학자연계원예학과
공주대학교_국립,충남,21526예산산업과학대학자연계동물자원학과
공주대학교_국립,충남,22426예산산업과학대학자연계지역건설공학과
공주대학교_국립,충남,16117예산산업과학대학자연계스마트팜공학과
공주대학교_국립,충남,16218예산산업과학대학자연계산림과학과
공주대학교_국립,충남,21021예산산업과학대학자연계조경학과
공주대학교_국립,충남,16218예산산업과학대학자연계식품영양학과
공주대학교_국립,충남,17219예산산업과학대학자연계외식상품학과
공주대학교_국립,충남,12113예산산업과학대학자연계식품공학과
공주대학교_국립,충남,15217예산산업과학대학자연계특수동물학과
공주대학교_국립,충남,17219예산산업과학대학자연계수산생명의학과
공주대학교_국립,충남,사회계산업과학대학자율전공학부
공주대학교_국립,충남,505예산산업과학대학자연계식물자원학과
공주대학교_국립,충남,93912예산산업과학대학자연계원예학과
공주대학교_국립,충남,6369예산산업과학대학자연계식품공학과
광운대학교,서울,일반학생전형-스포츠융합과학과
광운대학교,서울,스포츠융합과학과
광운대학교,서울,204020515-스포츠융합과학과
광운대학교,서울,경영학부
광운대학교,서울,352520155-경영학부경영학전공경영학부빅데이터경영전공국제통상학부
광운대학교,서울,계열모집단위국어수학영어탐구사회탐구과학탐구직업탐구자연자연계열20402051520인문미디어커뮤니케이션학부동북아문화산업학부35252015520경영학부경영학전공경영학부빅데이터경영전공국제통상학부
광운대학교,서울,25자연과학대학수학과32전자바이오물리학과35화학과38스포츠융합과학과37인문사회과학대학인문국어국문학과25영어영문학과28미디어커뮤니케이션학부50미디어엔터테인먼트전공
광운대학교,서울,전략커뮤니케이션전공산업심리학과31동북아문화산업학부41문화교류전공
광운대학교,서울,과학기술법무전공국제학부25국제지역전공경영대학경영학부경영학전공51경영학부빅데이터경영전공40국제통상학부39글로벌비즈니스전공
광운대학교,서울,국제금융전공참빛인재대학인문금융부동산법무학과1자연게임콘텐츠학과1스마트전기전자학과
광운대학교,서울,예체능스포츠상담재활학과
광운대학교,서울,인문자율전공학부(자연)126126172172454자율전공학부(인문)65659191전자정보공과대학자연전자공학과1899362132460전자통신공학과12108301822050전자융합공학과1287271621845전기공학과1287271621845전자재료공학과1287271621845반도체시스템공학부반도체시스템공학전공1287271621845인공지능융합대학컴퓨터정보공학부9189362132460소프트웨어학부9189362132460정보융합학부9189362132460로봇학부AI로봇전공9189362132460공과대학건축학과(5년제)855181121331건축공학과644141021226화학공학과12108301822050환경공학과644141011125자연과학대학수학과865191121332전자바이오물리학과1065211221435화학과1076231321538스포츠융합과학과1616212137인문사회과학대학인문국어국문학과65415911025영어영문학과854171011128미디어커뮤니케이션학부12117301822050산업심리학과865191111231동북아문화산업학부1276251421641정책법학대학행정학과1055201221434법학부1898352232560국제학부65415911025경영대학경영학부경영학전공12118311822051경영학부빅데이터경영전공1086241421640국제통상학부1076231421639참빛인재대학인문금융부동산법무학과1101자연게임콘텐츠학과1101스마트전기전자학과000예체능스포츠상담재활학과
광운대학교,서울,정원외모집인원대학계열모집단위수시모집정시모집학생부종합기타수능학생부종합농어촌학생전형특성화고졸업자전형특성화고등을졸업한재직자전형서해5도출신자전형재외국민전형농어촌학생전형특성화고졸업자전형특성화고등을졸업한재직자전형전자정보공과대학자연전자공학과5534이월인원이월인원전자통신공학과전자융합공학과전기공학과444이월인원이월인원전자재료공학과반도체시스템공학부반도체시스템공학전공인공지능융합대학컴퓨터정보공학부476이월인원이월인원소프트웨어학부정보융합학부4이월인원로봇학부AI로봇전공공과대학건축학과(5년제)24이월인원건축공학과화학공학과22이월인원이월인원환경공학과자연과학대학수학과33이월인원전자바이오물리학과화학과스포츠융합과학과11이월인원인문사회과학대학인문국어국문학과235이월인원영어영문학과미디어커뮤니케이션학부22이월인원이월인원산업심리학과2이월인원동북아문화산업학부1이월인원정책법학대학행정학과13이월인원법학부2이월인원국제학부1이월인원경영대학경영학부경영학전공333이월인원이월인원경영학부빅데이터경영전공국제통상학부21이월인원이월인원참빛인재대학인문금융부동산법무학과30이월인원자연게임콘텐츠학과30이월인원스마트전기전자학과30이월인원예체능스포츠상담재활학과
광운대학교,서울,X일반학생전형-스포츠융합과학과
광운대학교,서울,성취도및이수학점1)스포츠융합과학과
광운대학교,서울,한국사스포츠융합과학과
광주대학교,광주,차상위성인학습자성인학습자학과선발그룹선발가군나군다군가군다군보건복지대학간호학과간호학과
광주대학교,광주,보건복지대학사회복지학부
광주대학교,광주,29-반려동물보건산업학과19-문화산업대학문화산업대학(예체능)스포츠과학부
광주대학교,광주,태권도학과420시각영상디자인학과
광주대학교,광주,22-산업디자인학과
광주대학교,광주,그룹선발심리학과16-경찰행정학과32-소방행정학과24-문헌정보학과
광주대학교,광주,24-경영학과20-회계세무학과
광주대학교,광주,실적(실기일반)모집단위유형및과제스포츠과학부
광주대학교,광주,메디신볼던지기태권도학과
광주대학교,광주,모집단위및모집인원대학학부(과)보건복지대학보건행정학과
광주대학교,광주,사회복지학부
광주대학교,광주,반려동물보건산업학과문화산업대학스포츠과학부
광주대학교,광주,태권도학과
광주대학교,광주,산업디자인학과
광주대학교,광주,심리학과
광주대학교,광주,경영학과
국민대학교,서울,F42공연예술학부연극영화무용전공
국민대학교,서울,1신설스포츠건강재활학과
국민대학교,서울,모집단위학년도2027학년도2028비고체육대학스포츠교육학과스포츠산업경영학과스포츠건강재활학과
국민대학교,서울,모집단위학년도2027학년도2028비고공연예술학부연극전공
국민대학교,서울,스포츠산업경영학과
국민대학교,서울,경영정보학부자연빅데이터융합경영학과
국민대학교,서울,예술대학미술학부
국민대학교,서울,예술대학음악학부
국민대학교,서울,체육대학스포츠교육학과스포츠산업경영학과
국민대학교,서울,예술대학연극영화무용전공
국민대학교,서울,대학스포츠건강재활학과
국민대학교,서울,스포츠건강재활학과
국민대학교,서울,공연예술학부연극전공
국민대학교,서울,스포츠교육학과
국민대학교,서울,경영학부경영학전공116글로벌경영전공
국민대학교,서울,기업경영학부
국민대학교,서울,기업경영전공
국민대학교,서울,경영정보학부비즈니스전공
국민대학교,서울,빅데이터융합경영학과
국민대학교,서울,()경영대학경영학부글로벌경영전공기업경영학부야간학부회계세무학과야간학과
국민대학교,서울,()예술대학음악학부성악피아노관현악작곡공연예술학부
국민대학교,서울,12경영대학경영학부경영학전공
국민대학교,서울,27경영학부글로벌경영전공
국민대학교,서울,c경영정보학부
국민대학교,서울,c빅데이터융합경영학과
국민대학교,서울,8기업경영학부
국민대학교,서울,c자연경영대학경영정보학부
국민대학교,서울,8빅데이터융합경영학과
국민대학교,서울,예술대학음악학부성악전공
국민대학교,서울,c공연예술학부영화전공
국민대학교,서울,c공연예술학부무용전공
국민대학교,서울,수시재외국민전형의조형대학은학과단위로체육대학은단과대학단위로인문기술융합학부
국민대학교,서울,경영정보학부빅데이터융합경영학과
국민대학교,서울,k스노보드스키스노보드체육대학남자1(1)여자2(2)남자2(2)1---스포츠교육학과남자4(4)------스포츠산업경영학과----1--스포츠건강재활학과
국민대학교,서울,태권도품새대학부
국민대학교,서울,스키스포츠산업경영학과프리스타일스키종목에한함대학부
국민대학교,서울,스키스포츠건강재활학과알파인스키종목에한함대학부
국민대학교,서울,스노보드스포츠건강재활학과대학부
국민대학교,서울,모집인원공연예술학부연극전공
국민대학교,서울,모집인원공연예술학부영화전공
국민대학교,서울,모집인원공연예술학부무용전공
국민대학교,서울,정원제한없이모집기업융합법학과야기업경영학부야회계세무학과
국민대학교,서울,작곡전공)공연예술학부
국민대학교,서울,경영정보학부자연()30401020전공자율일반학생자유전공미래융합전공
국민대학교,서울,kr공연예술학부연극영화무용전공
국민대학교,서울,모집인원모집시기모집인원명()체육대학스포츠교육학과스포츠산업경영학과스포츠건강재활학과
국민대학교,서울,체육대학스포츠건강재활학과
국민대학교,서울,전형방법가실기전형체육대학스포츠교육학과스포츠산업경영학과
국민대학교,서울,000최저점-점0점140점140스포츠교육학과
국민대학교,서울,000최저점점140점0점140점280나비실기전형스포츠건강재활학과
국민대학교,서울,모집시기모집단위선발방법전형요소별반영비율및반영점수구분수능계다군스포츠건강재활학과
국민대학교,서울,)비고국어수학영어탐구사회과학가군스포츠교육학과
국민대학교,서울,3다군스포츠건강재활학과
국민대학교,서울,모집시기모집단위실기내용가군스포츠교육학과
국민대학교,서울,글로벌한국어전공및글로벌경영전공
국민대학교,서울,F)조형예술대학글로벌한국어전공글로벌경영전공
국민대학교,서울,실적가군나군다군유형1정원내미래융합대학자유전공(A)3015-------105---자유전공(B)3015-------105---미래융합전공(A)7020--------126--미래융합전공(B)7020--------157--미래융합전공(C)----------65--유형2정원외미래융합전공(I)------------21미래융합전공(II)------------21정원내동아시아국제학부4-234-4-4---2-법과대학8-33--6-20---10-건축대학17-18--3-6-----자동차모빌리티대학25-20--6-231----체육대학--------6----정원외체육대학------------1전공
국민대학교,서울,동아시아국제학부법과대학건축대학자동차모빌리티대학체육대학은제한없이해당대학학부내모든학과
군산대학교_국립,전북,는간호학부(지역인재+저소득층자녀)에해당-체육학부모집인원구분내용체육학부
군산대학교_국립,전북,저소득층학생일반학생사회통합일반전형특기자농어촌학생특성화고교졸업자특성화고졸재직자특수교육대상자일반전형(실기위주)일반전형(수능위주)미술체육컴퓨터소프트웨어특성화대학컴퓨터소프트웨어특성화대학컴퓨터정보공학과
군산대학교_국립,전북,31176711133기관공학과159231116식품생명공학과26173511128소계197116264711618215경영특성화대학경영학부경영학전공543499141159국제물류학과27165511129무역학과29203511131회계학부회계학전공세무행정전공3619881112150금융부동산경제학과2415352126벤처창업학과155361116소계18510931381104126211자율전공대학자율전공학부1889948401188미술학과
군산대학교_국립,전북,저소득층학생일반학생사회통합일반전형특기자농어촌학생특성화고교졸업자특성화고졸재직자특수교육대상자일반전형(실기위주)일반전형(수능위주)미술체육첨단과학기술학부반도체물리전공소재화학전공29164821132수학과
군산대학교_국립,전북,1712221118소계13479182281616141ICC특성화대학부미디어문화학부29154911131아동학부아동가족학전공27135172129사회복지학부사회복지정책전공사회복지서비스전공391961122141법행정경찰학부794511120121182간호학부
군산대학교_국립,전북,간호학전공40813116121143의류학부2916482131해양경찰학부29155821132체육학부
군산대학교_국립,전북,체육학전공스포츠과학전공398151639산업디자인학부
군산대학교_국립,전북,-특기자전형(체육)체육학부
군산대학교_국립,전북,군일반전형체육학부
군산대학교_국립,전북,3시간실기산업디자인학부
군산대학교_국립,전북,군체육학부
극동대학교,충북,스포츠재활학과
극동대학교,충북,체육특기우수스포츠재활학과
극동대학교,충북,애니메이션학과)다음중택1-칸만화-상황표현-스토리보딩(스포츠재활학과
극동대학교,충북,애니메이션학과연극연기학과스포츠재활학과
극동대학교,충북,애니메이션학과)다음중택1-칸만화-상황표현(스포츠재활학과
극동대학교,충북,애니메이션학과연극연기학과스포츠재활학과실용음악학과
극동대학교,충북,-4-3모집단위및입학정원단과대계열모집단위입학정원이월인원(2026)비고글로벌대학인문사회글로벌융합학부경영서비스학전공과학기술학전공K-컬처학전공100사회복지대학인문사회사회복지학부사회복지학전공재활상담치료학전공안경광학전공상담복지학전공922인문사회군사학과25신설인문사회중독복지상담학과
극동대학교,충북,전담학과자연과학그린융합경영학과
극동대학교,충북,애니메이션학과40예체능연극연기학과40예체능스포츠재활학과
극동대학교,충북,실적소계학생부교과일반학생교과우수자지역인재1지역인재2일반학생특성화고농어촌학생기회균형글로벌대학글로벌융합학부경영서비스학전공과학기술학전공K-컬처학전공100100(10)(10)(15)사회복지대학사회복지학부사회복지학전공재활상담치료학전공안경광학전공상담복지학전공9494(9)(9)(15)군사학과2525(2)(2)(4)항공대학항공운항서비스학과6060(6)(6)(12)항공운항학과154060(6)(6)(12)항공정비학과341246항공안전관리학과2626(2)(2)(4)과학기술대학해킹보안학과2525(2)(2)(4)의료보건과학대학간호학과4020373100(10)(10)(12)방사선학과161531(3)(3)(6)임상병리학과251035(3)(3)(6)작업치료학과
극동대학교,충북,애니메이션학과4040연극연기학과3030스포츠재활학과
극동대학교,충북,일반학생특성화고농어촌학생기회균형글로벌대학글로벌융합학부경영서비스학전공과학기술학전공K-컬처학전공00(0)(0)(0)사회복지대학사회복지학부사회복지학전공재활상담치료학전공안경광학전공상담복지학전공00(0)(0)(0)군사학과0(0)(0)(0)항공대학항공운항서비스학과00(0)(0)(0)항공운항학과50(0)(0)(0)항공정비학과00(0)(0)(0)항공안전관리학과00(0)(0)(0)과학기술대학해킹보안학과00(0)(0)(0)의료보건과학대학간호학과00(0)(0)(0)방사선학과00(0)(0)(0)임상병리학과00(0)(0)(0)작업치료학과
극동대학교,충북,애니메이션학과00연극연기학과1010스포츠재활학과
극동대학교,충북,실기고사성적을본교의평가기준표에의거비교내신반영정원외기회균형해당학과실기위주정원내일반학생해당학과체육특기우수해당학과
극동대학교,충북,특기실연스포츠재활학과
극동대학교,충북,전형별모집인원모집단위정원외학생부교과서류만학도부모가모두외국인인외국인학생해외전교육과정이수자북한이탈주민글로벌대학글로벌융합학부경영서비스학전공과학기술학전공K-컬처학전공000사회복지대학사회복지학부사회복지학전공재활상담치료학전공안경광학전공상담복지학전공0000군사학과0000중독복지상담학과0그린융합경영학과0항공대학항공운항서비스학과00항공운항학과항공정비학과항공안전관리학과00과학기술대학해킹보안학과000의료보건과학대학간호학과방사선학과임상병리학과작업치료학과
금강대학교,충남,명)계열모집단위세부전공지역입학정원(명)2027학년도이월인원주야합계인문사회프라마나학부불교학전공충남논산60-60-행정학전공경영학전공사회복지학전공프라마나전공예체능불교문화학부불교미술전공50-50불교음악전공
금오공과대학교_국립_,경북,빅데이터공학부산업공학전공7명수리빅데이터전공재료공학부신소재공학전공10명고분자공학전공전자공학부전자공학부14명반도체시스템전공컴퓨터공학부소프트웨어전공11명인공지능공학전공컴퓨터공학전공화학소재공학부소재디자인공학전공7명화학공학전공화학생명소재전공광시스템공학과2명바이오메디컬공학과3명경영학과
금오공과대학교_국립_,경북,경영학과
김천대학교,경북,K-글로벌학과20515산업안전학과
김천대학교,경북,스마트모빌리티학과2020건강재활서비스학과201010스마트물류시스템공학과
김천대학교,경북,스포츠재활학과
김천대학교,경북,사회복지학과
김천대학교,경북,상담심리학과
김천대학교,경북,1414생활체육학과201010신학과2020음악학과2020자율전공학부
김천대학교,경북,산업안전학과
김천대학교,경북,건강재활서비스학과
김천대학교,경북,생활체육학과
김천대학교,경북,실기고사(평가기준및배점등은모집요강참조)모집단위유형및과제비고생활체육학과
나사렛대학교,충남,재활자립학부
나사렛대학교,충남,9호부적격2028학년도나사렛대학교대학입학전형시행계획-2-2입학정원및모집인원모집단위계열정원내정원외입학정원초과모집모집인원모집시기특성화고졸업자농어촌학생기초생활수급자등장애학생계약학과조기취업형만학도수시정시자율전공계열기독교학부신학전공기독교상담학전공기독교교육학전공인문사회710150500수시이월미지정미지정미지정25사회복지학부사회복지학전공청소년복지학전공노인복지학전공인문사회100100미지정미지정미지정5인간재활학과인문사회3030미지정미지정미지정33수어통역교육학과인문사회2020미지정미지정미지정2경영학과인문사회4040미지정미지정미지정항공호텔관광경영학과인문사회4545미지정미지정미지정금융부동산학과인문사회3030미지정미지정미지정경찰행정학부경찰행정학전공공공행정학전공인문사회7575미지정미지정미지정방송시각영상디자인학부방송미디어전공시각영상디자인전공예체능6565미지정미지정미지정AI융합학부AI빅데이터소프트웨어전공AI사물인터넷보안전공자연과학8484미지정미지정미지정2언어치료학과인문사회6060미지정미지정미지정상담심리학과인문사회4040미지정미지정미지정재활의료공학과자연과학4040미지정미지정미지정24아동심리교육학과
나사렛대학교,충남,)인문사회3030255미지정미지정2재활자립학부인문사회55525실기위주재활스포츠학부특수체육학전공스포츠재활전공시니어스포츠전공예체능95956530217실용음악학과예체능3030246태권도학과예체능5151465212충남재활고용학과(계약학과
나사렛대학교,충남,수시전형유형별선발인원(정원내)모집단위(전형명)계열정원내정원내합계학생부교과학생부종합실기위주일반전형지역인재1창의융합인재지역인재2일반전형특기자인재창의융합인재서류형면접형지역인재2기초생활수급자등자율전공계열기독교학부신학전공기독교상담학전공기독교교육학전공인문사회401050사회복지학부사회복지학전공청소년복지학전공노인복지학전공인문사회9055100인간재활학과인문사회3030수어통역교육학과인문사회153220경영학과인문사회35540항공호텔관광경영학과인문사회4545금융부동산학과인문사회3030경찰행정학부경찰행정학전공공공행정학전공인문사회55101075방송시각영상디자인학부방송미디어전공시각영상디자인전공예체능5051065AI융합학부AI빅데이터소프트웨어전공AI사물인터넷보안전공자연과학6910584언어치료학과
나사렛대학교,충남,60상담심리학과인문사회2551040재활의료공학과자연과학4040아동심리교육학과
나사렛대학교,충남,)인문사회155525재활자립학부인문사회55실기위주재활스포츠학부특수체육학전공스포츠재활전공시니어스포츠전공예체능551065실용음악학과예체능2424태권도학과예체능2551646충남재활고용학과(계약학과
나사렛대학교,충남,수시전형유형별선발인원(정원외)모집단위(전형명)계열정원외정원외합계지정인원기준학생부교과학생부종합실기위주학생부교과특성화고졸업자농어촌학생기초생활수급자등장애학생계약학과조기취업형농어촌학생기초생활수급자등장애학생만학도자율전공계열기독교학부신학전공기독교상담학전공기독교교육학전공인문사회미지정미지정미지정25-사회복지학부사회복지학전공청소년복지학전공노인복지학전공인문사회미지정미지정미지정5-인간재활학과인문사회미지정미지정미지정33-수어통역교육학과인문사회미지정미지정미지정2-경영학과인문사회미지정미지정미지정-항공호텔관광경영학과인문사회미지정미지정미지정-금융부동산학과인문사회미지정미지정미지정-경찰행정학부경찰행정학전공공공행정학전공인문사회미지정미지정미지정-방송시각영상디자인학부방송미디어전공시각영상디자인전공예체능미지정미지정미지정-AI융합학부AI빅데이터소프트웨어전공AI사물인터넷보안전공자연과학미지정미지정미지정2-언어치료학과인문사회미지정미지정미지정-상담심리학과인문사회미지정미지정미지정-재활의료공학과자연과학미지정미지정미지정24-아동심리교육학과
나사렛대학교,충남,)인문사회미지정미지정2-재활자립학부인문사회2525실기위주재활스포츠학부특수체육학전공스포츠재활전공시니어스포츠전공예체능72110실용음악학과예체능태권도학과예체능2125충남재활고용학과(계약학과
나사렛대학교,충남,재활스포츠학부
나사렛대학교,충남,외)모집단위(전형명)계열정원내정원내합계정원외(수시이월)수능위주실기위주학생부교과특성화고졸업자농어촌학생기초생활수급자등장애학생계약학과일반전형일반전형창의융합가군자율전공계열기독교학부신학전공기독교상담학전공기독교교육학전공인문사회00명수시이월00명0000사회복지학부사회복지학전공청소년복지학전공노인복지학전공인문사회0인간재활학과인문사회0수어통역교육학과인문사회0경영학과인문사회항공호텔관광경영학과인문사회금융부동산학과인문사회경찰행정학부경찰행정학전공공공행정학전공인문사회방송시각영상디자인학부방송미디어전공시각영상디자인전공예체능AI융합학부AI빅데이터소프트웨어전공AI사물인터넷보안전공자연과학언어치료학과인문사회상담심리학과인문사회재활의료공학과자연과학0아동심리교육학과
나사렛대학교,충남,)인문사회55000재활자립학부인문사회00나군실기위주재활스포츠학부특수체육학전공스포츠재활전공시니어스포츠전공예체능3030000다군실용음악학과예체능66태권도학과예체능55000가군충남재활고용학과(계약학과
나사렛대학교,충남,(기초생활수급자등)간호학과2창의융합인재서류형109면접형(간호학과)15실기위주(태권도학과)16면접형(재활자립학부)5정원외장애학생(재활스포츠학부포함)50계약학과조기취업형충남재활고용학과20실기위주정원내일반학생104특기자인재재활스포츠학과
나사렛대학교,충남,태권도학과15정원외농어촌학생재활스포츠학부
나사렛대학교,충남,태권도학과4기초생활수급자등재활스포츠학부
나사렛대학교,충남,태권도학과2장애학생태권도학과
나사렛대학교,충남,214정시가군수능위주정원내일반전형(일반학생)49나군실기위주정원내일반전형(일반학생)재활스포츠학부30다군실기위주정원내일반전형(일반학생)태권도학과
나사렛대학교,충남,보장시설수급자중단수이상해당자창의융합인재재활자립학부
나사렛대학교,충남,고교졸업자거나2028년2월졸업예정자또는법령에의해고교졸업이상학력인정자실기위주특기자인재재활스포츠학부
나사렛대학교,충남,고교졸업자거나2028년2월졸업예정자또는법령에의해고교졸업이상학력인정자태권도학과
나사렛대학교,충남,고교졸업자거나2028년2월졸업예정자또는법령에의해고교졸업이상학력인정자창의융합인재태권도학과
나사렛대학교,충남,장애인복지법과국가유공자등예우및지원관한법률에의한등록장애인으로고교졸업자거나2028년2월졸업예정자또는법령에의해고교졸업이상학력인정자재활자립학부
나사렛대학교,충남,장애인복지법과국가유공자등예우및지원관한법률에의한지적장애및자폐장애인(등록)으로고교졸업자거나2028년2월졸업예정자또는법령에의해고교졸업이상학력인정자계약학과조기취업형충남재활고용학과
나사렛대학교,충남,장애인복지법과국가유공자등예우및지원관한법률에의한지적장애및자폐장애인(등록)으로고교졸업자거나2028년2월졸업예정자또는법령에의해고교졸업이상학력인정자실기위주장애학생태권도학과
나사렛대학교,충남,장애인복지법과국가유공자등예우및지원관한법률에의한등록장애인으로고교졸업자거나2028년2월졸업예정자또는법령에의해고교졸업이상학력인정자농어촌학생재활스포츠학부태권도학과
나사렛대학교,충남,고등학교전교육과정이수기간동안본인이농어촌지역에거주한졸업자또는2028년2월졸업예정자기초생활수급자등전형재활스포츠학부태권도학과
나사렛대학교,충남,사회복지학부
나사렛대학교,충남,상담심리학과
나사렛대학교,충남,아동심리교육학과
나사렛대학교,충남,경영학과
나사렛대학교,충남,인간재활학과
나사렛대학교,충남,재활의료공학과
나사렛대학교,충남,재활스포츠학부계약학과(조기취업형)충남재활고용학과실기위주일반전형재활스포츠학부
나사렛대학교,충남,0)일반전형태권도학과
나사렛대학교,충남,0)학생부교과창의융합인재재활자립학부
나사렛대학교,충남,796)정원외장애학생해당학과이월인원계약학과조기취업형충남재활고용학과이월인원특성화고졸업자농어촌학생기초생활수급자등해당학과
나사렛대학교,충남,860)나실기위주일반전형(일반학생)재활스포츠학부
나사렛대학교,충남,450)정원외농어촌학생기초생활수급자등재활스포츠학부
나사렛대학교,충남,450)학생부교과장애학생재활스포츠학부
나사렛대학교,충남,0)태권도학과
나사렛대학교,충남,210)정원외농어촌학생기초생활수급자등장애학생태권도학과
나사렛대학교,충남,면접고사(재활자립학부
나사렛대학교,충남,충남재활고용학과
나사렛대학교,충남,충남재활고용학과면접고사모집단위고사내용비고재활자립학부발달장애관련전문교수가심층면접충남재활고용학과(계약학과
나사렛대학교,충남,태권도학과
남부대학교,광주,AI경영학과
남부대학교,광주,스포츠레저학과
남부대학교,광주,무도경호학과
남부대학교,광주,탐구(사+과중1과목)중2개영역합산12등급이내정시군변경-스포츠레저학과
남부대학교,광주,가군-스포츠레저학과
남부대학교,광주,사회복지학과
남부대학교,광주,)자유전공학부경찰행정학과사회복지학과유아교육과초등특수교육과식품영양학과간호학과방사선학과물리치료학과응급구조학과자동차기계공학과AI전기공학과
남부대학교,광주,)한국어학과AI경영학과향장미용학과호텔조리학과스포츠레저학과무도경호학과
남부대학교,광주,000점-스포츠레저학과무도경호학과
남부대학교,광주,한부모)유아교육과물리치료학과응급구조학과스포츠레저학과
남부대학교,광주,무도경호학과지역인재(정원내)지역인재기회균형(정원내)간호학과
남부대학교,광주,한부모(정원외)스포츠레저학과
남부대학교,광주,AI전기공학과예체능계열스포츠레저학과
남서울대학교,충남,영상예술디자인학과
남서울대학교,충남,스포츠비즈니스학과
남서울대학교,충남,스포츠건강관리학과
남서울대학교,충남,AI융합대학가상현실학과60333-22154--59----11지능정보통신공학과78513-22154--77----11컴퓨터소프트웨어학과83553-22155--82----11멀티미디어학과78513-22154--77----11공과전자공학과78513-22154--77----11건축학과(5년제)45233-22104--44----11건축공학과55333-22104--54----11빅데이터경영공학과67403-22154--66----11드론공간정보공학과75483-22154--74----11자연과학스마트팜학과45273-2264--44----11예능창조문화예술시각미디어디자인학과100-------6377030----30공간조형디자인학과84-------5175826----26영상예술디자인학과90-------5776426----26실용음악학과25-------17-17--8--8인문사회글로벌상경유통마케팅학과55322-22133--54---1-1글로벌무역학과55322-22133--54---1-1경영학과65392-22154--64---1-1광고홍보학과75483-22154--74---1-1호텔경영학과
남서울대학교,충남,50272-22133--49---1-1관광경영학과
남서울대학교,충남,55322-22133--54---1-1세무학과37202-2282--36---1-1부동산학과35182-2282--34---1-1체능스포츠비즈니스학과64-------44549-15---15인문사회영어과30152-2262--29---1-1일어일문학과30142-2263--29---1-1중국학과
남서울대학교,충남,30152-2262--29---1-1인문사회보건의료복지보건행정학과90623-22155--89---1-1자연과학뷰티보건학과35172-2263--32---3-3체능스포츠건강관리학과65-------45550-15---15자연과학치위생학과53263-22105--48---5-5물리치료학과40153-22104--36---4-4간호학과
남서울대학교,충남,842429422125--78---6-6임상병리학과41153-22105--37---4-4응급구조학과60313-22125--55---5-5인문사회아동복지학과
남서울대학교,충남,80533-22154--79---1-1사회복지학과60343-22144--59---1-1휴먼케어학과
남서울대학교,충남,AI융합대학가상현실학과60-------------지능정보통신공학과78미지정미지정미지정--미지정이월인원이월인원이월인원--미지정미지정컴퓨터소프트웨어학과83미지정미지정미지정--미지정이월인원이월인원이월인원--미지정미지정멀티미디어학과78미지정미지정미지정--미지정이월인원이월인원이월인원--미지정미지정공과전자공학과78미지정미지정미지정--미지정이월인원이월인원이월인원--미지정미지정건축학과(5년제)45미지정미지정미지정--미지정이월인원이월인원이월인원--미지정-건축공학과55미지정미지정미지정--미지정이월인원이월인원이월인원--미지정미지정빅데이터경영공학과67미지정미지정미지정--미지정이월인원이월인원이월인원--미지정미지정드론공간정보공학과75미지정미지정미지정--미지정이월인원이월인원이월인원--미지정미지정자연과학스마트팜학과
남서울대학교,충남,소프트웨어학과-----40-----이월인원--예능창조문화예술시각정보디자인학과100-----미지정-----미지정-공간조형디자인학과84-----미지정-----미지정-영상예술디자인학과90-----미지정-----미지정-실용음악학과25-----미지정-----미지정-인문사회글로벌상경유통마케팅학과55미지정미지정미지정미지정-미지정이월인원이월인원이월인원미지정-미지정미지정글로벌무역학과55미지정미지정미지정미지정-미지정이월인원이월인원이월인원미지정-미지정미지정경영학과65미지정미지정미지정미지정-미지정이월인원이월인원이월인원미지정-미지정미지정광고홍보학과75미지정-미지정--미지정이월인원-이월인원--미지정미지정호텔경영학과
남서울대학교,충남,50미지정미지정미지정--미지정이월인원이월인원이월인원--미지정미지정관광경영학과
남서울대학교,충남,55미지정미지정미지정--미지정이월인원이월인원이월인원--미지정미지정세무학과37미지정미지정미지정--미지정이월인원이월인원이월인원--미지정미지정부동산학과35미지정-미지정--미지정이월인원-이월인원--미지정미지정스포츠비즈니스학과64-----미지정-----미지정-영어과30미지정-미지정--미지정이월인원-이월인원--미지정미지정일어일문학과30미지정-미지정--미지정이월인원-이월인원--미지정미지정중국학과
남서울대학교,충남,30미지정-미지정--미지정이월인원-이월인원--미지정미지정인문사회보건의료복지보건행정학과90미지정-미지정--미지정이월인원-이월인원--미지정미지정자연과학뷰티보건학과35미지정-미지정--미지정이월인원-이월인원--미지정미지정체능스포츠건강관리학과65-----미지정-----미지정-자연과학치위생학과53미지정-미지정--미지정이월인원-이월인원--미지정-물리치료학과40미지정-미지정--미지정이월인원-이월인원--미지정-간호학과
남서울대학교,충남,84미지정미지정미지정--미지정이월인원이월인원이월인원--미지정-임상병리학과41미지정-미지정--미지정이월인원-이월인원--미지정-응급구조학과60미지정-미지정--미지정이월인원-이월인원--미지정-인문사회아동복지학과
남서울대학교,충남,80미지정-미지정미지정-미지정이월인원-이월인원미지정-미지정미지정사회복지학과60미지정-미지정미지정-미지정이월인원-이월인원미지정-미지정미지정휴먼케어학과50미지정-미지정미지정-미지정이월인원-이월인원미지정-미지정미지정자연과학(충남형)리안헤어뷰티아트학과
남서울대학교,충남,AI융합대학공학가상현실학과4학년편입지능정보통신공학과컴퓨터소프트웨어학과4학년편입멀티미디어학과공과대학공학전자공학과건축학과(5년제)건축공학과빅데이터경영공학과드론공간정보공학과자연과학스마트팜학과창조문화예술대학예체능시각미디어디자인학과4학년편입공간조형디자인학과영상예술디자인학과실용음악학과글로벌상경대학인문사회(사회)유통마케팅학과4학년편입글로벌무역학과4학년편입경영학과4학년편입광고홍보학과호텔경영학과관광경영학과세무학과부동산학과예체능스포츠비즈니스학과4학년편입글로벌스포츠학과
남서울대학교,충남,외국인전담학과인문사회(인문)영어과일어일문학과중국학과글로벌한국어문화학과외국인전담학과보건의료복지대학인문사회(인문)보건행정학과자연과학뷰티보건학과4학년편입예체능스포츠건강관리학과자연과학치위생학과외국인특별전형지원불가물리치료학과4학년편입간호학과신입학만가능(편입불가)임상병리학과외국인특별전형지원불가응급구조학과외국인특별전형지원불가인문사회(사회)아동복지학과사회복지학과휴먼케어학과
단국대학교,경기,약학과모집단위모집인원정원내()수시정시정원내정원외정원내지역메디바이오인재인재DKU면접형()농어촌학생수능위주치의예과702121128약학과3199313모집단위모집인원정원내()수시정시정원내정원외정원내지역메디바이오인재인재DKU면접형()농어촌학생수능위주치의예과702814128약학과30128310전형폐지수시죽전창업인재경영학부
단국대학교,경기,미술학부뉴뮤직학부생활체육학과
단국대학교,경기,단계배수1(15)95출결5()단계2단계성적실기120+80생활체육학과스포츠경영학과
단국대학교,경기,국제스포츠학부
단국대학교,경기,스탭()일괄합산10학생부정성()90체육교육과일괄합산출결5()6530해병대군사학과
단국대학교,경기,일괄합산출결5()2570도예과디자인학부생활체육학과
단국대학교,경기,스포츠경영학과운동처방재활전공
단국대학교,경기,천안체육특기자전형과해병대군사학과
단국대학교,경기,385635632113미디어커뮤니케이션학부425835732114상담학과30462453219경영경제경제학과
단국대학교,경기,435835942113경영학부
단국대학교,경기,1239173161844160산업경영학과야()33120프리무스국제국제경영학과40463522자연공학계열광역10830203820프리무스국제모바일시스템공학과303521316공과전자전기공학과
단국대학교,경기,경영학부
단국대학교,경기,예술공연영화학부
단국대학교,경기,22715연극전공연출3111연기146뮤지컬전공연출2210연기102도예과312110디자인학부커뮤니케이션디자인전공503020패션산업디자인전공372710무용과한국무용4016발레12현대무용12음악학부피아노전공18117관현악전공3434성악전공20812작곡전공77국악전공
단국대학교,경기,수시이월인원발생시인문계열광역융합계열광역은다군에서선발하며산업경영학과야무용과음악학부
단국대학교,경기,공무원위탁생군위탁생은산업경영학과
단국대학교,경기,천안캠퍼스계열대학모집단위총모집인원정원내()수시모집정시모집자율모집정원내정원외정원내정원외학생부종합학생부교과실기우수자체육특기자학생부종합일반학생학생부교과인재DKU지역의료인재군사학과기회균형선발사회적배려대상자지역균형선발학생부교과우수자지역메디바이오인재교육기회배려자농어촌학생가군나군다군특성화고졸재직자서류형면접형진료권광역권-율곡혁신칼리지17310073인문인문사회계열광역107235430외국어아시아중동학부중국학전공
단국대학교,경기,318182214공공정책학과야()40111121830사회복지학과328282214해병대군사학과3030식품자원경제학과338282115자연보건과학심리학과318172215인문보건행정학과318172115자연자연공학계열광역1663210034과학기술수학과
단국대학교,경기,327283115에너지공학과4183103220경영공학과317182215제약공학과317182215바이오융합생명공학부식량생명공학전공
단국대학교,경기,바이오융합대학코스메디컬소재학과제외심리학과보건행정학과
단국대학교,경기,외국어대학공공인재대학공공정책학과야해병대군사학과제외심리학과보건행정학과
단국대학교,경기,()계열대학모집단위총모집인원정원내()수시모집정시모집자율모집정원내정원외정원내정원외학생부종합학생부교과실기우수자체육특기자학생부종합일반학생학생부교과인재DKU지역의료인재군사학과기회균형선발사회적배려대상자지역균형선발학생부교과우수자지역메디바이오인재교육기회배려자농어촌학생가군나군다군특성화고졸재직자서류형면접형진료권광역권의학의과의예과581212612216치과치의예과701428128약학약학약학과30812310예능예술미술학부
단국대학교,경기,섬유전공()392415동양화전공352015서양화전공342212조소전공19118문예창작과501535뉴뮤직학부뮤직테크놀러지전공2020재즈퍼포먼스전공3030싱어송라이팅전공3030체육스포츠과학생활체육학과3414812스포츠경영학과377822국제스포츠학부운동처방재활전공197111국제스포츠전공5151태권도전공
단국대학교,경기,자유곡싱어송라이팅자유곡생활체육학과
단국대학교,경기,문예창작과스포츠경영학과운동처방재활전공
단국대학교,경기,국제스포츠전공태권도전공
단국대학교,경기,생활체육학과스포츠경영학과운동처방재활전공
단국대학교,경기,2027)이상Aclass(130cm)이상에서위이내실적이있는자에한함대한승마협회에서발급한경기실적증명서에기재된대회만인정함3()전형방법모집단위구분전형요소및반영비율생활체육학과스포츠경영학과
단국대학교,경기,생활체육학과스포츠경영학과
단국대학교,경기,운동처방재활전공
단국대학교,경기,자유곡싱어송라이팅자유곡생활체육학과스포츠경영학과국제스포츠학부운동처방재활전공
단국대학교,경기,통합사회통합과학한국사죽전-퇴계혁신칼리지2535201010등급별가산점부여인문경영경제대학국제경영학과
단국대학교,경기,보건과학대학보건행정학과심리학과
단국대학교,경기,)20402020간호학과심리학과
단국대학교,경기,부동산학부3미디어커뮤니케이션학부4상담학과3경영경제경제학과
단국대학교,경기,412경영학부
단국대학교,경기,프리무스국제국제경영학과4자연모바일시스템공학과340공과전자전기공학과
단국대학교,경기,3사회복지학과3식품자원경제학과3보건과학보건행정학과3공공인재공공정책학과야()11자연과학기술수학과
단국대학교,경기,3에너지공학과4경영공학과3제약공학과3바이오융합생명공학부식량생명공학전공
단국대학교,경기,3코스메디컬소재학과2보건과학심리학과3간호간호학과
단국대학교,경기,--2예능예술미술학부
단국대학교,경기,섬유전공()34모집인원제한없음동양화전공3서양화전공3조소전공1문예창작과4뉴뮤직학부뮤직테크놀러지전공2재즈퍼포먼스전공3싱어송라이팅전공3체육스포츠과학생활체육학과3스포츠경영학과3국제스포츠학부운동처방재활전공
대구가톨릭대학교,경북,모집단위명칭변경2027학년도2028학년도경영학과통합경영학과회계세무학과바이오메디대학자율학부명칭변경바이오헬스융합대학자율학부컴퓨터소프트웨어학부통합및명칭변경컴퓨터인공지능학부AI빅데이터공학과소프트웨어융합학과
대구가톨릭대학교,경북,과학교과중석차등급상위15과목반영15과목생활체육학과
대구가톨릭대학교,경북,실적실기일반전형일괄합산학생부20+실기80(생활체육학과
대구가톨릭대학교,경북,자연6컴퓨터인공지능학부컴퓨터공학전공클라우드인프라전공사이버보안전공게임공학전공AI빅데이터공학전공소프트웨어융합전공
대구가톨릭대학교,경북,인문7문헌정보학과인문3621762심리학과인문642692022아동학과인문2918452사회복지학과인문61288312422미디어영상광고홍보학부미디어영상전공광고홍보전공인문764417132행정법무학과인문2617432경찰행정학과인문74351517322군사학과인문312542사회과학대학자율학부
대구가톨릭대학교,경북,게임공학전공
대구가톨릭대학교,경북,전형방법모집단위단계전형요소및반영비율총점비고생활체육학과체육교육과음악학과
대구가톨릭대학교,경북,음악공연예술대학(음악학과
대구가톨릭대학교,경북,예술치료학과
대구가톨릭대학교,경북,생활체육학과
대구가톨릭대학교,경북,음악공연예술대학모집단위과제곡음악학과
대구가톨릭대학교,경북,연주후전공관련추가테스트가있을수있음예술치료학과
대구대학교,경북,학생부10XO디자인마케팅학과
대구대학교,경북,체육학과
대구대학교,경북,학생부20스포츠레저학과
대구대학교,경북,산업디자인학과
대구대학교,경북,게임엔터테인먼트학과실기100포트폴리오전형30웹툰영상애니메이션학부
대구대학교,경북,게임엔터테인먼트학과실기100경기실적우수자전형32체육학과
대구대학교,경북,스포츠레저학과
대구대학교,경북,스포츠헬스케어학과
대구대학교,경북,학생부30X체육특기자전형17체육학과
대구대학교,경북,실적(예체능실기전형)-체육학과
대구대학교,경북,체육레저학부
대구대학교,경북,디자인마케팅학과
대구대학교,경북,수능20XO산업디자인학과실기100X스포츠레저학과
대구대학교,경북,게임엔터테인먼트학과
대구대학교,경북,정시모집예체능실기전형스포츠레저학과
대구대학교,경북,글로벌경영대학인문사회경영학부경영학전공
대구대학교,경북,경영학부관광항공경영전공
대구대학교,경북,사회과학대학인문사회사회복지학과
대구대학교,경북,청소년상담복지학과
대구대학교,경북,교직아동가족복지학과
대구대학교,경북,평생교육실버복지학과
대구대학교,경북,교직심리학과
대구대학교,경북,반려동물산업학과
대구대학교,경북,난임의료산업학과
대구대학교,경북,장애인등대상자일반전형예체능실기가나다가나다디자인예술대학예체능웹툰영상애니메이션학부영상애니메이션전공
대구대학교,경북,재활과학대학자연과학물리치료학과
대구대학교,경북,재활상담심리치료학과
대구대학교,경북,의료재활학과
대구대학교,경북,재활건강증진학과
대구대학교,경북,체육레저학부예체능교직체육학과
대구대학교,경북,복지상담학과
대구대학교,경북,6차치유산업학과
대구대학교,경북,청소년학과
대구대학교,경북,부동산지적학과글로벌경영대학경영학부(경영학전공
대구대학교,경북,호텔관광경영학부(관광항공경영전공
대구대학교,경북,일본어일본학과사회과학대학사회복지학과
대구대학교,경북,아동가족복지학과
대구대학교,경북,심리학과보건바이오대학보건의료학과
대구대학교,경북,사이버보안전공)디자인예술대학웹툰영상애니메이션학부(영상애니메이션전공
대구대학교,경북,게임엔터테인먼트학과재활과학대학언어치료학과
대구대학교,경북,재활건강증진학과체육레저학부체육학과
대구대학교,경북,스포츠헬스케어학과문화콘텐츠학부문화콘텐츠학부
대구대학교,경북,자XX디자인마케팅학과
대구대학교,경북,8중택1)1정밀묘사체육학과
대구대학교,경북,제자리멀리뛰기2상황표현3칸만화4기초디자인5기초소양스포츠레저학과
대구대학교,경북,진행게임엔터테인먼트학과
대구대학교,경북,과제체육학과
대구대학교,경북,제자리멀리뛰기체육레저학부체육학과
대구대학교,경북,제자리멀리뛰기스포츠레저학과
대구대학교,경북,실적(예체능실기전형)8명산업디자인학과
대구대학교,경북,택1)1정밀묘사스포츠레저학과
대구대학교,경북,행정학전공606공직법무전공505경찰학부경찰행정학전공787자치경찰학전공454국방군사학과363부동산지적학과353글로벌경영대학인문사회경영학부경영학전공15015회계학전공경제금융통상학과606교직호텔관광경영학부관광항공경영전공808호텔외식관광전공교직일본어일본학과383사회과학대학인문사회사회복지학과13613청소년상담복지학과505교직아동가족복지학과505평생교육실버복지학과303미디어커뮤니케이션학부영상콘텐츠전공808광고PR전공교직문헌정보학과363교직심리학과787보건바이오대학자연과학보건의료학과
대구대학교,경북,인증404공학응급구조학과555자연과학교직동물자원학과383반려동물산업학과606스마트원예학과363공학교직식품공학과303난임의료산업학과
대구대학교,경북,제외)단과대학모집계열모집단위입학정원(명)최대모집가능인원(명)디자인예술대학예체능웹툰영상애니메이션학부영상애니메이션전공10010웹툰전공교직시각디자인학과464디자인마케팅학과303산업디자인학과404교직패션디자인학과474뷰티학부헤어디자인전공656메이크업피부전공실내건축디자인학과535게임엔터테인먼트학과505재활과학대학자연과학물리치료학과464작업치료학과494언어치료학과393재활상담심리치료학과555의료재활학과404재활건강증진학과404간호대학자연과학간호교육인증교직간호학과12912체육레저학부예체능교직체육학과656스포츠레저학과757스포츠헬스케어학과505문화콘텐츠학부인문사회문화콘텐츠학부
대구대학교,경북,행정학전공공직법무전공경찰학부경찰행정학전공자치경찰학전공국방군사학과부동산지적학과글로벌경영대학인문사회경영학부경영학전공회계학전공경제금융통상학과교직호텔관광경영학부관광항공경영전공호텔외식관광전공교직일본어일본학과사회과학대학인문사회사회복지학과청소년상담복지학과교직아동가족복지학과평생교육실버복지학과미디어커뮤니케이션학부영상콘텐츠전공광고PR전공교직문헌정보학과교직심리학과보건바이오대학자연과학보건의료학과
대구대학교,경북,인증공학응급구조학과자연과학교직동물자원학과반려동물산업학과스마트원예학과공학교직식품공학과난임의료산업학과
대구대학교,경북,공과대학공학건축공학과소방안전방재학과기계자동차공학부기계공학전공미래자동차공학전공교직식품영양학과조경산림정원학과친환경에너지학과전자전기공학부교직반도체전자공학전공교직전기공학전공컴퓨터정보공학부교직컴퓨터공학전공교직컴퓨터소프트웨어전공사이버보안전공디자인예술대학예체능웹툰영상애니메이션학부영상애니메이션전공웹툰전공교직시각디자인학과디자인마케팅학과산업디자인학과교직패션디자인학과뷰티학부헤어디자인전공메이크업피부전공실내건축디자인학과게임엔터테인먼트학과재활과학대학자연과학물리치료학과작업치료학과언어치료학과재활상담심리치료학과의료재활학과재활건강증진학과체육레저학부예체능교직체육학과스포츠레저학과스포츠헬스케어학과문화콘텐츠학부인문사회문화콘텐츠학부
대구대학교,경북,단과대학모집계열모집단위국제대학인문사회글로벌한국학부한국어교육전공한국어통번역전공글로벌인재학부국제경제무역전공글로벌경영전공문화산업관리전공미디어전공인재교육전공법학전공연극영화문학전공중국언어문학전공회계학전공농산업학전공AI컴퓨터공학전공건축공학전공기계공학전공전자전기ICT공학전공디자인예술전공글로벌자율학부
대전대학교,대전,스포츠운동과학과
대전대학교,대전,스포츠건강재활학과웹툰애니메이션학과
대전대학교,대전,공연예술영상콘텐츠학과
대전대학교,대전,웹툰애니메이션학과스포츠운동과학과
대전대학교,대전,스포츠건강재활학과
대전대학교,대전,군사학과사회통합대전대종합(서류형)대전대종합(면접형)체육특기자실기우수자한의논술수능일반군사학과
대전대학교,대전,경영학부
대전대학교,대전,변경구분2027학년도2028학년도경영학부
대전대학교,대전,점수비고학생부실기고사입상실적체육특기자전형스포츠운동과학과
대전대학교,대전,--웹툰애니메이션학과공연예술영상콘텐츠학과
대전대학교,대전,-스포츠운동과학과스포츠건강재활학과
대전대학교,대전,--스포츠운동과학과스포츠건강재활학과
대전대학교,대전,000점실기위주체육특기자전형스포츠운동과학학과9010200점실기우수자전형커뮤니케이션디자인학과9010200점스포츠운동과학과9010400점스포츠건강재활학과
대전대학교,대전,고사시간체육특기자전형스포츠운동과학과
대전대학교,대전,칸만화택14시간공연예술영상콘텐츠학과
대전대학교,대전,구성택1-스포츠운동과학과스포츠건강재활학과
대전대학교,대전,칸만화택14시간스포츠운동과학과스포츠건강재활학과
대진대학교,경기,차상위특성화고졸재직자군위탁대순종학대학대순종학과151414소계151414인문예술대학영어영문학과
대진대학교,경기,문화콘텐츠학과2855818문예콘텐츠창작학과3566102222미술만화게임학부현대미술전공
대진대학교,경기,만화게임그래픽전공453030시각디자인학과
대진대학교,경기,302020325산업디자인학과
대진대학교,경기,3422527224연기예술학과
대진대학교,경기,2921921224실용음악학과221818소계2857167122413219816622글로벌산업통상대학글로벌경제학과47647102722경영학과5567461033336국제통상학과445531023224국제학부국제지역학전공365431022중국학전공
대진대학교,경기,41543102222소계223212617135012775214공공인재대학공공인재법학과43755102722행정정보학과476556103222사회복지학과385531023224아동학과255561622미디어커뮤니케이션학과546856103543310문헌정보학과
대진대학교,경기,39554102422소계2463433221256157143522보건과학대학의생명과학과566565123422간호학과65753547336스포츠건강과학과362525325식품영양학과
대진대학교,경기,334531022224보건경영학과2065718소계2201622910642514610717AI융합대학AI융합학부스마트모빌리티전공606858103722컴퓨터공학전공
대진대학교,경기,215551522건축공학과3257372222스마트건설환경공학과566656103322데이터경영산업공학과
대진대학교,경기,2753582122공학자율학부18545301515105소계41366682915265125562210상생교양대학자율전공학부132203010101585소계132203010101585미래평생교육융합대학휴먼케어평생교육학과(야)44415015사회복지상담학과(야)22210010드론산업학과
대진대학교,경기,실적위주일반학생일반학생일반학생종단추천자일반학생대순종학대학대순종학과1511소계1511인문예술대학영어영문학과
대진대학교,경기,문화콘텐츠학과281010문예콘텐츠창작학과351313미술만화게임학부현대미술전공
대진대학교,경기,만화게임그래픽전공451515시각디자인학과
대진대학교,경기,301010산업디자인학과
대진대학교,경기,3477연기예술학과
대진대학교,경기,2988실용음악학과2244소계285335487글로벌산업통상대학글로벌경제학과472020경영학과552222국제통상학과442121국제학부국제지역학전공361414중국학전공
대진대학교,경기,411919소계2239696공공인재대학공공인재법학과431616행정정보학과471515사회복지학과381515아동학과2599미디어커뮤니케이션학과541919문헌정보학과
대진대학교,경기,391515소계2468989보건과학대학의생명과학과562222간호학과651818스포츠건강과학과361111식품영양학과
대진대학교,경기,331111보건경영학과201212소계22045181174AI융합대학AI융합학부스마트모빌리티전공602323컴퓨터공학전공
대진대학교,경기,2166건축공학과321010스마트건설환경공학과562323데이터경영산업공학과
대진대학교,경기,2766공학자율학부1858080소계41339119158상생교양대학자율전공학부1324747소계1324747미래평생교육융합대학휴먼케어평생교육학과(야)40사회복지상담학과(야)20드론산업학과
대진대학교,경기,모집단위및모집인원모집단위모집인원비고휴먼케어평생교육학과(야)4명-사회복지상담학과(야)2명-드론산업학과
대진대학교,경기,금속재료과영화영상학과연기예술학과
대진대학교,경기,문화콘텐츠과경영학과
대진대학교,경기,모집단위및모집인원모집단위모집인원비고휴먼케어평생교육학과(야)15명사회복지상담학과(야)10명드론산업학과
대진대학교,경기,모집단위및모집인원모집단위모집인원비고드론산업학과
대진대학교,경기,모집단위및모집인원모집단위모집인원비고인문예술대학미술만화게임학부30명시각디자인학과20명산업디자인학과20명영화영상학과25명연기예술학과19명실용음악학과18명보건과학대학스포츠건강과학과
대진대학교,경기,스포츠건강과학과
대진대학교,경기,미술만화게임학부전공실기고사과목용지규격배점시간실기고사내용최고최저현대미술전공만화게임그래픽전공
대진대학교,경기,인문예술대학미술만화게임학부
대진대학교,경기,산업디자인학과전공실기고사과목용지규격배점시간실기고사내용최고최저산업디자인학과
대진대학교,경기,인문예술대학디자인학과
대진대학교,경기,산업디자인학과
대진대학교,경기,연기예술학과전공실기고사과목배점시간실기고사내용최고최저연기예술학과
대진대학교,경기,인문예술대학영화영상학과
대진대학교,경기,연기예술학과
대진대학교,경기,인문예술대학실용음악학과
대진대학교,경기,)모집인원(명)비고수능학생부실기출결가군수능위주일반학생글로벌산업통상대학보건과학대학AI융합대학공과대학9010180농어촌학생(정원외)9010수시이월인원모집특성화고교졸업자(정원외)9010기초생활수급권자및차상위계층(정원외)9010나군수능위주일반학생공공인재대학AI융합대학공과대학9010281농어촌학생(정원외)9010수시이월인원모집특성화고교졸업자(정원외)9010기초생활수급권자및차상위계층(정원외)9010학생부교과특성화고졸재직자(정원외)909010수시이월인원모집다군수능위주일반학생인문예술대학보건과학대학상생교양대학901098종단추천자대순종학과
대진대학교,경기,모집단위및모집인원모집군모집단위모집인원비고나군휴먼케어평생교육학과(야)수시이월인원모집사회복지상담학과(야)수시이월인원모집드론산업학과
대진대학교,경기,영화영상학과스포츠건강과학과
대진대학교,경기,모집단위및모집인원모집단위모집인원비고시각디자인학과연기예술학과
대진대학교,경기,금속재료과연기예술학과영화영상학과
대진대학교,경기,모집단위및모집인원모집군모집단위모집인원비고다군스포츠건강과학과
대진대학교,경기,전형유형별모집단위별지정교과목전형구분모집단위반영과목취업자특성화고졸재직자(정원외)휴먼케어평생교육학과(야)사회복지상담학과(야)드론산업학과
대진대학교,경기,전공)부모모두외국인모집인원대순종학대학대순종학과모집없음소계인문예술대학영어영문학과
대진대학교,경기,문화콘텐츠학과문예콘텐츠창작학과미술만화게임학부현대미술전공
대진대학교,경기,만화게임그래픽전공시각디자인학과
대진대학교,경기,실용음악학과소계글로벌산업통상대학글로벌경제학과경영학과국제통상학과국제학부국제지역학전공중국학전공
대진대학교,경기,소계공공인재대학공공인재법학과행정정보학과사회복지학과아동학과미디어커뮤니케이션학과문헌정보학과
대진대학교,경기,소계보건과학대학의생명과학과간호학과모집없음스포츠건강과학과제한없음식품영양학과
대진대학교,경기,보건경영학과소계AI융합대학AI융합학부스마트모빌리티전공컴퓨터공학전공
대진대학교,경기,건축공학과스마트건설환경공학과데이터경영산업공학과
대진대학교,경기,공학자율학부모집없음소계상생교양대학자율전공학부모집없음소계미래평생교육융합대학휴먼케어평생교육학과(야)모집없음사회복지상담학과(야)드론산업학과(야)소계국제협력대학한국학과제한없음국제경영학과
대진대학교,경기,국제경영학과(영어트랙
덕성여자대학교,서울,특성화고등을졸업한재직자농어촌학생사회통합특성화고교기초생활수급자등장애인등대상자글로벌융합대학국어국문학전공408405273--70-235620329264-일어일문학전공중어중문학전공영어영문학전공스페인어전공사학전공철학전공미술사학전공문화인류학전공경영학전공회계학전공국제통상학전공법학전공사회학전공문헌정보학전공심리학전공아동가족학전공사회복지학전공정치외교학전공의상디자인전공유아교육과3710-12----22---022-과학기술대학디지털소프트웨어공학부194202525--40-110518-2313363바이오공학전공수학전공정보통계학전공화학전공식품영양학전공약학대학약학과
덕성여자대학교,서울,Design대학동양화전공117------71716--677-서양화전공실내디자인전공시각디자인전공텍스타일디자인전공생활체육학전공미래인재대학자유전공학부2594030402624--160---0160-가상현실융합학과4010-20----30---030-데이터사이언스학과4010-20----30---030-신약학과
덕성여자대학교,서울,모집단위선택가능전공학부()글로벌융합대학경영학전공회계학전공국제통상학전공의상디자인전공
덕성여자대학교,서울,글로벌융합대학국어국문학전공408-0174--174-0174일어일문학전공중어중문학전공영어영문학전공스페인어전공사학전공철학전공미술사학전공문화인류학전공경영학전공회계학전공국제통상학전공법학전공사회학전공문헌정보학전공심리학전공아동가족학전공사회복지학전공정치외교학전공의상디자인전공유아교육과37-015--15-015과학기술대학디지털소프트웨어공학부1948484---0-084바이오공학전공수학전공정보통계학전공화학전공식품영양학전공약학대학약학과
덕성여자대학교,서울,Design대학동양화전공117-0-232346-046서양화전공실내디자인전공시각디자인전공텍스타일디자인전공생활체육학전공미래인재대학자유전공학부259-0---0100100100가상현실융합학과401010---0-010데이터사이언스학과401010---0-010신약학과
동국대학교,서울,체육교육과미술학부
동국대학교,서울,)스포츠문화학과
동국대학교,서울,단계선발배수1)1배수모집단위경영대학단과대학모집기계로봇에너지공학과법학과전자전기공학부
동국대학교,서울,배수모집단위교육학과문화유산학과물리학과북한학전공불교학부사회복지학과
동국대학교,서울,8모집단위법학과사회복지학과경영대학단과대학모집()전자전기공학부모집인원명1명1명1명1모집단위정보통신공학과컴퓨터학부
동국대학교,서울,문예창작학부체육교육과미술학부연극학부스포츠문화학과한국음악과불교미술한국화서양화실기형특기형모집인원명23명23명15명15명15명38명2명221)명212)스포츠문화학과
동국대학교,서울,39()실기실적스포츠문화학과
동국대학교,서울,전체모집단위체육교육과조소전공
동국대학교,서울,154구분범죄학과사회복지상담학과글로벌무역학과
동덕여자대학교,서울,사회복지학전공
동덕여자대학교,서울,경영대학경영융합학부
동덕여자대학교,서울,체육학전공3131정보학부컴퓨터학전공
동덕여자대학교,서울,약학대학-약학과4040예술대학미술학부회화전공9941디지털공예전공35큐레이터학전공23음악학부피아노전공6521관현악전공23성악전공21디자인이노베이션대학디자인학부패션디자인전공
동덕여자대학교,서울,실내디자인전공63미디어디자인전공36패션디자인전공(야)3838공연예술대학공연예술학부방송연예전공3535실용음악전공3434무용전공3636모델전공2323방송연예전공(야)3838문화지식융합대학문화지식융합학부커뮤니케이션콘텐츠전공
동덕여자대학교,서울,첨단학과앙트러프러너리얼리더십학부문화예술경영전공
동덕여자대학교,서울,실적학생부(종합)학생부(종합)동덕창의리더기회균형특성화고등고졸재직자학생부교과우수자논술우수자실기우수자특기자특성화고등고졸재직자수능우수자농어촌학생특성화고교기회균등수능우수자실기우수자실기우수자특성화고등고졸재직자특성화고등고졸재직자인문대학인문학부국어국문학전공266169421국사학전공20556421문예창작전공20556421글로벌지역학부영어전공38141811431일어일본학전공299178422유러피언스터디즈전공3210810431중어중국학전공351011010431사회과학대학사회과학부문헌정보학전공22657421사회복지학전공215156421아동학전공3181810421경영대학경영융합학부99272233710794자연정보과학대학자연과학부식품영양학전공2771784211보건관리학전공2461674211응용화학전공216564211화장품학전공2055641체육학전공311813정보학부컴퓨터학전공491411515434정보통계학전공2971894221약학대학-약학과4088244예술대학미술학부회화전공413110디지털공예전공352411큐레이터학전공2343412음악학부피아노전공21165관현악전공23185성악전공21165디자인이노베이션대학디자인학부패션디자인전공
동덕여자대학교,서울,실내디자인전공634023미디어디자인전공362412패션디자인전공(야)382315공연예술대학공연예술학부방송연예전공352258실용음악전공3417512무용전공
동덕여자대학교,서울,모델전공231922방송연예전공(야)38299문화지식융합대학문화지식융합학부커뮤니케이션콘텐츠전공2877104HCI사이언스전공2877104데이터사이언스전공5065930앙트러프러너리얼리더십학부문화예술경영전공2978104글로벌MICE융합전공2877104앙트러프러너십전공251285미래인재융합대학금융회계학부
동덕여자대학교,서울,실적학생부(종합)재외국민과외국인정원내정원외동덕창의리더기회균형특성화고등고졸재직자학생부교과우수자논술우수자실기우수자특기자특성화고등고졸재직자인문대학인문학부국어국문학전공2661692명이내22국사학전공205562명이내16문예창작전공205562명이내16글로벌지역학부영어전공381418113명이내34일어일본학전공2991782명이내25유러피언스터디즈전공32108103명이내28중어중국학전공3510110103명이내31사회과학대학사회과학부문헌정보학전공226572명이내18사회복지학전공2151562명이내17아동학전공31818103명이내27경영대학경영융합학부9927223379명이내89자연정보과학대학자연과학부식품영양학전공2771782명이내23보건관리학전공2461672명이내20응용화학전공216562명이내17화장품학전공205562명이내16체육학전공31183명이내18정보학부컴퓨터학전공4914115154명이내45정보통계학전공2971892명이내25약학대학-약학과40884명이내16예술대학미술학부회화전공41314명이내31디지털공예전공35243명이내24큐레이터학전공234342명이내11음악학부피아노전공21162명이내16관현악전공23182명이내18성악전공21162명이내16디자인이노베이션대학디자인학부패션디자인전공
동덕여자대학교,서울,실내디자인전공63406명이내40미디어디자인전공36243명이내24패션디자인전공(야)382323공연예술대학공연예술학부방송연예전공352253명이내27실용음악전공341753명이내22무용전공36363명이내36모델전공231922명이내21방송연예전공(야)382929문화지식융합대학문화지식융합학부커뮤니케이션콘텐츠전공2877102명이내24HCI사이언스전공2877102명이내24데이터사이언스전공506595명이내20앙트러프러너리얼리더십학부문화예술경영전공2978102명이내25글로벌MICE융합전공2877102명이내24앙트러프러너십전공251282명이내20미래인재융합대학금융회계학부6684684ARETE교양대학자율전공학부94인문사회문화학부125자연정보융합학부
동덕여자대학교,서울,모집단위별모집인원대학모집단위전체모집인원동덕창의리더전형비고인문대학국어국문학전공266국사학전공205문예창작전공205영어전공3814일어일본학전공299유러피언스터디즈전공3210중어중국학전공3510사회과학대학문헌정보학전공226사회복지학전공215아동학전공318경영대학경영융합학부9927자연정보과학대학식품영양학전공277보건관리학전공246응용화학전공216화장품학전공205컴퓨터학전공4914정보통계학전공297약학대학약학과408예술대학큐레이터학전공234문화지식융합대학커뮤니케이션콘텐츠전공287HCI사이언스전공287데이터사이언스전공506문화예술경영전공297글로벌MICE융합전공287앙트러프러너십전공
동덕여자대학교,서울,모집단위별모집인원대학모집단위전체모집인원기회균형특별전형비고인문대학국어국문학전공261영어전공381일어일본학전공291중어중국학전공351사회과학대학사회복지학전공211아동학전공311경영대학경영융합학부992자연정보과학대학식품영양학전공271보건관리학전공241컴퓨터학전공491정보통계학전공
동덕여자대학교,서울,모집단위별모집인원대학모집단위전체모집인원학생부교과우수자특별전형비고인문대학국어국문학전공266국사학전공205문예창작전공205영어전공388일어일본학전공297유러피언스터디즈전공328중어중국학전공3510사회과학대학문헌정보학전공225사회복지학전공215아동학전공318경영대학경영융합학부9923자연정보과학대학식품영양학전공277보건관리학전공246응용화학전공215화장품학전공205컴퓨터학전공4915정보통계학전공298약학대학약학과408예술대학큐레이터학전공233문화지식융합대학커뮤니케이션콘텐츠전공287HCI사이언스전공287데이터사이언스전공505문화예술경영전공298글로벌MICE융합전공
동덕여자대학교,서울,모집단위별모집인원대학모집단위전체모집인원논술우수자전형비고인문대학국어국문학전공269국사학전공206문예창작전공206영어전공3811일어일본학전공298유러피언스터디즈전공3210중어중국학전공3510사회과학대학문헌정보학전공227사회복지학전공216아동학전공3110경영대학경영융합학부9937자연정보과학대학식품영양학전공278보건관리학전공247응용화학전공216화장품학전공206컴퓨터학전공4915정보통계학전공299예술대학큐레이터학전공234문화지식융합대학커뮤니케이션콘텐츠전공2810HCI사이언스전공2810데이터사이언스전공509문화예술경영전공2910글로벌MICE융합전공2810앙트러프러너십전공
동덕여자대학교,서울,모집단위별모집인원대학모집단위전체모집인원실기우수자전형비고자연정보과학대학체육학전공3118예술대학회화전공4131디지털공예전공3524피아노전공2116관현악전공2318성악전공2116디자인이노베이션대학패션디자인전공
동덕여자대학교,서울,실내디자인전공6340미디어디자인전공3624패션디자인전공(야)3823공연예술대학방송연예전공3522실용음악전공
동덕여자대학교,서울,실기고사내용대학모집단위유형및과제자연정보과학대학체육학전공전공
동덕여자대학교,서울,댄스스포츠중택1)예술대학회화전공
동덕여자대학교,서울,실내디자인전공기초디자인미디어디자인전공기초디자인공연예술대학방송연예전공
동덕여자대학교,서울,모집단위별모집인원대학모집단위전체모집인원특기자특별전형비고공연예술대학방송연예전공355실용음악전공345모델전공
동덕여자대학교,서울,실기고사내용대학모집단위유형및과제공연예술대학방송연예전공
동덕여자대학교,서울,모집단위별모집인원대학모집단위모집단위별입학정원최대모집가능인원선발유형모집인원인문대학국어국문학전공262서류평가17국사학전공202문예창작전공202영어전공383일어일본학전공292유러피언스터디즈전공323중어중국학전공353사회과학대학문헌정보학전공222사회복지학전공212아동학전공313경영대학경영융합학부999자연정보과학대학식품영양학전공272보건관리학전공242응용화학전공212화장품학전공202컴퓨터학전공494정보통계학전공292예술대학큐레이터학전공232문화지식융합대학커뮤니케이션콘텐츠전공282HCI사이언스전공282데이터사이언스전공505문화예술경영전공292글로벌MICE융합전공282앙트러프러너십전공252약학대학약학과
동덕여자대학교,서울,면접평가4자연정보과학대학체육학전공313실기고사9예술대학회화전공414디지털공예전공353피아노전공212관현악전공232성악전공212디자인이노베이션대학패션디자인전공
동덕여자대학교,서울,실내디자인전공636미디어디자인전공363공연예술대학방송연예전공353실용음악전공343무용전공363모델전공
동덕여자대학교,서울,아동학전공경영대학경영융합학부자연정보과학대학식품영양학전공
동덕여자대학교,서울,정보통계학전공예술대학큐레이터학전공문화지식융합대학커뮤니케이션콘텐츠전공
동덕여자대학교,서울,문화예술경영전공
동덕여자대학교,서울,과학교과전과목자연정보과학대학체육학전공
동덕여자대학교,서울,과학교과중1개교과전과목예술대학회화전공
동덕여자대학교,서울,패션디자인전공(야)공연예술대학방송연예전공
동덕여자대학교,서울,실기우수자전형지원자중국내고등학교졸업(예정)자를제외한법령에의하여고등학교졸업자와동등이상의학력이있다고인정되는자2)학교생활기록부성적산출방법및공식구분학교생활기록부성적산출방법자연정보과학대학체육학전공
동덕여자대학교,서울,145점예술대학회화전공
동덕여자대학교,서울,미디어디자인전공공연예술대학방송연예전공
동덕여자대학교,서울,실적학생부(종합)학생부(종합)수능우수자농어촌학생특성화고교기회균등수능우수자실기우수자실기우수자특성화고등고졸재직자특성화고등고졸재직자정원내정원외인문대학인문학부국어국문학전공2642143국사학전공2042143문예창작전공2042143글로벌지역학부영어전공3843144일어일본학전공2942244유러피언스터디즈전공3243144중어중국학전공3543144사회과학대학사회과학부문헌정보학전공2242143사회복지학전공2142143아동학전공3142143경영대학경영융합학부99107941020자연정보과학대학자연과학부식품영양학전공27421144보건관리학전공24421144응용화학전공21421144화장품학전공204141체육학전공311313정보학부컴퓨터학전공4943447정보통계학전공29422145약학대학-약학과40244244예술대학미술학부회화전공411010디지털공예전공351111큐레이터학전공231212음악학부피아노전공2155관현악전공2355성악전공2155디자인이노베이션대학디자인학부패션디자인전공
동덕여자대학교,서울,실내디자인전공632323미디어디자인전공361212패션디자인전공(야)381515공연예술대학공연예술학부방송연예전공3588실용음악전공341212무용전공
동덕여자대학교,서울,모델전공2322방송연예전공(야)3899문화지식융합대학문화지식융합학부커뮤니케이션콘텐츠전공2844HCI사이언스전공2844데이터사이언스전공503030앙트러프러너리얼리더십학부문화예술경영전공2944글로벌MICE융합전공2844앙트러프러너십전공2555미래인재융합대학금융회계학부
동덕여자대학교,서울,모집단위별모집인원대학모집단위전체모집인원수능우수자전형비고가군나군인문대학국어국문학전공264국사학전공204문예창작전공204영어전공384일어일본학전공294유러피언스터디즈전공324중어중국학전공354사회과학대학문헌정보학전공224사회복지학전공214아동학전공314경영대학경영융합학부9910자연정보과학대학식품영양학전공274보건관리학전공244응용화학전공214화장품학전공204컴퓨터학전공494정보통계학전공294약학대학약학과4024예술대학큐레이터학전공2312문화지식융합대학커뮤니케이션콘텐츠전공284HCI사이언스전공284데이터사이언스전공5030문화예술경영전공294글로벌MICE융합전공284앙트러프러너십전공255ARETE교양대학자율전공학부9494인문사회문화학부125125자연정보융합학부
동덕여자대학교,서울,모집단위별모집인원대학모집단위전체모집인원실기우수자전형비고나군다군자연정보과학대학체육학전공3113예술대학회화전공4110디지털공예전공3511피아노전공215관현악전공235성악전공215디자인이노베이션대학패션디자인전공
동덕여자대학교,서울,실내디자인전공6323미디어디자인전공3612패션디자인전공(야)3815공연예술대학방송연예전공358실용음악전공
동덕여자대학교,서울,나군자연정보과학대학체육학전공
동덕여자대학교,서울,나군공연예술대학방송연예전공
동덕여자대학교,서울,나군공연예술대학실용음악전공
동덕여자대학교,서울,나군예술대학회화전공
동덕여자대학교,서울,다군예술대학디지털공예전공다군디자인이노베이션대학패션디자인전공
동덕여자대학교,서울,다군예술대학피아노전공
동덕여자대학교,서울,실기고사내용대학모집단위유형및과제자연정보과학대학체육학전공
동덕여자대학교,서울,10미터왕복달리기)예술대학회화전공
동덕여자대학교,서울,모집단위별모집인원대학모집단위전체모집인원농어촌학생특별전형비고가군인문대학국어국문학전공262국사학전공202문예창작전공202영어전공383일어일본학전공292유러피언스터디즈전공323중어중국학전공353사회과학대학문헌정보학전공222사회복지학전공212아동학전공312경영대학경영융합학부997자연정보과학대학식품영양학전공272보건관리학전공242응용화학전공212컴퓨터학전공493정보통계학전공
동덕여자대학교,서울,모집단위별모집인원대학모집단위전체모집인원특성화고교특별전형비고가군경영대학경영융합학부999자연정보과학대학식품영양학전공271보건관리학전공241응용화학전공211화장품학전공201컴퓨터학전공494정보통계학전공
동덕여자대학교,서울,모집단위별모집인원대학모집단위전체모집인원기회균등특별전형비고가군인문대학국어국문학전공261국사학전공201문예창작전공201영어전공381일어일본학전공292유러피언스터디즈전공321중어중국학전공351사회과학대학문헌정보학전공221사회복지학전공211아동학전공311경영대학경영융합학부994자연정보과학대학식품영양학전공271보건관리학전공241응용화학전공211정보통계학전공291약학대학약학과
동덕여자대학교,서울,(과학)자연정보과학대학체육학전공
동덕여자대학교,서울,(1과목)3영역균등반영예술대학회화전공
동명대학교,부산,실기(스포츠우수자전형)스포츠융합학과
동명대학교,부산,(화)K-sports태권도학과
동명대학교,부산,(목)실기고사스포츠재활학과
동명대학교,부산,문화예술학부
동명대학교,부산,게임학부
동명대학교,부산,K-sports태권도학과
동명대학교,부산,스포츠융합학과
동명대학교,부산,10월중실기고사스포츠재활학과
동명대학교,부산,(수)게임학부
동명대학교,부산,(금)문화예술학부
동명대학교,부산,(수)실기고사문화예술학부
동명대학교,부산,2028년1월중실기고사문화예술학부
동명대학교,부산,창의인재전형실기전형특성화고동일계전형농어촌학생전형기회균형전형가군실기전형가군일반전형나군일반전형다군일반전형다군평생학습자전형보건복지교육대학간호학과간호교육인증90651633----87모집안함모집안함22---3-3작업치료학과
동명대학교,부산,0---2-2언어치료청각재활학과
동명대학교,부산,0-1---1스포츠재활학과
동명대학교,부산,임상심리학과
동명대학교,부산,0---0-0사회복지학과
동명대학교,부산,예술대학뷰티케어학과
동명대학교,부산,0---0-0문화예술학부
동명대학교,부산,0---1-1게임학부
동명대학교,부산,게임그래픽전공
동명대학교,부산,게임학전공
동명대학교,부산,0---0-0창의융합대학경영학부
동명대학교,부산,0--1--1해양방위산업공학과306135---5-29모집안함모집안함모집안함0---1-1K-sports태권도학과
동명대학교,부산,모집안함0-2---2스포츠융합학과
동명대학교,부산,0-1---1미래융합대학복지경영학과30----255--30모집안함모집안함모집안함0----00뷰티산업학과30----1020--30모집안함모집안함모집안함0----00한국어교육다문화학과30----255--30모집안함모집안함모집안함0----00창업학과30----2010--30모집안함모집안함모집안함0----00한국문화학과
동명대학교,부산,복지경영학과
동명대학교,부산,뷰티산업학과
동명대학교,부산,스포츠재활학과
동명대학교,부산,실적실기전형스포츠재활학과
동명대학교,부산,4)-문화예술학부
동명대학교,부산,3)-게임학부5--100-K-sports태권도학과
동명대학교,부산,해양방위산업공학과
동명대학교,부산,단계심사없이지원자전원면접m실기고사모집단위실기비율실기과목시행(평가)방법스포츠재활학과
동명대학교,부산,종목별기초체력측정문화예술학부
동명대학교,부산,가창력등을평가게임학부
동명대학교,부산,다수의주제중당일추첨K-sports태권도학과
동명대학교,부산,숙련도등을종합적으로평가스포츠융합학과
동명대학교,부산,실적가군실기전형문화예술학부3--100수능가군일반전형언어치료청각재활학과
동명대학교,부산,사회복지학과
동명대학교,부산,경영학부
동명대학교,부산,해양방위산업공학과18100--학생부교과다군평생학습자전형복지경영학과
동명대학교,부산,학교생활기록부가없는자는우리대학성적반영방법에따름m실기고사모집단위실기비율실기과목시행(평가)방법문화예술학부
동서대학교,부산,운동처방학과
동서대학교,부산,체육학과
동서대학교,부산,경영학부
동서대학교,부산,사회복지학과
동서대학교,부산,상담심리학과
동서대학교,부산,1경영학부
동서대학교,부산,1사회복지학과
동서대학교,부산,1상담심리학과
동서대학교,부산,사고의전환중택1800운동처방학과
동서대학교,부산,제자리멀리뛰기800체육학과
동서대학교,부산,칸만화중택1800운동처방학과
동신대학교,전남,000)적용실기위주실기태권도학과
동신대학교,전남,실용음악학과공연예술무용학과
동신대학교,전남,000)특기자스포츠의학과생활체육학과태권도학과
동신대학교,전남,000)전형기간자율정원내외기타성인학습자에너지리사이클링학과사회복지상담학과K-남도문화학과한국어교원학과
동신대학교,전남,1811176415--응급구조학과302010-보건복지대학물리치료학과90603018--방사선학과60451512-작업치료학과25178-안경광학과20128-보건행정학과
동신대학교,전남,30219-스포츠의학과3516154-반려동물학과3030-뷰티미용학과
동신대학교,전남,40832-사회복지학과30219-상담심리학과
동신대학교,전남,30237-도시계획학과2020-호텔관광경영학과302010-생활체육학과40181012-태권도학과
동신대학교,전남,실용음악학과301515-공연예술무용학과3535-글로컬자율전공대학국제학부112112자유전공학부503020미래라이프대학에너지리사이클링학과1010-사회복지상담학과2020-K-남도문화학과1010-한국어교원학과
동신대학교,전남,실기평가모집시기전형명모집단위평가내용비고수시실기전형태권도학과
동신대학교,전남,연주(악기)중택1공연예술무용학과
동신대학교,전남,단과대학모집단위에너지공과대학(7개모집단위)건축학과산림조경학과토목환경공학과컴퓨터학과디지털콘텐츠학과전기공학과미래에너지기술학부보건복지대학(10개모집단위)작업치료학과안경광학과보건행정학과언어치료학과식품영양학과스포츠의학과반려동물학과
동신대학교,전남,전형유형별지원자격뷰티미용학과사회복지학과상담심리학과사회문화대학(10개모집단위)국제한국어학과경찰행정학과소방안전학과유아교육학과도시계획학과호텔관광경영학과생활체육학과태권도학과
동신대학교,전남,실용음악학과공연예술무용학과글로컬자율전공대학(2개모집단위)국제학부(글로벌경영전공
동아대학교,부산,000X특성화고등을졸업한재직자일괄합산지식서비스경영학과
동아대학교,부산,실적예체능우수자일괄합산산업디자인학과
동아대학교,부산,000X음악학과2080체육학과4060태권도학과2553040체육특기자일괄합산체육학과
동아대학교,부산,태권도학과
동아대학교,부산,자연계열태권도학과
동아대학교,부산,000X나군일반학생일괄합산산업디자인학과
동아대학교,부산,000X체육학과
동아대학교,부산,예체능우수자체육특기자가군일반학생가군지역인재나군일반학생다군일반학생가군일반학생나군일반학생인문과학대학인문철학생명의료윤리학과45477102191292234255역사고고미술사학과6064111232617114325866한국어문학과6064914212613153315777교육학과3537662141072193344아동학과4043692118982193766자연과학대학자연정보수학과45488102209102214177반도체학과45477102191382234255화학과505371122011133274766바이오메디컬학과
동아대학교,부산,사회학부정치외교학전공4043782118792183677사회학전공353766214962173166행정학과60639142251793295499사회복지학과5053815212610542214766미디어커뮤니케이션학과6063101021231495230531010경제학과8085111833219183242741111경찰학과70749133126191253396599부동산자산경영학과06060600600경영대학인문경영학과2803043040121837265351581952782626관광경영학과1101211520514125181564681091212국제무역학과1101211520514122181564651061515경영정보학과1101201520514123171563641051515금융학과60679142126171032325899지식서비스경영학과0701060700700생명자원과학대학자연바이오소재공학과50529122239112224577응용생물공학과505281122112102244577식품생명공학과505381121221492254766스마트그린자원학과4046662149942243888공과대학자연건축공학과505371222112921244588도시공학과50538921913921254499건설시스템공학과
동아대학교,부산,에너지공학부환경안전전공454971122012621214188미래에너지공학전공454871021912821234266전기공학과909713164331916104352851212전자공학과130138152064127262053811221616기계공학과19521125307624638301061301921919산업경영공학과7581111531301712832427299조선해양공학과555771021913142294899화학공학과10010713164332219124259921515신소재공학과
동아대학교,부산,예체능우수자체육특기자가군일반학생가군지역인재나군일반학생다군일반학생가군일반학생나군일반학생디자인환경대학자연건축학과건축학(5년)전공5559792181510522345277실내건축디자인(4년)전공예체능산업디자인학과시각미디어디자인전공7072121224042541818제품스페이스디자인전공자연패션디자인학과5055911212313922264966조경학과4550710212011622214199예술체육대학예체능미술학과현대미술전공8081015657572424영상예술전공목조형가구전공도자예술전공음악학과6060056565644체육학과104105141321301948679788태권도학과
동아대학교,부산,중복기간은인정하지않음-군의무복무경력은재직기간에포함할수있음모집단위지식서비스경영학과
동아대학교,부산,실적(예체능우수자전형)-정원내지원자격모집단위내용산업디자인학과
동아대학교,부산,체육학과
동아대학교,부산,학교생활기록부만으로과목별석차등급을산출할수없는경우지원불가태권도학과
동아대학교,부산,단(품)증성적출석일괄합산산업디자인학과
동아대학교,부산,000체육학과
동아대학교,부산,000태권도학과
동아대학교,부산,참조모집단위실기종목및내용배점비고산업디자인학과
동아대학교,부산,칸만화700택1목조형가구기초디자인700도자예술기초디자인700음악학과
동아대학교,부산,주어진동기에의한선율창작300체육학과25M왕복달리기300메디신볼던지기300태권도학과
동아대학교,부산,)총점경기실적교과성적출석일괄합산체육학과
동아대학교,부산,3개영역의표준점수와영어영역의환산점수를합산함태권도학과
동아대학교,부산,)총점실기성적교과성적수능일괄합산산업디자인학과
동아대학교,부산,학교폭력조치사항에따라등급별로차등하여총점에서감점함대학수학능력시험반영방법모집단위반영내용환산방법산업디자인학과
동아대학교,부산,참조실기고사모집단위실기종목및내용배점비고산업디자인학과
동아대학교,부산,주어진동기에의한선율창작300체육학과
동아대학교,부산,000-880예체능우수자(산업디자인학과
동아대학교,부산,체육특기자016141211108200-120예체능우수자(체육학과)033312927204400-240예체능우수자(태권도학과
동아대학교,부산,우리대학교에서정한별도의기준에따라반영함검정고시출신자-검정고시출신자의교과성적산출은검정고시성적증명서상의평균점수를우리대학교에서정한9등급에의한교과성적으로반영함검정고시성적수시예체능우수자전형정시나군일반학생산업디자인학과
동아대학교,부산,미술학과음악학과체육학과음악학과
동아대학교,부산,16일이상)수시모집예체능우수자(태권도학과
동양대학교,경북,전공관심도다대다면접(평가위원평균점수반영)실기고사캠퍼스모집단위구분유형동두천게임학부
동양대학교,경북,사고의전환연기예술학과
동양대학교,경북,특기생활체육학과
동양대학교,경북,입학정원캠퍼스대학모집단위(세부전공)입학정원영주공과대학공학기계시스템공학과23공학스마트건축공학과23철도대학공학철도건설안전공학과23공학철도관제학과23공학철도운전제어학과40공학철도전기신호학과23공학철도차량학과23공학철도자율전공학부34간호대학자연과학간호학과113국제문화대학인문사회국제경영학과
동양대학교,경북,-예체능창의자율전공학부56소계(11개모집단위)381동두천공공인재대학인문사회경찰범죄심리학과30인문사회공공인재학부행정학전공역사문화행정전공53인문사회군사학과30인문사회보건행정학과
동양대학교,경북,-공학철도시스템공학과30소프트웨어융합대학공학게임학부게임테크전공게임아트전공55공학디지털트윈소프트웨어학과25공학안전공학부산업안전전공공공안전전공50예체능웹툰애니메이션학과35공학AI빅데이터융합학과50인문사회IT융합경영학과40인문사회e스포츠학과29예술대학예체능디자인학부시각디자인전공공간디자인전공60예체능생활체육학과30예체능연기예술학과36예체능영상미디어학과
동양대학교,경북,면접지역인재고른기회사회공헌자실기체육실기우수학100학100학60면40학100학100학100학20실80학30실70학30실70영주공학기계시스템공학과23185공학스마트건축공학과23221공학철도건설안전공학과23221공학철도관제학과231634공학철도운전제어학과4034321공학철도전기신호학과23203공학철도차량학과2323공학철도자율전공학부34304자연과학간호학과11010625-창의자율전공학부5656소계3782618613201동두천인문사회경찰범죄심리학과292522인문사회공공인재학부행정학전공3830433역사문화행정전공인문사회군사학과30273인문사회보건행정학과2730사범유아교육과21192공학철도시스템공학과29263공학게임학부게임테크전공55202015게임아트전공공학디지털트윈소프트웨어학과22202공학안전공학부산업안전전공47443공공안전전공예체능웹툰애니메이션학과3030공학AI빅데이터융합학과50202044인문사회IT융합경영학과40382인문사회e스포츠학과266173예체능디자인학부시각디자인전공40638공간디자인전공예체능생활체육학과301515예체능연기예술학과3030예체능영상미디어학과
동양대학교,경북,학생부캠퍼스계열모집단위(세부전공)정원외모집인원학생부교과특성화고교졸업자농어촌학생사회적배려자학100학100학100영주공학기계시스템공학과공학스마트건축공학과공학철도건설안전공학과공학철도관제학과공학철도운전제어학과공학철도전기신호학과공학철도차량학과공학철도자율전공학부자연과학간호학과1248-창의자율전공학부소계1248동두천인문사회경찰범죄심리학과인문사회공공인재학부행정학전공22역사문화행정전공인문사회군사학과인문사회보건행정학과사범유아교육과공학철도시스템공학과공학게임학부게임테크전공13553게임아트전공공학디지털트윈소프트웨어학과공학안전공학부산업안전전공공공안전전공예체능웹툰애니메이션학과4211공학AI빅데이터융합학과3111인문사회IT융합경영학과인문사회e스포츠학과예체능디자인학부시각디자인전공12453공간디자인전공예체능생활체육학과예체능연기예술학과4211예체능영상미디어학과
동양대학교,경북,실기실기수100학100수100학100수100학100수20실80수30실70영주공학기계시스템공학과이월공학스마트건축공학과이월공학철도건설안전공학과이월공학철도관제학과이월공학철도운전제어학과이월공학철도전기신호학과이월공학철도차량학과이월공학철도자율전공학부이월자연과학간호학과이월-창의자율전공학부이월소계동두천인문사회경찰범죄심리학과11인문사회공공인재학부행정학전공1313역사문화행정전공인문사회군사학과이월인문사회보건행정학과이월사범유아교육과이월공학철도시스템공학과11공학게임학부게임테크전공이월게임아트전공공학디지털트윈소프트웨어학과33공학안전공학부산업안전전공33공공안전전공예체능웹툰애니메이션학과55공학AI빅데이터융합학과22인문사회IT융합경영학과이월인문사회e스포츠학과33예체능디자인학부시각디자인전공1616공간디자인전공예체능생활체육학과이월예체능연기예술학과66예체능영상미디어학과
동양대학교,경북,캠퍼스대학모집단위(세부전공)모집인원영주공과대학공학기계시스템공학과제한없음공학스마트건축공학과철도대학공학철도건설안전공학과공학철도관제학과공학철도운전제어학과공학철도전기신호학과공학철도차량학과공학철도자율전공학부국제문화대학인문사회국제경영학과
동양대학교,경북,예체능창의자율전공학부동두천공공인재대학인문사회경찰범죄심리학과인문사회공공인재학부행정학전공역사문화행정전공인문사회보건행정학과
동양대학교,경북,공학철도시스템공학과소프트웨어융합대학공학게임학부게임테크전공게임아트전공공학디지털트윈소프트웨어학과공학안전공학부산업안전전공공공안전전공예체능웹툰애니메이션학과공학AI빅데이터융합학과인문사회IT융합경영학과인문사회e스포츠학과예술대학예체능디자인학부시각디자인전공공간디자인전공예체능생활체육학과예체능연기예술학과예체능영상미디어학과
동의대학교,부산,실적(경기실적우수자전형)태권도학과
동의대학교,부산,실적(경기실적우수자전형)경기지도학과
동의대학교,부산,수시모집체육학과및레저스포츠학과실기종목변경모집단위(학과)2027학년도2028학년도체육학과
동의대학교,부산,레저스포츠학과
동의대학교,부산,정시모집군변경모집단위(학과)2027학년도2028학년도아동학과나가미디어커뮤니케이션학과나가경영정보학과다나응급구조학과가나로봇공학과가나디자인조형학과가다체육학과나가레저스포츠학과가나자유전공
동의대학교,부산,기회균형실기우수자경기실적우수자체육특기자평생학습자성인학습자조기취업형계약학과농어촌학생특성화고동일계인문사회과학대학인문사회과학대학자유전공학부(자유전공
동의대학교,부산,심리학과
동의대학교,부산,사회복지학과
동의대학교,부산,금융경영학과
동의대학교,부산,창업투자경영학과
동의대학교,부산,경영학과
동의대학교,부산,경영정보학과
동의대학교,부산,국제관광경영학과
동의대학교,부산,컨벤션경영학과
동의대학교,부산,외식경영학과
동의대학교,부산,기회균형실기우수자경기실적우수자체육특기자평생학습자성인학습자조기취업형계약학과농어촌학생특성화고동일계미래융합대학스마트창업경영학과
동의대학교,부산,라이프복지학과
동의대학교,부산,부동산자산경영학과
동의대학교,부산,시니어스포츠지도학과
동의대학교,부산,생활대학간호학과교직간호교육인증1105715153모집20임상병리학과522711113치위생학과441911113방사선학과2713752의료경영학과
동의대학교,부산,산업경영빅데이터공학과
동의대학교,부산,컴퓨터소프트웨어공학과공학응용소프트웨어공학과인공지능학과게임공학과소프트웨어융합학과
동의대학교,부산,기회균형실기우수자경기실적우수자체육특기자평생학습자성인학습자조기취업형계약학과농어촌학생특성화고동일계예술디자인체육대학디자인조형학과
동의대학교,부산,산업디자인22공예디자인20패션디자인학과
동의대학교,부산,체육학과
동의대학교,부산,태권도학과
동의대학교,부산,경기지도학과
동의대학교,부산,공예디자인)체육학과
동의대학교,부산,체육학과모집단위실기종목종목별배점(비율)체육학과
동의대학교,부산,레저스포츠학과모집단위실기종목종목별배점(비율)레저스포츠학과
동의대학교,부산,41명모집단위체육학과레저스포츠학과태권도학과경기지도학과
동의대학교,부산,20명학과종목별모집인원소계배드민턴(남)야구(남)축구(남)펜싱사브르(남)펜싱사브르(여)태권도겨루기(여)태권도자유품새(남)태권도학과213경기지도학과
명지대학교,서울,융합인재학부(사회복지학전공
명지대학교,서울,심리치료학전공
명지대학교,서울,X체육특기자31스포츠학부체육학전공
명지대학교,서울,스포츠산업학전공
명지대학교,서울,스포츠지도학전공
명지대학교,서울,골프스포츠지도학전공
명지대학교,서울,실적실기우수자7예술학부뮤지컬공연전공
명지대학교,서울,AI경영정보학과
명지대학교,서울,경영정보학과
명지대학교,서울,미래융합대학-미래전략학부(신설)-부동산학전공-법무행정학전공-융합경영학전공-회계세무학전공-융합인재학부(신설)-사회복지학전공-심리치료학전공-멀티디자인전공
명지대학교,서울,미래융합대학-창의융합인재학부-사회복지학과-부동산학과-법무행정학과-심리치료학과-미래융합경영학과-회계세무학과-멀티디자인학과
명지대학교,서울,예술학부(통합)-아트앤멀티미디어음악전공
명지대학교,서울,공연예술학부
명지대학교,서울,8)93명예술학부
명지대학교,서울,5개전공)276경영경영학부182경영학전공글로벌비즈니스학전공
명지대학교,서울,AI경영정보학과소계(1개학부
명지대학교,서울,아동학부청소년지도학전공
명지대학교,서울,3개전공)110아너칼리지자율전공학부(인문)317소계(1개학부)317미래융합미래전략학부24부동산학전공법무행정학전공융합경영학전공회계세무학전공융합인재학부사회복지학전공심리치료학전공멀티디자인학전공소계(2개학부
명지대학교,서울,ICT반도체공학부379전기전자공학부전기정보공학전공전자공학전공컴퓨터AI응용공학부AI컴퓨터공학전공AI응용시스템전공산업경영공학과소계(3개학부
명지대학교,서울,예술디자인학부233비주얼커뮤니케이션디자인전공인더스트리얼디자인전공영상애니메이션디자인전공패션디자인전공스포츠학부
명지대학교,서울,체육학전공
명지대학교,서울,스포츠산업학전공스포츠지도학전공
명지대학교,서울,예술학부아트앤멀티미디어음악전공
명지대학교,서울,예술대학으로입학한학생은스포츠학부스포츠지도학전공
명지대학교,서울,상황표현예술학부아트앤멀디미디어음악전공
명지대학교,서울,스포츠학부
명지대학교,서울,스포츠학부(스포츠지도학전공
명지대학교,서울,기초디자인스포츠학부(체육학전공
명지대학교,서울,평가안내모집군모집단위실기고사(유형및과제)나군예술학부(뮤지컬공연전공
명지대학교,서울,체육특기자(스포츠지도학전공
명지대학교,서울,배구)교과성적산출식결과값x2체육특기자(체육학전공
명지대학교,서울,실적(체육특기자전형)스포츠학부(스포츠지도학전공
명지대학교,서울,탐구중고득점영역반영디지털콘텐츠디자인학과건축학부(건축학전공)스포츠학부(체육학전공
명지대학교,서울,실적(실기우수자전형)예술학부(뮤지컬공연전공
명지대학교,서울,(100점)-200점예술학부(아트앤멀티미디어음악전공
목원대학교,대전,실기+수능신학대학신학과(교직)404040약간명--문화콘텐츠대학영어학과222222232이내352이내--역사학과23232032이내2이내--사회복지상담학부-사회복지전공-상담심리복지전공6060251510106이내6이내--연극영화영상학부sw연극전공(교직)454515---3영화영상전공
목원대학교,대전,중국어문화학과2222222이내-2이내--사회과학대학경영학부-경영전공-글로벌비즈니스전공646452756이내206이내6이내--항공호텔관광경영학과414120214이내4이내4이내--부동산금융보험학과30302643이내3이내3이내--금융경제학과2222222이내2이내2이내--마케팅빅데이터학과23232032이내2이내2이내--광고홍보커뮤니케이션학부-광고홍보전공-언론영상콘텐츠전공6060455106이내6이내6이내--경찰행정학부-경찰행정전공-일반행정전공535325155175이내-5이내--경찰법학과5555291010155이내-5이내--보건안전대학식품제약학부-식품전공-제약전공35353053이내-3이내--화장품학과23232032이내-2이내--생물산업학부-반려동물전공-생명과학전공353522853이내-3이내--소방방재학과8080601828이내-8이내--스포츠건강관리학과
목원대학교,대전,-건축학전공(5년)-건축공학전공7070302010107이내7이내7이내--도시공학과262616102이내2이내2이내--전기전자공학과3333181053이내3이내3이내--AISW융합대학컴퓨터융합학부sw-컴퓨터공학전공-AI실감콘텐츠전공-사이버보안전공707035205104이내4이내4이내2--게임소프트웨어공학과sw2727272이내2이내2이내--AI응용학과sw25252052이내2이내2이내---4-모집전형모집학과
목원대학교,대전,-조소전공-입체캐릭터전공303010203이내---시각디자인학과454510354이내---산업디자인학과
목원대학교,대전,패션디자인학과383810283이내---도자디자인학과353510253이내---웹툰애니메이션게임대학웹툰학과
목원대학교,대전,sw40408230---게임콘텐츠학과
목원대학교,대전,53534310--창의예술자율전공학부
목원대학교,대전,표시는문화예술교육사공인자격취득을위한인정교육과정운영학과
목원대학교,대전,웹툰애니메이션게임대학을제외한전학문분야에서전공
목원대학교,대전,표시창의예술자율전공학부
목원대학교,대전,웹툰애니메이션게임대학에서전공
목원대학교,대전,실적위주실기교과스포츠건강관리학과1090100-0900-0음악교육과4060400-0600-0미술교육과4060400-0600-0실기연극영화영상학부(연극전공
목원대학교,대전,창의예술자율전공학부1001000-0특기자스포츠건강관리학과
목원대학교,대전,영화영상전공)1001000-0스포츠건강관리학과
목원대학교,대전,디자인대학1001000-0웹툰애니메이션게임대학1090100-0900-0창의예술자율전공학부1001000-0다군공연콘텐츠학부
목원대학교,대전,실적위주체육특기자스포츠건강관리학과
목원대학교,대전,산업디자인학과
목원대학교,대전,게임콘텐츠학과
목원대학교,대전,상황표현중택1창의예술자율전공학부
목원대학교,대전,정원내창의예술자율전공학부
목원대학교,대전,전공관련문답체능스포츠건강관리학과
목원대학교,대전,게임콘텐츠계열)창의예술자율전공학부
목원대학교,대전,디자인대학창의예술자율전공학부
목원대학교,대전,실적위주)고등학교졸업(예정)자또는법령에의하여동등이상의학력이있다고인정되는자정시(나)스포츠건강관리학과
목포가톨릭대학교,전남,2028구분학년도대비학년도변경사항20272028수시모집인원변경-사회복지학과모집인원명에서12명13으로변경학년도미충원인원에따른(2026이월인원명증원하며이중수시모집일반학생전형1)명12모집-간호학과일반학생모집인원명에서61명60으로변경-간호학과지역인재모집인원명에서33명35으로변경-간호학과기초생활수급자및차상위계층자전형명에서2명3으로변경-간호학과농어촌학생전형명에서4명3으로변경-중독재활복지학과모집인원명에서15명14으로변경-이외학과별전형별모집인원은학년도와동일하게모집2027정시모집인원변경-정시가군간호학과모집인원명에서2명1으로변경-정시가군사회복지학과모집인원명모집인원변경없음1()-정시가군중독재활복지학과
목포가톨릭대학교,전남,5정시모집전형유형변경간호학과사회복지학과중독재활복지학과
목포가톨릭대학교,전남,모집구분전형유형지정()전형유형모집인원간호학과사회복지학과유아교육과중독재활복지학과
목포가톨릭대학교,전남,최저학력기준미적용가톨릭지도자추천간호학과
목포가톨릭대학교,전남,부모비거주()성인학습자중독재활복지학과
목포가톨릭대학교,전남,학생부구분모집단위학생부계비고교과성적출석봉사간호학과유아교육과9010100사회복지학과9010100중독재활복지학과
목포가톨릭대학교,전남,)점100사회복지학과
목포가톨릭대학교,전남,)점100중독재활복지학과
목포가톨릭대학교,전남,점수산출방법3)학생부반영총점간호학과유아교육과중독재활복지학과
목포가톨릭대학교,전남,사회복지학과
목포가톨릭대학교,전남,()또는이와동등이상의학력이있다고인정되는자학생부교과위주사회복지학과유아교육과학생부교과위주성인학습자전형중독재활복지학과
목포가톨릭대학교,전남,수시정원내사회복지학과
목포가톨릭대학교,전남,수시정원외중독재활복지학과
목포가톨릭대학교,전남,중독재활복지학과
목포가톨릭대학교,전남,한부모가정지원사업대상자-성인학습자중독재활복지학과
목포가톨릭대학교,전남,정원외전형중독재활복지학과
목포대학교_국립,전남,2911사회복지학과
목포대학교_국립,전남,4411미래자동차경영대학인문경영학부
목포대학교_국립,전남,에너지학부(담양)스마트해양시스템60606019405911신재생에너지전기산업안전융합토목환경과(야)(담양)252525242411농수산식품학부
목포대학교_국립,전남,군교과일반지역인재(일반)지역인재(기초및차상위)기회균형종합일반지역인재(일반)특기자성인학습자기초및차상위계층자농어촌학생장애인특성화고졸재직자만학도일반전형지역인재(일반)지역인재(기초및차상위)일반전형생활과학예술체육대학인문아동학과
목포대학교_국립,전남,2711예체능예술크리에이티브학부
목포대학교_국립,전남,3911시각디자인체육학과
목포대학교_국립,전남,1411약학대학자연약학과323243631124222483112미래라이프대학-미래설계융합학부(야간)레저스포츠지도484881129489721290상담심리치료국제차문화금융세무부동산스마트에너지스마트조선시스템다문화융합도자공예(주간)(담양)총장직속인문글로벌학부1515157251411자연자율전공학부
목포대학교_국립,전남,특기자전형(예술크리에이티브학부
목포대학교_국립,전남,체육학과
목포대학교_국립,전남,예술크리에이티브학부
목포대학교_국립,전남,4인의면접위원이평가100점-15-6)입상실적배점가)예술크리에이티브학부
목포대학교_국립,전남,네일분야)3위1회이상입상자나)체육학과
목포해양대학교_국립,전남,해양산업융합학과
목포해양대학교_국립,전남,생명공학과해양건설공학과해양스포츠학과첨단해양모빌리티학과
목포해양대학교_국립,전남,학생부교과(해양스포츠학과
목포해양대학교_국립,전남,체육우수자(해양스포츠학과
목포해양대학교_국립,전남,생명공학과20203030해양건설공학과20303020해양스포츠학과30202030첨단해양모빌리티학과20303020해양산업융합학과
목포해양대학교_국립,전남,수능위주(해양스포츠학과
목포해양대학교_국립,전남,생명공학과202030300해양건설공학과203030200해양스포츠학과302020300첨단해양모빌리티학과203030200해양산업융합학과
목포해양대학교_국립,전남,만학도전형(해양산업융합학과
목포해양대학교_국립,전남,실적합계학생부성적우수자누구나지역인재선원자녀및선원경력자사회적배려대상자농어촌학생특성화고교출신자기초생활수급권자및차상위계층자특성화고등을졸업한재직자(정원내)특성화고등을졸업한재직자(정원외)만학도체육우수자해사대학항해학부52884442385해상운송학부4210106553384항해정보시스템학부29884333361기관시스템공학부4310105553384해양경찰학부남32995443369여1111-11-15해양메카트로닉스학부28884333360해군사관학부남1742----225여31-----4해양공과대학컴퓨터공학과1455322334조선해양공학과
목포해양대학교_국립,전남,생명공학과975322331해양건설공학과1766111335해양스포츠학과104--111522첨단해양모빌리티학과9553--123해양산업융합학과
목포해양대학교_국립,전남,제31조제2항에따른학력인정평생교육시설중특성화고등학교등에서제공하는것과같은교육과정을운영하는평생교육시설에서해당교육과정을이수한사람대학수학능력시험최저학력기준해양산업융합학과
목포해양대학교_국립,전남,기준)인자대학수학능력시험최저학력기준해양산업융합학과
목포해양대학교_국립,전남,외국에서1학기이하교육과정이수하고우리나라고등학교졸업(예정)자는지원가능대학수학능력시험최저학력기준해양스포츠학과
목포해양대학교_국립,전남,5등급으로환산하여적용등급123456789환산112234455-15-5해양스포츠학과
목포해양대학교_국립,전남,생명공학과22해양건설공학과22해양스포츠학과1수시모집미충원시선발수시모집미충원시선발1첨단해양모빌리티학과
목포해양대학교_국립,전남,특성화고등학교중자연현장실습등체험위주의교육을전문으로실시하는고등학교및산업수요맞춤형고등학교는제외)에서전교육과정을이수하고졸업(예정)한자로서우리대학모집단위별기준학과
목포해양대학교_국립,전남,)2)해양산업융합학과
목포해양대학교_국립,전남,영역반영등급과목123456789백분위영어1008876645240281646해양스포츠학과
목포해양대학교_국립,전남,-24-7해양산업융합학과
배재대학교,대전,법학)573행정학과42심리상담학과교직45경영대학경영학과82IT경영정보학과32글로벌비즈니스학과30관광경영학과28호텔항공경영학과33항공서비스학과30문화예술대학미디어콘텐츠학과45생명보건대학간호학과자연과학90819문화예술대학의류패션학과자연과학231433생명보건대학식품영양학과37외식조리학과70원예산림학과33보건의료복지학과45생명공학과
배재대학교,대전,SW창의융합대학전기전자공학과60스마트배터리학과42드론로봇공학과47철도건설공학과43소프트웨어공학부컴퓨터공학80소프트웨어학50정보보안학50게임공학65문화예술대학실내건축학과45조경학과교직505건축학과
배재대학교,대전,공학41383생명보건대학운동재활복지학과예체능37228문화예술대학아트앤웹툰학부아트앤웹툰교직65게임애니메이션40디자인학부커뮤니케이션디자인30산업디자인25광고사진영상학과40뷰티케어학과40공연예술학과
배재대학교,대전,뉴미디어작곡8영화영상(연출및스텝)10영화영상(연기)5레저스포츠학부
배재대학교,대전,건강재활324스포츠마케팅23아펜젤러공유대학평생교육융합학부
배재대학교,대전,항공인재서류100예술인재웹툰포트폴리오뷰티케어특기자체육특기자아펜젤러공유대학자율전공학부인문사회467인문사회대학유아교육과사범7520국어국문한국어교육학과교직32일본학과37경찰법학부
배재대학교,대전,법학)32205행정학과2715심리상담학과교직405경영대학경영학과42355IT경영정보학과32글로벌비즈니스학과30관광경영학과28호텔항공경영학과2310항공서비스학과2010문화예술대학미디어콘텐츠학과30105생명보건대학간호학과자연과학7129350문화예술대학의류패션학과28105생명보건대학식품영양학과23104외식조리학과372058원예산림학과33보건의료복지학과25155생명공학과
배재대학교,대전,SW창의융합대학전기전자공학과공학35205스마트배터리학과42드론로봇공학과2720철도건설공학과2815소프트웨어공학부컴퓨터공학40355소프트웨어학3020정보보안학3020게임공학35255문화예술대학실내건축학과405조경학과교직3020건축학과
배재대학교,대전,335생명보건대학운동재활복지학과
배재대학교,대전,체능1558문화예술대학아트앤웹툰학부아트앤웹툰교직5537게임애니메이션832디자인학부커뮤니케이션디자인525산업디자인520광고사진영상학과355뷰티케어학과2515공연예술학과
배재대학교,대전,건강재활151052스포츠마케팅23아펜젤러공유대학평생교육융합학부
배재대학교,대전,법학)6이내6이내6이내행정학과4이내4이내4이내심리상담학과교직4이내4이내4이내경영대학경영학과8이내8이내8이내IT경영정보학과3이내3이내3이내글로벌비즈니스학과3이내3이내3이내관광경영학과2이내2이내2이내호텔항공경영학과3이내3이내3이내항공서비스학과3이내3이내3이내문화예술대학미디어콘텐츠학과4이내4이내4이내생명보건대학간호학과자연과학7이내7이내문화예술대학의류패션학과4이내4이내4이내생명보건대학식품영양학과4이내4이내4이내외식조리학과3이내3이내원예산림학과3이내3이내3이내보건의료복지학과4이내4이내4이내생명공학과
배재대학교,대전,SW창의융합대학전기전자공학과공학6이내6이내6이내스마트배터리학과4이내4이내4이내드론로봇공학과4이내4이내4이내철도건설공학과4이내4이내4이내소프트웨어공학부컴퓨터공학8이내8이내8이내소프트웨어학5이내5이내5이내정보보안학5이내5이내5이내게임공학6이내6이내6이내문화예술대학실내건축학과4이내4이내4이내조경학과교직5이내5이내5이내건축학과
배재대학교,대전,4이내4이내4이내생명보건대학운동재활복지학과2이내2이내2이내문화예술대학아트앤웹툰학부
배재대학교,대전,체능4이내게임애니메이션4이내디자인학부커뮤니케이션디자인3이내산업디자인2이내광고사진영상학과4이내4이내4이내뷰티케어학과4이내4이내4이내공연예술학과
배재대학교,대전,뉴미디어작곡4이내영화영상(연출및스텝)4이내영화영상(연기)4이내레저스포츠학부
배재대학교,대전,건강재활3이내3이내3이내스포츠마케팅2이내2이내2이내아펜젤러공유대학평생교육융합학부
배재대학교,대전,실적일반교과체육특기자가군나군다군가군나군다군가군다군아펜젤러공유대학자율전공학부
배재대학교,대전,심리상담학과
배재대학교,대전,경영대학경영학과
배재대학교,대전,IT경영정보학과
배재대학교,대전,관광경영학과
배재대학교,대전,호텔항공경영학과
배재대학교,대전,문화예술대학미디어콘텐츠학과
배재대학교,대전,문화예술대학의류패션학과
배재대학교,대전,보건의료복지학과
배재대학교,대전,문화예술대학실내건축학과
배재대학교,대전,생명보건대학운동재활복지학과
배재대학교,대전,문화예술대학아트앤웹툰학부
배재대학교,대전,공연예술학과
배재대학교,대전,레저스포츠학부
배재대학교,대전,000점미적용디자인학부공연예술학과
배재대학교,대전,산업디자인)가)과제별출제형식및배점비율전공과제(크기)출제형식배점비율고사시간아트앤웹툰학부
배재대학교,대전,이를사용시부정행위자로간주하여불합격처리함-23-2)공연예술학과가)출제형식및배점비율전공
배재대학교,대전,모집단위별모집인원참조모집단위모집단위(종목)모집인원운동재활복지학과축구8명레저스포츠학부
배재대학교,대전,실적(체육특기자전형)운동재활복지학과
배재대학교,대전,신입학모집단위및모집인원2028학년도계열학부(과)및전공(모집단위)입학정원인문사회국어국문한국어교육학과제한없음일본학과경찰법학부경찰학법학행정학과심리상담학과경영학과IT경영정보학과글로벌비즈니스학과관광경영학과호텔항공경영학과항공서비스학과미디어콘텐츠학과자연과학의류패션학과식품영양학과외식조리학과원예산림학과보건의료복지학과공학생명공학과전기전자공학과스마트배터리학과드론로봇공학과철도건설공학과소프트웨어공학부컴퓨터공학소프트웨어학정보보안학게임공학실내건축학과조경학과
배재대학교,대전,체능운동재활복지학과아트앤웹툰학부아트앤웹툰게임애니메이션디자인학부커뮤니케이션디자인산업디자인광고사진영상학과뷰티케어학과공연예술학과레저스포츠학부
배재대학교,대전,건강재활스포츠마케팅인문사회글로벌융합학부(외국인전용학부
배재대학교,대전,5)글로벌융합학부의글로벌경영학과
배재대학교,대전,모집단위경영학과모집단위코드번호724전공
백석대학교,충남,군일반전형사회기여자및배려대상자체육특기자지역인재(일반)지역인재(기초)백석인재창의인재일반학생일반학생자유전공학부20520515325-25----2기독교학부신학1001007310-2-852-상담학기독교문화콘텐츠어문학부영어학7070415-8-59-2일본어학사회복지학부청소년학19019011615-7-1535-2사회복지학노인복지학경찰학부경찰행정학90903315-5-1025-2경찰범죄수사학범죄교정학경상학부경영학1201207010-8-10202-회계학국제무역학관광학부관광경영학1001005510-10-10132-호텔경영학항공서비스8080---5-658-2글로벌호텔비즈니스4040273-2-33-2외식산업학부호텔외식조리1001005810-12-1532-제과제빵AI컴퓨터공학부AI소프트웨어36036024120-35-2040-4AI정보보호AI디지털미디어AI빅데이터AI로보틱스AI핀테크보건학부물리치료학과535185-4-15172-안경광학과6060433-2-732-응급구조학과5049213-2-10112-치위생학과6767335-5-11112-작업치료학과90905310-5-1010-2간호학과1551554210-5051825-5사범학부유아교육과7070255-8-10202-특수교육과6060305-3-10102-유아특수교육과4040282-2-33-2특수체육교육과404027--3--55-디자인영상학부영상애니메이션260260175--20----65시각디자인산업디자인인테리어디자인스포츠과학부스포츠건강관리12012073-175--520-스포츠경영태권도606038-18----4-문화예술학부
백석대학교,충남,스포츠과학부
백석대학교,충남,문화예술학부
백석대학교,충남,이내제한없음최대선발모집인원최대선발모집인원자유전공학부205205---------------기독교학부신학10010010이내4110이내5810이내54-102이내106이내55모집인원제한없음20명이내20상담학기독교문화콘텐츠어문학부영어학70707이내7이내7이내-73이내6이내일본어학사회복지학부청소년학19019010이내10이내10이내-193이내6이내사회복지학노인복지학경찰학부경찰행정학90909이내9이내9이내-93이내6이내경찰범죄수사학범죄교정학경상학부경영학12012010이내10이내10이내-123이내6이내회계학국제무역학관광학부관광경영학10010010이내10이내10이내-103이내6이내호텔경영학항공서비스80808이내8이내8이내--3이내4이내-글로벌호텔비즈니스40404이내4이내4이내-42이내4이내20명이내외식산업학부호텔외식조리10010010이내10이내10이내-103이내6이내제과제빵AI컴퓨터공학부AI소프트웨어36036010이내10이내10이내-363이내6이내AI정보보호AI디지털미디어AI빅데이터AI로보틱스AI핀테크보건학부물리치료학과53513이내5이내7이내-52이내--안경광학과6060-5이내5이내-63이내--응급구조학과50495이내5이내5이내-52이내--치위생학과67675이내5이내5이내-63이내--작업치료학과9090-5이내5이내-93이내--간호학과155155-----1이내---사범학부유아교육과7070-3이내4이내----7-특수교육과6060-2이내4이내----6-유아특수교육과4040-1이내3이내----4-특수체육교육과4040-2-----4-디자인영상학부영상애니메이션260260----26-6이내모집인원제한없음-시각디자인산업디자인인테리어디자인스포츠과학부스포츠건강관리120120----12-6이내-스포츠경영태권도6060----6-4이내-문화예술학부
백석대학교,충남,뮤지컬8080----8-4이내-실용음악보컬1001002---10-6이내-연주제작작곡프로페셔널뮤직뷰티예술전공30303이내3이내3이내-3--3이내----계약학과호텔관광학과--------30--------외식조리서비스학과--------17--------스마트융합공학과--------17--------뷰티디자인학과
백석대학교,충남,(수)문화예술학부
백석대학교,충남,뮤지컬)문화예술학부
백석대학교,충남,02)175스포츠과학부
백석대학교,충남,68)73스포츠과학부
백석대학교,충남,02)20스포츠과학부
백석대학교,충남,68)5문화예술학부
백석대학교,충남,02)2체육특기자스포츠과학부
백석대학교,충남,50)6특성화고교문화예술학부
백석대학교,충남,수능20(20)+실기80(80)-65-스포츠과학부
백석대학교,충남,65)20--스포츠과학부
백석대학교,충남,사범학부(특수체육교육과)및스포츠과학부기초체력테스트-사범학부
백석대학교,충남,-스포츠과학부
백석대학교,충남,스포츠과학부태권도전공
백석대학교,충남,외식산업학부
백석대학교,충남,문화예술학부로의복수(다중)전공
백석대학교,충남,교원자격증이설치된학부의전공(과)에서교직과정을이수하고있는학생이교직과정이설치된다른전공(과)을복수전공으로승인받아소정의과목을이수할경우복수취득이가능함사회복지학부
부경대학교_국립,부산,스마트헬스케어학부(해양스포츠전공
부경대학교_국립,부산,경찰범죄심리학전공
부경대학교_국립,부산,산업전공)1238--72--21-35일어일문학부(일본어문학전공
부경대학교_국립,부산,일본학전공)13310--711-21-38사학과614--42--11-19경제학과19310--821-22-47법학과1214--62--11-27행정복지학부(행정학전공
부경대학교_국립,부산,사회복지학전공)14312--811-21-42국제지역학부(국제학전공
부경대학교_국립,부산,사회경영대학자유전공학부42-5---------47경영학부(경영학전공
부경대학교_국립,부산,관광경영학전공)35518--145--22182국제통상학부(국제통상학전공
부경대학교_국립,부산,국제경영학전공)23311--93--22154공과대학자연공과대학자유전공학부175-21---------196전기공학부(전기공학전공
부경대학교_국립,부산,안전공학부(산업경영공학전공
부경대학교_국립,부산,사회해양수산경영경제학부(해양수산경영학전공
부경대학교_국립,부산,미디어ICT공학전공)1114--711-11-27자연스마트헬스케어학부(의공학전공)914--61--1-123체능스마트헬스케어학부(해양스포츠전공)3---9-1--11-15자연스마트헬스케어학부(휴먼바이오융합전공)413--3---1--12전자정보통신공학부(전자공학전공
부경대학교_국립,부산,산업전공)4일어일문학부(일본어문학전공
부경대학교_국립,부산,일본학전공)4사학과2경제학과5법학과3행정복지학부(행정학전공
부경대학교_국립,부산,사회복지학전공)4국제지역학부(국제학전공
부경대학교_국립,부산,사회경영학부(경영학전공
부경대학교_국립,부산,관광경영학전공)1105국제통상학부(국제통상학전공
부경대학교_국립,부산,국제경영학전공)5공과대학자연전기공학부(전기공학전공
부경대학교_국립,부산,사회복지서비스학전공
부경대학교_국립,부산,산업전공)-10-10일어일문학부(일본어문학전공
부경대학교_국립,부산,일본학전공)-9-9사학과4--4경제학과11--11법학과-6-6행정복지학부(행정학전공
부경대학교_국립,부산,사회복지학전공)10--10국제지역학부(국제학전공
부경대학교_국립,부산,사회경영대학자유전공학부----경영학부(경영학전공
부경대학교_국립,부산,관광경영학전공)20--20국제통상학부(국제통상학전공
부경대학교_국립,부산,국제경영학전공)13--13공과대학자연공과대학자유전공학부----전기공학부(전기공학전공
부경대학교_국립,부산,미디어ICT공학전공)-6-6자연스마트헬스케어학부(의공학전공)6--6체능스마트헬스케어학부(해양스포츠전공)24--24자연스마트헬스케어학부(휴먼바이오융합전공)--33전자정보통신공학부(전자공학전공
부경대학교_국립,부산,전형요소별배점모집단위전형단계총점전형요소별배점시각디자인전공공업디자인전공해양스포츠전공
부경대학교_국립,부산,운동장에서실기고사진행이어려운것으로판단되는경우(기상악화등)대체종목으로진행-종목별측정방법구분종목측정방법기초실기100m달리기100m직선거리를달리는데소요되는시간계측왕복10m2회달리기10m직선거리를왕복2회달리는데소요되는시간계측전공
부경대학교_국립,부산,공업디자인전공)스마트헬스케어학부(해양스포츠전공
부산가톨릭대학교,부산,)모집단위법정정원모집인원수시모집정시모집모집인원총계정원내정원외정원내정원외수능위주소계학생부교과학생부종합소계학생부교과소계교과일반전형교과공동체전형교과진로전형고교학생부전형지역인재전형자기추천전형가톨릭지도자추천전형농어촌학생전형사회배려대상자전형지원군가나다간호학과125125152813526231510120781555140임상병리학과727261973161474704262278물리치료학과60601010531315745764103370방사선학과80807181031816103784372287치기공학과808023141813737802280병원경영학과484815129744701148언어청각치료학과454515811644401145산업안전보건학과202074621901120소방방재학과4040179853901140컴퓨터정보공학과252094331901120유통마케팅학과2526943632501126사회복지학과35351392733401135상담심리학과3027982432601127자율전공학부20201361901120미래설계융합학부만학도특별전형()00000글로벌한국학부
부산가톨릭대학교,부산,)간호학과임상병리학과물리치료학과방사선학과치기공학과병원경영학과언어청각치료학과산업안전보건학과소방방재학과컴퓨터정보공학과유통마케팅학과사회복지학과상담심리학과자율전공학부
부산가톨릭대학교,부산,간호학과임상병리학과물리치료학과방사선학과치기공학과병원경영학과언어청각치료학과산업안전보건학과소방방재학과컴퓨터정보공학과유통마케팅학과사회복지학과상담심리학과자율전공학부
부산가톨릭대학교,부산,)간호학과임상병리학과물리치료학과방사선학과치기공학과병원경영학과언어청각치료학과산업안전보건학과소방방재학과컴퓨터정보공학과유통마케팅학과사회복지학과상담심리학과자율전공학부계23141516137653102학생부종합지역인재전형간호학과세부지원자격()간호학과학년도이후중학교입학자중간호학과
부산가톨릭대학교,부산,)모집군간호학과임상병리학과물리치료학과방사선학과치기공학과병원경영학과언어청각치료학과산업안전보건학과소방방재학과컴퓨터정보공학과유통마케팅학과사회복지학과상담심리학과자율전공학부
부산가톨릭대학교,부산,)간호학과임상병리학과물리치료학과방사선학과치기공학과병원경영학과언어청각치료학과산업안전보건학과소방방재학과컴퓨터정보공학과유통마케팅학과사회복지학과상담심리학과자율전공학부글로벌한국학부
부산대학교,부산,예술대학미술학과
부산대학교,부산,체육교육과및스포츠과학과
부산대학교,부산,예술대학음악학과
부산대학교,부산,예술대학무용학과
부산대학교,부산,예술대학디자인학과
부산대학교,부산,스포츠과학과
부산대학교,부산,체육계열(스포츠과학과
부산대학교,부산,사회행정학과36971411313정치외교학과35124151111사회복지학과40118151113사회학과40105191113심리학과41810192110문헌정보학과34741541111미디어커뮤니케이션학과3091531110자연과학대학자연수학과459515821514통계학과37851551111물리학과6010525152120화학과651582792121생명과학과44952582112미생물학과44942592112분자생물학과44952582112지질환경과학과41121662113해양학과36121551111대기환경과학과41761852111공과대학자연기계공학부27955345353020151122470고분자공학과501052792114유기소재시스템공학과45122142114화공생명공학과521152672118환경공학과41915582110재료공학부9315831011113230전기전자공학부(전기공학전공)6814829102122전기전자공학부(전자공학전공)81181028123127전기전자공학부(반도체공학전공)441061552114건축학과1)36751551111건축공학과37841551112도시공학과36661551111사회기반시스템공학과78158210763126항공우주공학과491614821215산업공학과
부산대학교,부산,사회경영학과2144515520351482170생활과학대학광역의류학과37618811111자연식품영양학과3712112111광역실내환경디자인학과
부산대학교,부산,사회아동가족학과2481717체육스포츠과학과
부산대학교,부산,사회예술문화영상학과25424618간호대학자연간호학과84101622514321515생명자원과학대학자연원예생명과학과28611311125식품공학과27919116생명환경화학과295113118바이오소재과학과2754110115바이오산업기계공학과271017117IT응용공학과2955110116바이오환경에너지학과288615116조경학과
부산대학교,부산,실적수능가군실기농어촌학생저소득층학생특성화고교졸업자체육특기자수능우수사범대학체육체육교육과2414118예술대학예술음악학과성악전공17107피아노전공1717작곡전공871관현악전공1717한국음악학과
부산대학교,부산,경영학과
부산대학교,부산,예술대학예술문화영상학과
부산대학교,부산,한국사응시예술미술학과
부산대학교,부산,예술대학음악학과(피아노전공
부산대학교,부산,모집단위실기내용스포츠과학과
부산대학교,부산,생활과학대학스포츠과학과
부산대학교,부산,산업공학과
부산대학교,부산,예술문화영상학과
삼육대학교,서울,000체육학과
삼육대학교,서울,000특성화고졸재직자경영학과
삼육대학교,서울,000체육학과일괄합산600400추가일반전학과
삼육대학교,서울,음악학과아트앤디자인학과체육학과
삼육대학교,서울,특수교육특수교육일반수능()신학과3838신학()3823383838간호학과6951212312444425256969약학과30373518332826121230838물리치료학과404972628313735121240747창의융합자유전공학부935101530606033339393영어영문학과3781221133213364437340항공관광외국어학부3324333030333333글로벌한국학과2036817224213320424경영학과4261231536321641273109664273115유아교육과35206430213335535338사회복지학과2331162021126263323629상담심리학과30415827213303330333미래융합자유전공학부148815254088886060148148보건관리학과2258619213223322325식품영양학과347113930213334434337컴퓨터공학부4641131013412215465546551인공지능융합학부701015315206322116697770676바이오융합공학과214861822203321223화학생명과학과51812631544213477751354동물자원과학과2137261822203321223환경디자인원예학과478155124022427747249데이터클라우드공학과304735625213285530333건축학과년제(5)39511421032224367739443음악학과3222실기()221실기()12310실기()1032133아트앤디자인학과7022학교장()532실기()2실기()45715실기()15684723재림()3예체능()25실기()체육학과3612학교장()212실기()22315실기()15362383재림()6예체능()건축학과
삼육대학교,서울,글로벌문화예술융합학부
삼육대학교,서울,)단유아교육과간호학과약학과물리치료학과데이터클라우드공학과음악학과아트앤디자인학과체육학과신학과
삼육대학교,서울,동점자적용예체능인재체육학과
삼육대학교,서울,서해도5일반학과아트앤디자인(학과체육학과
삼육대학교,서울,체육학과
삼육대학교,서울,)전과목중개교과선택()2예체능인재체육학과
삼육대학교,서울,1296일이상410예체능인재전형체육학과
삼육대학교,서울,화지는본교에서준비발상과표현체육실기체육학과
삼육대학교,서울,경영학과유아교육과영어영문학과
삼육대학교,서울,사회복지학과상담심리학과
삼육대학교,서울,)체육학과
삼육대학교,서울,체육학과아트앤디자인학과
삼육대학교,서울,8000체육학과
삼육대학교,서울,없음체육학과
삼육대학교,서울,학교생활기록부반영체육학과
상명대학교,서울,계열입학정원인문콘텐츠학부역사콘텐츠전공인문사회25지적재산권전공20문헌정보학전공21한일문화콘텐츠전공20공간환경학부31행정학부36가족복지학과21국가안보학과24국어교육과43영어교육과37교육학과29수학교육과자연과학33경제금융학부인문사회45경영학부57글로벌경영학과52융합경영학과1지능데이터융합학부
상명대학교,서울,휴먼공학전공AI공학75데이터과학전공45융합학부SW컴퓨터과학전공자연과학75전기공학전공공학23게임전공자연과학25애니메이션전공예체능21생명화학공학부생명공학전공공학28화학에너지공학전공28화공신소재전공26식품영양학전공자연과학20국제학부인공지능전공
상명대학교,서울,공학-의류학과자연과학20스포츠무용학부스포츠건강관리전공예체능21무용예술전공28미술학부조형예술전공20생활예술전공30음악학부58자유전공인문계열()인문사회142자유전공이공계열()공학99자유전공
상명대학교,서울,실기실적실기전형무용예술전공
상명대학교,서울,()변경구분학년도2027학년도2028수시모집실기실적실기전형무용예술전공
상명대학교,서울,정시모집실기실적실기전형무용예술전공
상명대학교,서울,인문자유전공인문계열()1425610(6)96776(27)(9)563자유전공이공계열()9936954(25)(11)자연예체능자유전공예체능계열()231211(27)(9)인문인문콘텐츠학부역사콘텐츠전공2565239지적재산권전공2052229문헌정보학전공2144238한일문화콘텐츠전공2043238공간환경학부31762313행정학부368734214가족복지학과21532328경제금융학부451084419경영학부5716117518글로벌경영학과5214105419융합경영학과
상명대학교,서울,융합학부휴먼공학전공AI7522945(6)35(25)(11)데이터과학전공451362321융합학부SW컴퓨터과학전공7518176330전기공학전공2354239게임전공2575238생명화학공학부생명공학전공28752212화학에너지공학전공28752311화공신소재전공26742311식품영양학전공2053237의류학과2053237예체능융합학부SW애니메이션전공21622219스포츠무용학부스포츠건강관리전공
상명대학교,서울,무용예술전공
상명대학교,서울,미술학부조형예술전공
상명대학교,서울,생활예술전공
상명대학교,서울,특수교육대상자전형인문자유전공인문계열()1425610(6)967자유전공이공계열()99369자연예체능자유전공예체능계열()2312인문인문콘텐츠학부역사콘텐츠전공256523지적재산권전공205222문헌정보학전공214423한일문화콘텐츠전공204323공간환경학부317623행정학부3687342가족복지학과2153232경제금융학부4510844경영학부57161175글로벌경영학과52141054융합경영학과11143국가안보학과2424국어교육과43125231영어교육과3711523교육학과
상명대학교,서울,융합학부휴먼공학전공AI7522945(6)데이터과학전공4513623융합학부SW컴퓨터과학전공75181763전기공학전공235423게임전공257523생명화학공학부생명공학전공287522화학에너지공학전공287523화공신소재전공267423식품영양학전공205323의류학과205323예체능융합학부SW애니메이션전공2162221스포츠무용학부스포츠건강관리전공217212무용예술전공한국무용289현대무용9발레10미술학부조형예술전공209110생활예술전공3030음악학부
상명대학교,서울,스포츠건강관리전공조형예술전공
상명대학교,서울,스포츠건강관리전공무용예술전공조형예술전공생활예술전공음악학부
상명대학교,서울,(349)모집계열모집단위모집인원모집계열모집단위모집인원인문자유전공인문계열()56인문국어교육과12자연자유전공이공계열()36영어교육과11예체능자유전공예체능계열()12교육학과8인문역사콘텐츠전공6자연수학교육과9지적재산권전공5휴먼공학전공AI22문헌정보학전공4데이터과학전공13한일문화콘텐츠전공4컴퓨터과학전공18공간환경학부7전기공학전공5행정학부8게임전공7가족복지학과5생명공학전공7경제금융학부10화학에너지공학전공7경영학부16화공신소재전공7글로벌경영학과14식품영양학전공5국가안보학과24의류학과5-예체능애니메이션전공
상명대학교,서울,(155)모집계열모집단위모집인원모집계열모집단위모집인원인문역사콘텐츠전공5자연수학교육과4지적재산권전공2휴먼공학전공AI9문헌정보학전공4데이터과학전공6한일문화콘텐츠전공3컴퓨터과학전공17공간환경학부6전기공학전공4행정학부7게임전공5가족복지학과3생명공학전공5경제금융학부8화학에너지공학전공5경영학부11화공신소재전공4글로벌경영학과10식품영양학전공3국어교육과5의류학과3영어교육과5예체능애니메이션전공2교육학과3스포츠건강관리전공7-조형예술전공
상명대학교,서울,000예체능스포츠건강관리전공조형예술전공
상명대학교,서울,(70)모집계열모집단위모집인원모집계열모집단위모집인원인문역사콘텐츠전공2자연수학교육과2지적재산권전공2휴먼공학전공AI4문헌정보학전공2데이터과학전공2한일문화콘텐츠전공2컴퓨터과학전공6공간환경학부2전기공학전공2행정학부3게임전공2가족복지학과2생명공학전공2경제금융학부4화학에너지공학전공2경영학부7화공신소재전공2글로벌경영학과5식품영양학전공2국어교육과2의류학과2영어교육과2예체능애니메이션전공2교육학과2스포츠건강관리전공2-조형예술전공
상명대학교,서울,(144)모집계열모집단위모집인원정원내정원외인문융합경영학과
상명대학교,서울,참고17모집계열모집단위모집인원모집계열모집단위모집인원인문자유전공인문계열()10자연수학교육과3자연자유전공이공계열()9휴먼공학전공AI5인문역사콘텐츠전공3데이터과학전공3지적재산권전공2컴퓨터과학전공3문헌정보학전공3전기공학전공3한일문화콘텐츠전공3게임전공3공간환경학부3생명공학전공2행정학부4화학에너지공학전공3가족복지학과3화공신소재전공3경제금융학부4식품영양학전공3경영학부5의류학과3글로벌경영학과4예체능애니메이션전공2국어교육과3-영어교육과3교육학과
상명대학교,서울,(138)모집계열모집단위모집인원모집계열모집단위모집인원예체능스포츠건강관리전공12예체능음악학부피아노12무용예술전공한국무용9성악남6현대무용9여6발레10뉴미디어작곡12조형예술전공10관현악22생활예술전공30-음악학부
상명대학교,서울,)전형총점점()학생부교과실기고사계스포츠건강관리전공
상명대학교,서울,000무용예술전공
상명대학교,서울,000조형예술전공
상명대학교,서울,000생활예술전공
상명대학교,서울,모집단위실기고사내용스포츠건강관리전공
상명대학교,서울,)무용예술전공한국무용전공실기현대무용발레조형예술전공인체소묘또는인체수채화생활예술전공기초디자인음악학부
상명대학교,서울,(6)모집계열모집단위최대선발가능인원모집인원모집계열모집단위최대선발가능인원모집인원인문자유전공인문계열()6(6)자연휴먼공학전공AI3(6)자연자유전공이공계열()4데이터과학전공2예체능자유전공예체능계열()1컴퓨터과학전공3인문역사콘텐츠전공1전기공학전공1지적재산권전공1게임전공1문헌정보학전공1생명공학전공1한일문화콘텐츠전공1화학에너지공학전공1공간환경학부1화공신소재전공1행정학부1식품영양학전공1가족복지학과1의류학과1경제금융학부2예체능애니메이션전공1경영학부2스포츠건강관리전공1글로벌경영학과
상명대학교,서울,(7)모집계열모집단위모집인원모집계열모집단위모집인원인문행정학부2자연수학교육과1가족복지학과2예체능애니메이션전공
상명대학교,서울,학생부종합상명인재전형스포츠건강관리전공조형예술전공
상명대학교,서울,스포츠건강관리전공
상명대학교,서울,조형예술전공
상명대학교,서울,인문자유전공인문계열()14276(27)(9)563자유전공이공계열()9954(25)(11)자연예체능자유전공예체능계열()2311(27)(9)인문인문콘텐츠학부역사콘텐츠전공259지적재산권전공209문헌정보학전공218한일문화콘텐츠전공208공간환경학부3113행정학부3614가족복지학과218경제금융학부4519경영학부5718글로벌경영학과5219융합경영학과
상명대학교,서울,융합학부휴먼공학전공AI7535(25)(11)데이터과학전공4521융합학부SW컴퓨터과학전공7530전기공학전공239게임전공258생명화학공학부생명공학전공2812화학에너지공학전공2811화공신소재전공2611식품영양학전공207의류학과207예체능융합학부SW애니메이션전공219스포츠무용학부스포츠건강관리전공
상명대학교,서울,000모집계열모집단위모집인원모집계열모집단위모집인원인문자유전공인문계열()76인문국어교육과21자연자유전공이공계열()54영어교육과16예체능자유전공예체능계열()11교육학과13인문역사콘텐츠전공9자연수학교육과15지적재산권전공9휴먼공학전공AI35문헌정보학전공8데이터과학전공21한일문화콘텐츠전공8컴퓨터과학전공30공간환경학부13전기공학전공9행정학부14게임전공8가족복지학과8생명공학전공12경제금융학부19화학에너지공학전공11경영학부18화공신소재전공11글로벌경영학과19식품영양학전공7국가안보학과
상명대학교,서울,모집계열모집단위모집인원모집계열모집단위모집인원예체능스포츠건강관리전공
상명대학교,서울,)전형총점점()대학수학능력시험실기고사계스포츠건강관리전공
상명대학교,서울,(52)모집계열모집단위최대선발가능인원모집인원모집계열모집단위최대선발가능인원모집인원인문자유전공인문계열()1427자연자유전공이공계열()925예체능자유전공예체능계열()2휴먼공학전공AI7인문역사콘텐츠전공2데이터과학전공4지적재산권전공2컴퓨터과학전공7문헌정보학전공2전기공학전공2한일문화콘텐츠전공2게임전공2공간환경학부3생명공학전공2행정학부3화학에너지공학전공2가족복지학과2화공신소재전공2경제금융학부4식품영양학전공2경영학부5의류학과2글로벌경영학과5예체능애니메이션전공
상명대학교,서울,27모집계열모집단위최대선발가능인원모집인원모집계열모집단위최대선발가능인원모집인원인문자유전공인문계열()99자연자유전공이공계열()911예체능자유전공예체능계열()2휴먼공학전공AI7인문역사콘텐츠전공2데이터과학전공4지적재산권전공2컴퓨터과학전공7문헌정보학전공2전기공학전공2한일문화콘텐츠전공2게임전공2공간환경학부3생명공학전공2행정학부3화학에너지공학전공2가족복지학과2화공신소재전공2경제금융학부4식품영양학전공2경영학부5의류학과2글로벌경영학과5예체능애니메이션전공
상명대학교,서울,모집계열모집단위모집인원정원내정원외인문융합경영학과
상명대학교,서울,선택가능인문콘텐츠학부역사콘텐츠전공지적재산권전공문헌정보학전공한일문화콘텐츠전공공간환경학부행정학부가족복지학과
상명대학교,서울,경제금융학부경영학부글로벌경영학과
상명대학교,서울,융합학부휴먼공학전공AI데이터과학전공융합학부SW컴퓨터과학전공전기공학전공게임전공생명화학공학부생명공학전공화학에너지공학전공화공신소재전공식품영양학전공의류학과예체능융합학부SW애니메이션전공
상명대학교,서울,()예체능스포츠무용학부스포츠건강관리전공
상명대학교,서울,개과목(1)-무용예술전공미술학부조형예술전공생활예술전공음악학부
상명대학교,서울,모집인원비제한최대선발가능인원모집인원전교육과정이수자북한이탈주민인문경상자유전공인문계열()1421416선발인원제한없음인문콘텐츠학부역사콘텐츠전공252지적재산권전공202문헌정보학전공212한일문화콘텐츠전공202공간환경학부313행정학부363가족복지학과212경제금융학부454경영학부575글로벌경영학과525사범국어교육과4349-영어교육과373교육학과292수학교육과333자연공학자유전공
상명대학교,서울,융합학부휴먼공학전공AI757데이터과학전공454융합학부SW컴퓨터과학전공757전기공학전공232게임전공252생명화학공학부생명공학전공282화학에너지공학전공282화공신소재전공262식품영양학전공202의류학과202문화예술자유전공예체능계열()23211융합학부SW애니메이션전공212스포츠무용학부스포츠건강관리전공212미술학부조형예술전공202생활예술전공
상지대학교,강원,호텔항공관광경영학과
상지대학교,강원,산업융합디자인학과
상지대학교,강원,3생활체육학전공
상지대학교,강원,태권도학전공
상지대학교,강원,생활체육학전공
상지대학교,강원,)생활체육학전공
상지대학교,강원,수시모집미충원인원의정시이월모집방법구분(정시)수능일반(정시)수능강원인재(정시)수능강원인재균형(정시)실기일반(정시)성인학습자전모집단위(아래제외)정원내전형미충원인원한의예과간호학과교과일반종합일반사회통합전형미충원인원교과강원인재종합강원인재미충원인원교과강원인재균형미충원인원리빙디자인학과산업융합디자인학과시각영상디자인학과만화애니메이션학과체육학전공정원내전형미충원인원외식베이커리학과
상지대학교,강원,로선발(수시모집이월인원)모집군구분단과대학모집학과가군경상대학경영학과
상지대학교,강원,국제경영학과
상지대학교,강원,조경산림학과예술체육대학리빙디자인학과
상지대학교,강원,시각영상디자인학과만화애니메이션학과체육학전공
상지대학교,강원,태권도학전공나군보건의료대학간호학과
상지대학교,강원,사회복지학과
상지대학교,강원,)실기일반리빙디자인학과산업융합디자인학과시각영상디자인학과만화애니메이션학과체육학전공
상지대학교,강원,산업융합디자인학과시각영상디자인학과
상지대학교,강원,만화애니메이션학과체육학전공
상지대학교,강원,상황표현중선택리빙디자인학과산업융합디자인학과시각영상디자인학과
상지대학교,강원,연필정밀묘사중선택체육학부체육학전공
상지대학교,강원,10m왕복달리기수시(일반)체육학부태권도학전공
상지대학교,강원,15분내외평가특기자전형체육학부태권도학전공체육학부생활체육학전공
상지대학교,강원,수시모집체육학부생활체육학전공
상지대학교,강원,수시모집체육학부태권도학전공
서강대학교,서울,32512-3---20사회과학부사회학과90910853-1469정치외교학과10심리학과
서강대학교,서울,10경제학과경제학과1512043-83(3)2498경영학부경영학부2473271-14339159지식융합미디어학부신문방송학과
서강대학교,서울,3212---12사회과학부사회학과9016-7-23정치외교학과심리학과
서강대학교,서울,경제학과경제학과15146-10(5)56경영학부경영학부24774-1488지식융합미디어학부신문방송학과
서강대학교,서울,심리학과
서강대학교,서울,)90경제학과151경영학부247지식융합미디어학부(신문방송학과
서강대학교,서울,1신입학(한국어트랙)계열대학신입학모집단위학과모집인원인문인문대학인문학부국어국문학과제한없음사학과철학과종교학과영문학부영문학부(영미어문전공)유럽문화학과유럽문화학과중국문화학과중국문화학과인문학기반자유전공학부인문학기반자유전공학부사회과학대학사회과학부사회학과정치외교학과심리학과경제대학경제학과경제학과경영대학경영학부경영학부(경영학전공)로욜라국제대학글로벌한국학부글로벌한국학부(한국언어문화전공)글로벌융합학부글로벌융합학부(글로벌경영전공
서강대학교,서울,2신입학(영어트랙)계열대학신입학모집단위학과모집인원인문인문대학영문학부영문학부(미국문화전공)제한없음경제대학경제학과경제학과경영대학경영학부경영학부(경영학전공)로욜라국제대학글로벌한국학부글로벌한국학부(글로벌한국학전공)게페르트국제학부게페르트국제학부(국제관계전공
서경대학교,서울,스포츠앤테크놀로지학과
서경대학교,서울,미용예술대학헤어디자인학과
서경대학교,서울,공연예술대학공연예술학부연기302010연출1064모델연기30255무대기술201010무대패션251510뮤지컬302010실용음악학부기악44414작곡보컬싱어송라이터무용예술학부
서경대학교,서울,자유전공학부군사학과아트앤테크놀로지학과스포츠앤테크놀로지학과미용예술대학헤어디자인학과
서경대학교,서울,라이프스타일디자인영화영상학과광고홍보영상학과공연예술대학공연예술학부연기연출모델연기무대기술무대패션뮤지컬실용음악학부기악작곡보컬싱어송라이터무용예술학부한국무용실용무용음악학부피아노관현악창의인재대학인텔리전트경영학과
서경대학교,서울,스포츠앤테크놀로지학과1단계1002단계2080연출전공
서경대학교,서울,)공연예술학부연기전공
서경대학교,서울,무용예술학부실용무용전공
서경대학교,서울,검정고시출신자의경우는학생부의존재여부에따라위의항목과동일하게감점및조치함152028서경대학교대학입학전형시행계획주요사항p실기우수자전형안내모집단위선발방법실기고사내용미용예술대학헤어디자인학과
서경대학교,서울,작품결과분석및질의응답공연예술학부연기전공
서경대학교,서울,자작곡1곡보컬전공1단계자유곡1곡2단계한글가사곡1곡싱어송라이터전공1단계자유곡1곡2단계자작곡1곡무용예술학부한국무용전공일괄합산자유작품실용무용전공
서경대학교,서울,기획안분석및질의응답스포츠앤테크놀로지학과
서경대학교,서울,모집단위별산업체명과선발인원은원서접수전공지코스메틱뷰티매니지먼트학과
서경대학교,서울,없음산업체매칭코스메틱뷰티매니지먼트학과
서경대학교,서울,학교생활기록부교과성적이없는자는산업체매칭성적에따른비교내신적용4)실기고사내용(산업체매칭)모집단위내용헤어디자인학과산업체브랜드별헤어트렌드분석및질의응답코스메틱뷰티매니지먼트학과
서경대학교,서울,848융합대학군사학과30-아트앤테크놀로지학과202스포츠앤테크놀로지학과303미용예술대학헤어디자인학과404코스메틱뷰티매니지먼트학과303메이크업디자인학과
서경대학교,서울,영상대학디자인학부707영화영상학과303광고홍보영상학과30-공연예술대학공연예술학부14514실용음악학부444무용예술학부404음악학부
서울과학기술대학교,서울,조형예술학과
서울과학기술대학교,서울,예체능계열3)스포츠과학과
서울과학기술대학교,서울,모집단위별모집인원계열대학모집단위모집정원합계정원내정원외자연공과대학기계시스템공학부(지능형로봇전공)88853기계시스템공학부(미래자동차전공)50482기계공학과1351296안전공학과52502신소재공학과64631건설시스템공학과96951건축학부(건축공학전공)60582건축학부(건축학전공)44431자유전공학부(공과대학)7070자연정보통신대학전기정보공학과1041031전자공학과62611스마트ICT융합공학과43421컴퓨터공학과86851자유전공학부(정보통신대학)2828자연에너지바이오대학화공생명공학과56551환경공학과72693식품생명공학과40373정밀화학과42393안경광학과40373예체능스포츠과학과37343자연바이오메디컬학과30282양자융합물리학과(신설예정)자유전공학부(에너지바이오대학)2323예체능조형대학디자인학과(산업디자인전공)46451디자인학과(시각디자인전공)51501도예학과39363금속공예디자인학과44404조형예술학과35323인문인문사회대학행정학과42411영어영문학과27261문예창작학과36351자유전공학부
서울과학기술대학교,서울,인문22산업공학과(ITM전공
서울과학기술대학교,서울,자연29281산업공학과(ITM전공
서울과학기술대학교,서울,인문22MSDE학과40382경영학과(경영학전공
서울과학기술대학교,서울,자연99자유전공학부(기술경영융합대학)1414자연미래융합대학융합기계공학과2020건설환경융합공학과2020인문헬스피트니스학과2626문화예술학과2626영어과2626벤처경영학과1717자연정보통신융합공학과3333인문자유전공학부(미래융합대학)7272자연창의융합대학인공지능응용학과69672지능형반도체공학과56542미래에너지융합학과22202자유전공학부(창의융합대학)6969광역교양대학ST자유전공학부
서울과학기술대학교,서울,디자인학과(산업디자인전공
서울과학기술대학교,서울,산업공학과
서울과학기술대학교,서울,전형유형별모집인원계열대학모집단위수시정원내정원외합계학생부교과학생부종합논술위주실기위주학생부위주(기회균형)군위탁고교추천서울텍인재서울텍미래국가보훈대상자기회균등평생학습자농어촌학생특성화고재직자특수교육대상자자연공과대학기계시스템공학부(지능형로봇전공)20335361기계시스템공학부(미래자동차전공)111913236기계공학과285219696안전공학과112013237신소재공학과122514143건설시스템공학과203718167건축학부(건축공학전공)122314242건축학부(건축학전공)91713131자유전공학부(공과대학)0자연정보통신대학전기정보공학과264017175전자공학과14245144스마트ICT융합공학과111713133컴퓨터공학과183313156자유전공학부(정보통신대학)0자연에너지바이오대학화공생명공학과122213139환경공학과142712347식품생명공학과101612332정밀화학과71612329안경광학과71512328예체능스포츠과학과18321자연바이오메디컬학과714223양자융합물리학과(신설예정)자유전공학부(에너지바이오대학)0예체능조형대학디자인학과(산업디자인전공)121114디자인학과(시각디자인전공)312116도예학과15318금속공예디자인학과315422조형예술학과18321인문인문사회대학행정학과131612133영어영문학과7112121문예창작학과3212136자유전공학부
서울과학기술대학교,서울,인문0산업공학과(ITM전공
서울과학기술대학교,서울,자연8131123산업공학과(ITM전공
서울과학기술대학교,서울,인문0MSDE학과9151227경영학과(경영학전공
서울과학기술대학교,서울,자연246자유전공학부(기술경영융합대학)0자연미래융합대학융합기계공학과2010추천인원20건설환경융합공학과2020인문헬스피트니스학과2626문화예술학과2626영어과2626벤처경영학과1717자연정보통신융합공학과3333인문자유전공학부(미래융합대학)7272자연창의융합대학인공지능응용학과18301251지능형반도체공학과16231242미래에너지융합학과691218자유전공학부(창의융합대학)203050광역교양대학ST자유전공학부
서울과학기술대학교,서울,자연공과대학기계시스템공학부(지능형로봇전공)2727기계시스템공학부(미래자동차전공)1414기계공학과3939안전공학과1515신소재공학과2121건설시스템공학과2929건축학부(건축공학전공)1818건축학부(건축학전공)1313자유전공학부(공과대학)7070자연정보통신대학전기정보공학과2929전자공학과1818스마트ICT융합공학과1010컴퓨터공학과3030자유전공학부(정보통신대학)2828자연에너지바이오대학화공생명공학과1717환경공학과2525식품생명공학과88정밀화학과1313안경광학과1212예체능스포츠과학과31316자연바이오메디컬학과77양자융합물리학과(신설예정)자유전공학부(에너지바이오대학)2323예체능조형대학디자인학과(산업디자인전공)72532디자인학과(시각디자인전공)33235도예학과2121금속공예디자인학과31922조형예술학과1414인문인문사회대학행정학과99영어영문학과66문예창작학과0자유전공학부
서울과학기술대학교,서울,자연66산업공학과(ITM전공
서울과학기술대학교,서울,인문22MSDE학과1313경영학과(경영학전공
서울과학기술대학교,서울,자연33자유전공학부(기술경영융합대학)1414자연미래융합대학융합기계공학과0건설환경융합공학과0인문헬스피트니스학과0문화예술학과0영어과0벤처경영학과0자연정보통신융합공학과0인문자유전공학부(미래융합대학)0자연창의융합대학인공지능응용학과1818지능형반도체공학과1414미래에너지융합학과44자유전공학부(창의융합대학)1919광역교양대학ST자유전공학부
서울과학기술대학교,서울,실기고사내용학과명종목비고디자인학과도예학과금속공예디자인학과기초디자인시험주제는시험당일제시조형예술학과
서울과학기술대학교,서울,스포츠과학과
서울과학기술대학교,서울,000점스포츠과학과
서울과학기술대학교,서울,조형대학실기고사안내학과명종목비고디자인학과도예학과금속공예디자인학과기초디자인시험주제는시험당일제시조형예술학과
서울과학기술대학교,서울,에너지바이오대학(스포츠과학과
서울과학기술대학교,서울,경영학과(글로벌테크노경영전공
서울과학기술대학교,서울,경영학과
서울과학기술대학교,서울,과중택1스포츠과학과
서울과학기술대학교,서울,과중택1조형대학(산업디자인전공
서울과학기술대학교,서울,0이상산업공학과ITM전공
서울과학기술대학교,서울,0이상경영학학과경영학전공
서울과학기술대학교,서울,제7호대상자)대학명모집단위모집전형모집시기비고전교육과정해외이수자북한이탈주민공과대학기계시스템공학부(지능형로봇전공)OO7월중(1학기(3월)입학)-기계시스템공학부(미래자동차전공)OO기계공학과OO안전공학과OO신소재공학과OO건설시스템공학과OO건축학부(건축공학전공)OO건축학부(건축학전공)OO정보통신대학전기정보공학과OO전자공학과OO스마트ICT융합공학과OO컴퓨터공학과OO에너지바이오대학화공생명공학과OO환경공학과OO식품생명공학과OO정밀화학과OO안경광학과OO스포츠과학과OO바이오메디컬학과OO조형대학디자인학과산업디자인전공OO디자인학과시각디자인전공OO도예학과OO금속공예디자인학과OO조형예술학과OO인문사회대학영어영문학과OO행정학과OO문예창작학과OO기술경영융합대학산업공학과산업정보시스템전공OOITM전공OOMSDE학과OO경영학과경영학전공OO글로벌테크노경영전공OO창의융합대학인공지능응용학과OO지능형반도체공학과OO미래에너지융합학과
서울과학기술대학교,서울,순수외국인특별전형(고등교육법시행령제29조제2항제6호대상자)대학명모집단위지원자격모집시기비고부모모두외국인인외국인9월중(1학기(3월)입학)5월중(2학기(9월)입학)공과대학건축학부(건축학전공)OOO에너지바이오대학스포츠과학과OOO바이오메디컬학과OOO영어트랙조형대학도예학과OOO금속공예디자인학과OOO조형예술학과OOO인문사회대학문예창작학과OOO기술경영융합대학산업공학과ITM전공OOXMSDE학과OOX영어트랙경영학과경영학전공OOO-한국어트랙
서울과학기술대학교,서울,4학년(경영학전공)-영어트랙
서울과학기술대학교,서울,산업공학과(산업정보시스템전공)-(정보통신계열)전기정보공학과
서울과학기술대학교,서울,미래에너지융합학과-(디자인계열)디자인학과(산업디자인전공
서울대학교,서울,20심리학과8101524지리학과8101524사회복지학과
서울대학교,서울,정보공학부1181852152컴퓨터공학부193642584화학생물공학부154753198건축학과82521550산업공학과41821640에너지자원공학과5151425원자핵공학과9152632조선해양공학과82211445항공우주공학과41821236소계1464014127586317175농업생명과학대학농경제사회학부13172104212124식물생산과학부102631857산림과학부
서울대학교,서울,산업공학과
서울대학교,서울,사회복지학과
서울대학교,서울,사회과학대학경제학부경영대학농업생명과학대학농경제사회학부생활과학대학소비자아동학부소비자학전공
서울대학교,서울,과학탐구영역의등급을각각환산한점수의평균을반영함등급123456789점수1098765432-16-2)2단계수능모집단위2단계수능점수산출방법인문대학사회과학대학경영대학농업생명과학대학농경제사회학부사범대학교육학과
서울대학교,서울,전형요소별평가방법1)수능모집단위수능점수산출방법인문대학사회과학대학경영대학농업생명과학대학농경제사회학부사범대학교육학과
서울대학교,서울,1인문대학사회과학대학간호대학경영대학농업생명과학대학농경제사회학부사범대학교육학과
서울시립대학교,서울,정시모집13수능위주일반전형인문자연스포츠과학과
서울시립대학교,서울,점(300)스포츠과학과
서울시립대학교,서울,스포츠과학과
서울시립대학교,서울,071131365432134253310833행정학과인문70-142152-42--28-1111031국제관계학과41-51832-28--13-11116경제학부79-182082-48--31-11134사회복지학과35-51232-22--13-11116세무학과60-9761-23--37-11140경영학부192-9310202-125--67-2-170영어영문학과33-41821-25--8-1-110국어국문학과24-31111-16--8-1-110국사학과24-31111-16--8-1-110철학과24-31011-15--9-1-111중국어문화학과22-31011-15--7-1-19도시행정학과35-51222-2114---11117도시사회학과35-51222-21--14-11117전자전기컴퓨터공학부자연132182125122-78--54-11157화학공학과44-91541-29--15-11118기계정보공학과35451031-23--12-11115신소재공학과551071231-33--22-11125토목공학과3555931-23--12-11115컴퓨터과학부53881241-33--20-11123인공지능학과38361211-2315---1-117수학과3585731-24--11-11114통계학과27331021-19--8-11111물리학과2763721-19--8-11111생명과학과33451022-23--10-11113환경원예학과27-51021-18--9-11112융합응용화학과20-3811-13--7-1-19건축학부건축공학전공()35351131-23--12-11115건축학부건축학전공()35-51831-27--8-11111도시공학과27-31021-16--11-11114교통공학과2244711-17--5-1118조경학과27-31321-19--8-11111환경공학부6910101561-42--27-11130공간정보공학과27-51121-19--8-11111자유전공학부인문인문자연78-23-82-3345-------45자연78-23-82-3345-------45첨단융합학부융합바이오헬스전공자연6-22---42-------2첨단인공지능전공5-2----2--3-----3지능형반도체전공26-610---1610-------10음악학과예체능29-----88---21----21디자인학과시각디자인전공()14-----1414-0------0디자인학과산업디자인전공()15-----1515-0------0조각학과36------0-36------36스포츠과학과
서울시립대학교,서울,전형방법스포츠과학과
서울시립대학교,서울,실기과목스포츠과학과
서울시립대학교,서울,644수능위주스포츠과학과
서울시립대학교,서울,000)스포츠과학과
서울시립대학교,서울,예체능계열음악학과스포츠과학과디자인학과
서울시립대학교,서울,점(500)인문계열경제학부사회복지학과세무학과경영학부도시행정학과자유전공학부
서울시립대학교,서울,점0점-5점-13점-32점-56점-80점-112점-144점-160자연계열점0점-2점-8점-16점-28점-40점-56점-72점-80음악학과점0점-4점-15점-30점-55점-75점-105점-135점-150스포츠과학과점0점-4점-13점-25점-46점-63점-88점-113점-125디자인학과조각학과
서원대학교,충북,공공서비스대학경영학부경영학전공회계학전공무역학전공
서원대학교,충북,사회복지학부사회복지학전공복지행정학전공
서원대학교,충북,아동복지학과
서원대학교,충북,상담심리학과
서원대학교,충북,헬스케어운동학과
서원대학교,충북,레저스포츠학부스포츠지도전공스포츠산업전공
서원대학교,충북,순수외국인북한이탈주민교과교과교과교과교과실적실기교과교과교과교과교과교과서류교과IT문화예술대학미디어콘텐츠학부영상미디어전공멀티미디어전공
서원대학교,충북,부동산전공사회복지학전공생활체육전공상담심리전공라이프설계전공바이오코스메틱전공외식경영전공
서원대학교,충북,국제대확K-culture학부글로벌비즈니스전공글로벌스포츠전공글로벌커뮤니케이션전공글로벌한국어전공
서원대학교,충북,다군예체능일반예체능기회균등전형특성화고전형농어촌전형실기수능실기수능수능수능사범대학국어교육과250미정영어교육과250미정교육학과220미정유아교육과320미정윤리교육과230미정사회교육과250미정역사교육과250미정수학교육과250미정생물교육과250미정체육교육과4210미정음악교육과230미정공공서비스대학경영학부경영학전공회계학전공무역학전공
서원대학교,충북,900미정미정미정항공관광학과(승무원양성)400미정미정미정경찰행정학부경찰행정전공범죄수사전공900미정미정소방행정학과500미정미정미정응급구조학과500미정미정미정사회복지학부사회복지학전공복지행정학전공600미정미정미정아동복지학과300미정미정미정상담심리학과500미정미정바이오헬스대학호텔외식조리학부호텔조리전공
서원대학교,충북,250미정미정미정바이오코스메틱학과400미정미정미정뷰티학과700미정미정미정제약공학과400미정미정미정헬스케어운동학과6010-미정미정미정레저스포츠학부스포츠지도전공스포츠산업전공
서원대학교,충북,다군예체능일반예체능기회균등전형특성화고전형농어촌전형실기수능실기수능수능수능IT문화예술대학미디어콘텐츠학부영상미디어전공멀티미디어전공600미정미정미정웹툰콘텐츠학과405-미정미정미정디자인학과
서원대학교,충북,산업)400미정미정미정건축학과
서원대학교,충북,부동산전공사회복지학전공생활체육전공상담심리전공라이프설계전공문화예술경영전공바이오코스메틱전공외식경영전공10국제대학K-culture학부글로벌비즈니스전공글로벌스포츠전공글로벌커뮤니케이션전공글로벌한국어전공-융복합대학자유전공학부
서원대학교,충북,경영학부
서원대학교,충북,사회복지학부
서원대학교,충북,레저스포츠학부
서원대학교,충북,정시모집전형방법전형유형모집단위전형방법전형요소및반영비율계수능학생부(교과)실기정원내정시나군예체능웹툰콘텐츠학과헬스케어운동학과
서원대학교,충북,예체능레저스포츠학부
서원대학교,충북,자유곡1곡(암보)수시모집정시모집헬스케어운동학과
서원대학교,충북,앉아윗몸앞으로굽히기위4종목중실기성적이우수한상위3종목성적을반영수시모집정시모집레저스포츠학부
선문대학교,충남,자유전공인문계열사학과810경찰행정법학과상담심리학과사회복지학과디지털콘텐츠학과미디어커뮤니케이션학부경상계열경영학과글로벌경제학과IT경영학과관광호텔경영학과항공서비스학과
선문대학교,충남,반도체계열건축학부594산업경영공학과소방방재안전학과전자공학과반도체소재공학과디스플레이반도체공학과
선문대학교,충남,소프트웨어계열기계공학과미래자동차공학부지능로봇공학과컴퓨터공학부AI소프트웨어학과기업인재융합학부(계약학과)계약학과AI모빌리티융합공학과30스마트팩토리융합공학과30모빌리티시스템공학과20예체능예체능계열태권도학과246무도경호학과스포츠과학과피트니스재활학과디자인학부(시각디자인전공)디자인학부(방송콘텐츠디자인전공)영화영상학과
선문대학교,충남,태권도학과
선문대학교,충남,무도경호학과
선문대학교,충남,실적(체육특기자전형)10스포츠과학과피트니스재활학과
선문대학교,충남,자유전공인문디지털콘텐츠학과810286345539모집모집모집모집66사학과184224426경찰행정법학과411051101061상담심리학과275335101045사회복지학과287237121249미디어커뮤니케이션학부4213358141472경상경영학과7019392141410655글로벌경제학과295344438IT경영학과2843232관광호텔경영학과257327739항공서비스학과
선문대학교,충남,전자반도체건축학부594411125411116566산업경영공학과265313334소방방재안전학과255303333전자공학과419506656반도체소재공학과386443347디스플레이반도체공학과
선문대학교,충남,컴퓨터소프트웨어기계공학과431154776155미래자동차공학부384428850지능로봇공학과234273330컴퓨터공학부742149920201191010AI소프트웨어학과408484452기업인재융합학부계약학과AI모빌리티융합공학과-3030스마트팩토리융합공학과-3030모빌리티시스템공학과-2020예체능예체능태권도학과246353535모집모집모집모집-0-무도경호학과353535-0-스포츠과학과2853333-1010피트니스재활학과2753232-55영화영상학과285337740-00디자인학부(시각디자인전공)1414222236-00디자인학부(방송콘텐츠디자인전공
선문대학교,충남,스포츠과학과
선문대학교,충남,피트니스재활학과구분실기시험내용배점스포츠과학과
선문대학교,충남,피트니스재활학과
선문대학교,충남,체육특기자전형1)전형요소별반영비율모집단위사정방법전형요소별반영비율(점수)합계학생부실기경기실적교과출결스포츠과학과
선문대학교,충남,자유전공디지털콘텐츠학과사학과경찰행정법학과상담심리학과사회복지학과미디어커뮤니케이션학부
선문대학교,충남,광고홍보콘텐츠경영학과글로벌경제학과IT경영학과관광호텔경영학과항공서비스학과건강보건대학간호학과간호학과물리치료학과물리치료학과치위생학과치위생학과응급구조학과응급구조학과생명과학수산생명의학과
선문대학교,충남,게임소프트웨어디스플레이반도체공학과반도체소재공학과산업경영공학과소방방재안전학과예술체육대학예체능스포츠과학과무도경호학과태권도학과피트니스재활학과영화영상학과디자인학부
성결대학교,경기,신학대학신학과451525기독교교육상담학과402010인문대학국어국문학과3073832영어영문학과501341162중어중문학과3313372사회과학대학국제개발협력학과3313372행정학부행정학전공지역공공인재학전공5013412622사회복지학과6517614632관광학과3393832글로벌경영기술대학경영학과52134136222글로벌물류학과62175146222산업경영공학과501831322사범대학유아교육과40104864체육교육과401464IT공과대학컴퓨터공학과572151442정보통신공학과582151432미디어소프트웨어학과582151432도시디자인정보공학과3012272예술대학실용음악예술학과
성결대학교,경기,뮤직테크놀로지3525연기예술학과25152영화영상학과35252뷰티디자인학과40104762미래인재융합대학자율전공학부103253015인문사회계열자율전공학부100253015공학계열자율전공학부5213139융합학부
성결대학교,경기,모집단위전공선택가능학부(과)비고자율전공학부사범대학과예술대학을제외한모든단과대학의소속학부(과)인문사회계열자율전공학부
성결대학교,경기,글로벌경영기술대학(산업경영공학과제외)의소속학부(과)공학계열자율전공학부IT공과대학의소속학과및산업경영공학과
성결대학교,경기,기독교교육상담학과4010인문대학국어국문학과309영어영문학과5016중어중문학과3310사회과학대학국제개발협력학과3310행정학부행정학전공지역공공인재학전공5015사회복지학과6522관광학과3310글로벌경영기술대학경영학과5216글로벌물류학과6220산업경영공학과5016사범대학유아교육과4012체육교육과4020IT공과대학컴퓨터공학과5717정보통신공학과5818미디어소프트웨어학과5818도시디자인정보공학과309예술대학실용음악예술학과
성결대학교,경기,뮤직테크놀로지3510연기예술학과2510영화영상학과3510뷰티디자인학과4013미래인재융합대학자율전공학부10333인문사회계열자율전공학부10030공학계열자율전공학부5217융합학부
성결대학교,경기,실적실기우수자체육교육과4060연기예술학과영화영상학과실용음악예술학과
성결대학교,경기,실적농어촌학생체육교육과4060연기예술학과영화영상학과
성결대학교,경기,다군(실용음악예술학과
성결대학교,경기,실적실기우수자실용음악예술학과연기예술학과영화영상학과
성결대학교,경기,실적농어촌학생(연기예술학과
성결대학교,경기,연기예술학과
성결대학교,경기,실용음악예술학과
성공회대학교,서울,종교와신학전공53인문사회경영학부
성공회대학교,서울,경영학전공36인문사회사회융합학부
성공회대학교,서울,사회복지학전공75인문사회미디어콘텐츠융합학부
성공회대학교,서울,종교와신학전공36711경영학부
성공회대학교,서울,경영학전공22611사회융합학부
성공회대학교,서울,사회복지학전공34101514미디어콘텐츠융합학부
성공회대학교,서울,종교와신학전공212경영학부
성공회대학교,서울,경영학전공211사회융합학부
성공회대학교,서울,사회복지학전공312미디어콘텐츠융합학부
성공회대학교,서울,종교와신학전공8경영학부
성공회대학교,서울,경영학전공6사회융합학부
성공회대학교,서울,사회복지학전공11미디어콘텐츠융합학부
성공회대학교,서울,종교와신학전공00경영학부
성공회대학교,서울,경영학전공00사회융합학부
성공회대학교,서울,사회복지학전공00미디어콘텐츠융합학부
성공회대학교,서울,정시(다)수능위주일반학생전형경영학부사회융합부소프트웨어융합학부
성균관대,서울,연기예술학과
성균관대,서울,스포츠과학과자유전공
성균관대,서울,스포츠과학과
성균관대,서울,예체능특기자전형모집단위중스포츠과학과
성균관대,서울,실적위주수능위주학생부종합(서류형)융합인재탐구인재기회균형성균인재과학인재추천인재언어형수리형예체능특기자예체능실기우수자일반형특화형융합인재가나다가나다자유전공계열280203070201020110인문과학계열28830257203813830사회과학계열324302571520301514240경영학과183302520201078글로벌리더학부6810101010523글로벌경제학과901616107734글로벌경영학과1021515107748사범대학교육학과35151010한문교육과35151010전공
성균관대,서울,동양학과301515국어국문학과1266프랑스어문학과1212독어독문학과1212러시아어문학과1212한문학과201010사학과1266철학과1266전공예약(사회과학계열)사회학과20812사회복지학과20812심리학과1266아동청소년학과20812통계학과1266영상학과38125516의상학과3615516자연과학계열25434237202052510020전자전기정보공학부1743025101052569공학계열51260408152050103521460컴퓨터공학과851010201051020반도체시스템공학과701015251010지능형소프트웨어학과50101015510배터리학과30101010글로벌바이오메디컬공학과52101551012반도체융합공학과661555536에너지학과461555516양자정보공학과
성균관대,서울,규제과학과3413516건축학과(5년제)42101715약학과651020530의예과4424515사범대학수학교육과35151010컴퓨터교육과35151010전공예약(자연과학계열)생명과학과1266수학과1266물리학과1266화학과1266전공예약(공학계열)건설환경공학부70201551020글로벌AI융합학부421754610연기예술학과연기2020연출99무용학과한국무용1313발레1212컨템포러리댄스1212미술학과동양화1818서양화1919디자인학과3838스포츠과학과
성균관대,서울,경영학과
성균관대,서울,실적위주학생부종합(서류형)융합인재탐구인재기회균형성균인재과학인재추천인재언어형수리형예체능특기자예체능실기우수자특성화고졸재직자자유전공계열203070201020인문과학계열302572038사회과학계열3025715203015경영학과3025202010글로벌리더학부101010105글로벌경제학과16161077글로벌경영학과15151077사범대학교육학과1510한문교육과1510전공
성균관대,서울,동양학과1515국어국문학과66프랑스어문학과12독어독문학과12러시아어문학과12한문학과1010사학과66철학과66전공예약(사회과학계열)사회학과812사회복지학과812심리학과66아동청소년학과812통계학과66영상학과1255의상학과155자연과학계열342372020525전자전기정보공학부30251010525공학계열604081520501035컴퓨터공학과10102010510반도체시스템공학과10152510지능형소프트웨어학과1010155배터리학과1010글로벌바이오메디컬공학과1015510반도체융합공학과15555에너지학과15555양자정보공학과
성균관대,서울,규제과학과135건축학과(5년제)101715약학과10205의예과245사범대학수학교육과1510컴퓨터교육과1510전공예약(자연과학계열)생명과학과66수학과66물리학과66화학과66전공예약(공학계열)건설환경공학부2015510글로벌AI융합학부17546연기예술학과연기20연출9무용학과한국무용13발레12컨템포러리댄스12스포츠과학과121618응용AI융합학부
성균관대,서울,사회복지학과
성균관대,서울,심리학과
성균관대,서울,청소년학과
성균관대,서울,시스템경영공학과
성균관대,서울,수리형스포츠과학과영상학과스포츠과학과연기예술학과(연기)무용학과
성균관대,서울,실적예체능특기자스포츠과학과
성균관대,서울,활동증빙자료(필수)예체능실기우수자스포츠과학과
성균관대,서울,실기능력증빙자료(선택)연기예술학과
성균관대,서울,활동증빙자료(수상실적등기타증빙자료)예체능실기우수자스포츠과학과
성균관대,서울,(선택)실기능력증빙자료(고교내활동한정)연기예술학과
성균관대,서울,글로벌경영학과
성균관대,서울,(21명)스포츠과학과
성균관대,서울,2028년2월2학년수료예정자중상급학교조기입학자격부여자(상급학교진학대상자)포함스포츠과학과
성균관대,서울,스포츠과학과에만적용모집단위최저학력기준스포츠과학과
성균관대,서울,실적(예체능특기자)전형스포츠과학과
성균관대,서울,(75명)스포츠과학과
성균관대,서울,57명구분모집인원연기예술학과연기20명무용학과
성균관대,서울,실기시험안내모집단위실기시험스포츠과학과
성균관대,서울,스매시등기술구사능력을통한운동능력평가연기예술학과(연기)기초연기역량평가및전공
성균관대,서울,글로벌리더학부23글로벌경제학과34글로벌경영학과48교육학과101한문교육과101영상학과16의상학과
성균관대,서울,건축학과(5년제)-약학과3032의예과15수학교육과101컴퓨터교육과101전공예약(공학계열)건설환경공학부20글로벌AI융합학부10미술학과동양화18서양화19디자인학과38스포츠과학과28응용AI융합학부
성균관대,서울,한국사스포츠과학과
성균관대,서울,디자인학과수능60실기40스포츠과학과
성균관대,서울,4510스포츠과학과
성균관대,서울,반영-의예과는2개과목을동일비율로반영함-스포츠과학과
성균관대,서울,학생부학업성적이우수한자(학생부가없는경우비교내신적용)미술학과디자인학과스포츠과학과
성균관대,서울,수능영역별반영비율모집단위국어영역수학영역탐구영역영어영역한국사영역사회과학경영학과
성균관대,서울,351010감점적용글로벌경영학과
성균관대,서울,스포츠과학과)모집단위실기시험미술학과
성균관대,서울,문장등이주어질수있음스포츠과학과
성균관대,서울,문과대학국어국문학과영어영문학과프랑스어문학과중어중문학과러시아어문학과한문학과사학과철학과문헌정보학과글로벌리더계열사회과학대학글로벌리더학부사회과학계열행정학과정치외교학과미디어커뮤니케이션학과사회학과사회복지학과심리학과소비자학과
성균관대,서울,청소년학과경제대학경제학과통계학과글로벌경제학계열글로벌경제학과경영학계열경영대학경영학과글로벌경영학계열글로벌경영학과
성균관대,서울,체능계열예술대학영상학과의상학과글로벌융합계열소프트웨어융합대학글로벌AI융합학부자연과학계열자연과학대학생명과학과수학과물리학과화학과생명공학대학식품생명공학과바이오메카트로닉스학과융합생명공학과전자전기공학계열정보통신대학전자전기정보공학부융합과학계열반도체융합공학과소프트웨어계열소프트웨어융합대학컴퓨터공학과공학계열공과대학화학공학부신소재공학부기계공학부건설환경공학부시스템경영공학과나노공학과융합과학계열양자정보공학과건축학계열건축학과
성균관대,서울,체능계열스포츠과학대학스포츠과학과융합과학계열성균융합원에너지학과
성균관대,서울,스포츠과학과제외)100--의예과스포츠과학과
성균관대,서울,동양학과409명문과대학국어국문학과영어영문학과프랑스어문학과중어중문학과러시아어문학과한문학과사학과철학과문헌정보학과글로벌리더계열사회과학대학글로벌리더학부68명사회과학계열행정학과정치외교학과미디어커뮤니케이션학과사회학과사회복지학과심리학과소비자학과
성균관대,서울,청소년학과406명경제대학경제학과통계학과글로벌경제학계열글로벌경제학과90명경영학계열경영대학경영학과182명글로벌경영학계열글로벌경영학과102명사범계열사범대학교육학과
성균관대,서울,체능계열예술대학미술학과37명디자인학과38명무용학과37명영상학과37명연기예술학과29명의상학과36명글로벌융합계열소프트웨어융합대학글로벌AI융합학부42명자연과학계열자연과학대학생명과학과299명수학과물리학과화학과생명공학대학식품생명공학과바이오메카트로닉스학과융합생명공학과
성균관대,서울,부록모집계열대학학과입학정원반도체계열정보통신대학반도체시스템공학과별도정원전자전기공학계열전자전기정보공학부170명소재부품융합계열소재부품융합공학과별도정원융합과학계열반도체융합공학과66명소프트웨어계열소프트웨어융합대학컴퓨터공학과85명지능형소프트웨어계열지능형소프트웨어학과별도정원공학계열공과대학화학공학부577명신소재공학부기계공학부건설환경공학부시스템경영공학과나노공학과건축학계열건축학과(5년제)41명융합과학계열양자정보공학과
성균관대,서울,체능계열스포츠과학대학스포츠과학과
성신여자대학교,서울,가군나군다군전공선발무전공선발전공선발무전공선발전공선발IIIIIII인문융합예술대학인문국어국문학과23734자유전공-4--자유전공5--영어영문학과
성신여자대학교,서울,311235-5--6--사학과19624-3--4--문화예술경영학과18524-3--4--예체능미디어영상연기학과20------137----현대실용음악학과20------119----무용예술학과18------18-----사회과학대학인문정치외교학과22734자유전공-3--자유전공5--심리학과
성신여자대학교,서울,5-4--6--경영학과
성신여자대학교,서울,6-6--17--사회복지학과27934-5--6--법과대학법학부653057-8--15--자연과학대학자연(첨단)수리통계데이터사이언스학부
성신여자대학교,서울,8930617--11-25----생활산업대학인문의류산업학과
성신여자대학교,서울,4자유전공-5--자유전공7--소비자산업학과
성신여자대학교,서울,27934-5--6--예체능뷰티산업학과205-----15-----스포츠과학부(스포츠레저)25-------25----스포츠과학부(운동재활)25-------25----사범대학인문(사범)교육학과
성신여자대학교,서울,수시모집학생부종합(특성화고등을졸업한재직자전형(정원외))선발인원모집단위인원경영학과경영학전공70명세무회계전공
성신여자대학교,서울,문화예술경영학과(1)사회10명정치외교학과
성신여자대학교,서울,심리학과
성신여자대학교,서울,경영학과
성신여자대학교,서울,사회복지학과
성신여자대학교,서울,소비자산업학과(1)사범5명교육학과
성신여자대학교,서울,문화예술경영학과
성신여자대학교,서울,의류산업학과
성신여자대학교,서울,소비자산업학과(2)자연8명청정신소재공학과
성신여자대학교,서울,경제학과3명미디어커뮤니케이션학과3명경영학과5명바이오식품공학과2명컴퓨터공학과2명서비스디자인공학과4명의류산업학과
성신여자대학교,서울,소비자산업학과(2)자연3명청정신소재공학과
성신여자대학교,서울,소비자산업학과자연계논술수리통계데이터사이언스학부
성신여자대학교,서울,)합계뷰티산업학과
성신여자대학교,서울,(100점)무용예술학과
성신여자대학교,서울,(500점)스포츠과학부
성신여자대학교,서울,(125점)스포츠과학부
성신여자대학교,서울,소비자산업학과
성신여자대학교,서울,스포츠과학부
성신여자대학교,서울,실적일반학생뷰티산업학과
성신여자대학교,서울,3무용예술학과
성신여자대학교,서울,인문융합예술대학모집단위실기과목미디어영상연기학과
성신여자대학교,서울,세부유의사항등은모집요강공지시안내무용예술학과전공
성신여자대학교,서울,생활산업대학모집단위실기과목화지시간뷰티산업학과
성신여자대학교,서울,5cm4시간(240분)모집단위실기과목스포츠과학부스포츠레저전공
성신여자대학교,서울,윗몸앞으로굽히기(좌전굴)운동재활전공
성신여자대학교,서울,문화학과3사학과1문화예술경영학과1사회과학대학정치외교학과2심리학과2지리학과2경제학과3미디어커뮤니케이션학과3경영학과6사회복지학과2법과대학법학부6생활산업대학의류산업학과3소비자산업학과
성신여자대학교,서울,에너지융합학부4바이오헬스융합학부4공과대학청정신소재공학과4바이오식품공학과2바이오신약의과학부6IT융합대학AI융합학과6융합AI반도체공학과4컴퓨터공학과4융합보안공학과5서비스디자인공학과4간호대학간호학과8생활산업대학미술계뷰티산업학과
성신여자대학교,서울,문화학과사학과문화예술경영학과
성신여자대학교,서울,사회계정치외교학과심리학과지리학과경제학과미디어커뮤니케이션학과경영학과사회복지학과법과대학법학부생활산업대학의류산업학과소비자산업학과
성신여자대학교,서울,에너지융합학부바이오헬스융합학부공과대학청정신소재공학과바이오식품공학과바이오신약의과학부IT융합대학AI융합학과융합AI반도체공학과컴퓨터공학과융합보안공학과서비스디자인공학과간호대학간호학과생활산업대학예체능계뷰티산업학과
세명대학교,충북,세명대학교학부(과)안내인문예술대학미디어콘텐츠창작학과외국어학부
세명대학교,충북,산업디자인학과실내디자인학과
세명대학교,충북,영상디자인학과패션디자인학과공연예술학과영화웹툰애니메이션학과사회과학대학경찰학과법학과부동산지적학과소방방재학과경영학과회계세무금융학과호텔경영학과항공서비스학과광고홍보학과사회복지학과상담심리학과라이프경영학과(성인학습자전담학과)라이프복지상담학과(성인학습자전담학과)AI융합대학AI컴퓨터학부
세명대학교,충북,전기전자공학과건축학과재난안전학과보건안전공학과보건바이오대학간호학과작업치료학과임상병리학과바이오제약산업학부
세명대학교,충북,동물보건학과반려동물산업학과생활체육학과바이오헬스케어융합학과(성인학습자전담학과)한의과대학한의예과교양대학1학년1학기이상이수자는원하는학부
세명대학교,충북,산업디자인학과
세명대학교,충북,영상디자인학과패션디자인학과공연예술학과(연기전공
세명대학교,충북,매체연기)공연예술학과(연기전공-뮤지컬)영화웹툰애니메이션학과
세명대학교,충북,생활체육학과
세명대학교,충북,실적위주)-생활체육학과
세명대학교,충북,영상디자인학과-공연예술학과
세명대학교,충북,인문예술미디어콘텐츠창작학과45255510수시이월외국어학부
세명대학교,충북,산업디자인학과3019102+수시이월실내디자인학과
세명대학교,충북,영상디자인학과35133145+수시이월패션디자인학과271791+수시이월공연예술학과30543+수시이월공연예술학과(연기전공
세명대학교,충북,매체연기)10공연예술학과(연기전공-뮤지컬)8영화웹툰애니메이션학과45122301+수시이월사회과학경찰학과6026203551+수시이월법학과251753수시이월부동산지적학과2525수시이월소방방재학과401914232+수시이월경영학과402210332+수시이월회계세무금융학과3030수시이월호텔경영학과35211031+수시이월항공서비스학과4040수시이월광고홍보학과3030수시이월사회복지학과403451+수시이월상담심리학과3030수시이월AI융합AI컴퓨터학부6032103510+수시이월스마트IT학부4027310+수시이월전기전자공학과4025555+수시이월건축학과3535수시이월재난안전학과25205수시이월보건안전공학과272052수시이월보건바이오간호학과
세명대학교,충북,10013183342101010+수시이월작업치료학과80401281055수시이월임상병리학과7029105510101+수시이월바이오제약산업학부35305수시이월바이오코스메틱학과25205수시이월뷰티케어학과2525수시이월바이오식품영양학부
세명대학교,충북,251753수시이월동물보건학과4330931+수시이월반려동물산업학과30213321+수시이월생활체육학과502030+수시이월한의한의예과405162611+수시이월교양자율전공학부
세명대학교,충북,한부모특수교육대상자인문예술미디어콘텐츠창작학과454이내4이내9이내수시모집미충원(이월)인원수시모집미충원(이월)인원수시모집미충원(이월)인원수시모집미충원(이월)인원수시모집미충원(이월)인원수시모집미충원(이월)인원외국어학부
세명대학교,충북,산업디자인학과303이내3이내6이내실내디자인학과
세명대학교,충북,영상디자인학과353이내3이내7이내패션디자인학과272이내2이내5이내공연예술학과303이내3이내6이내영화웹툰애니메이션학과454이내4이내9이내사회과학경찰학과606이내12이내법학과252이내2이내5이내1이내부동산지적학과252이내2이내5이내1이내소방방재학과404이내4이내8이내경영학과404이내4이내8이내1이내회계세무금융학과303이내3이내6이내호텔경영학과353이내3이내7이내항공서비스학과40광고홍보학과303이내3이내6이내사회복지학과404이내8이내1이내상담심리학과303이내3이내6이내1이내AI융합AI컴퓨터학부606이내6이내12이내스마트IT학부404이내4이내8이내전기전자공학과404이내4이내8이내건축학과353이내3이내7이내재난안전학과252이내2이내5이내보건안전공학과272이내2이내5이내보건바이오간호학과
세명대학교,충북,1005이내5이내작업치료학과808이내8이내16이내1이내임상병리학과707이내7이내14이내바이오제약산업학부353이내3이내7이내바이오코스메틱학과252이내2이내5이내뷰티케어학과252이내2이내5이내바이오식품영양학부
세명대학교,충북,252이내2이내5이내동물보건학과434이내4이내8이내반려동물산업학과303이내3이내6이내생활체육학과505이내10이내한의한의예과402이내2이내교양자율전공학부
세명대학교,충북,매체연기)공연예술학과(연기전공-뮤지컬)영화웹툰애니메이션학과생활체육학과
세명대학교,충북,상황표현생활체육학과
세명대학교,충북,공연예술학과
세명대학교,충북,자세한전형일정은별도공지예정모집단위및모집인원모집단위모집인원라이프경영학과-라이프복지상담학과-바이오헬스케어융합학과
세종대학교,서울,X38무용과36영화예술학과
세종대학교,서울,23영화예술학과
세종대학교,서울,22예체능특기자전형체육학과
세종대학교,서울,이월체육학과
세종대학교,서울,이월영화예술학과
세종대학교,서울,전공(입학정원)단과대학학부(과)전공입학정원대양휴머니티칼리지자유전공학부233인문사회계열100인문과학대학국어국문학과15국제학부영어데이터융합전공49국제일본학전공중국통상학전공역사학과12교육학과15사회과학대학행정학과15미디어커뮤니케이션학과16법학과15경상호텔관광계열119경영경제대학경영학부51경제학과17호텔관광대학호텔관광외식경영학부호텔관광경영학전공56외식경영학전공호텔외식관광프랜차이즈경영학과성인학습자전담학과별도정원(71)조리서비스경영학과성인학습자전담학과별도정원(69)자연생명계열113자연과학대학수학통계학과20물리천문학과28화학과18생명과학대학생명시스템학부식품생명공학전공59바이오융합공학전공바이오산업자원공학전공스마트생명산업융합학과첨단학과20IT계열104인공지능융합대학AI융합전자공학과38반도체시스템공학과26컴퓨터공학과49정보보호학과13양자지능정보학과첨단학과46창의소프트학부디자인이노베이션전공50만화애니메이션텍전공50사이버국방학과육군계약학과별도정원(20)국방AI로봇융합공학과해병대계약학과별도정원(30)첨단융합계열첨단학과185인공지능융합대학인공지능데이터사이언스학과첨단학과90AI로봇학과첨단학과124지능정보융합학과첨단학과86콘텐츠소프트웨어학과첨단학과56공과계열170공과대학건축공학과26건축학과(5년)20건설환경공학과29환경융합공학과25에너지자원공학과23기계공학과30우주항공시스템공학부우주항공공학전공22지능형드론융합전공첨단학과73항공시스템공학전공공군계약학과별도정원(25)나노신소재공학과35양자원자력공학과13국방AI융합시스템공학과해군계약학과별도정원(40)예체능대학회화과34패션디자인학과36음악과38체육학과36무용과36영화예술학과
세종대학교,서울,스마트생명산업융합학과
세종대학교,서울,호텔외식관광프랜차이즈경영학과
세종대학교,서울,조리서비스경영학과는성인학습자전담학과
세종대학교,서울,실적재외국민과외국인(정원외)지역균형(정원내)항공시스템공학(정원외)세종인재(면접형)(정원내)세종인재(서류형)(정원내)기회균형(정원내)사회기여및배려자(정원내)서해5도학생(정원외)특성화고교졸재직자(정원외)사이버국방(정원외)국방AI융합시스템공학(정원외)국방AI로봇융합공학(정원외)논술우수자(정원내)실기우수자(정원내)예체능특기자(정원내)-대양휴머니티칼리지자유전공학부1227150인문-인문사회계열3296인문과학국어국문학과555국제학부121711역사학과66교육학과555사회과학행정학과55미디어커뮤니케이션학과65법학과55-경상호텔관광계열34156경영경제경영학부91519경제학과65호텔관광호텔관광외식경영학부11169호텔외식관광프랜차이즈경영학과66조리서비스경영학과64자연-자연생명계열38108자연과학수학통계학과569물리천문학과6107화학과576생명과학생명시스템학부111711스마트생명산업융합학과첨단555-IT계열30136인공지능융합AI융합전자공학과7108반도체시스템공학과666컴퓨터공학과1017112정보보호학과6양자지능정보학과첨단85755예체능창의소프트학부디자인이노베이션전공40만화애니메이션텍전공40자연사이버국방학과육군계약16국방AI로봇융합공학과해병대계약24-첨단융합계열첨단502214인공지능융합인공지능데이터사이언스학과첨단201719AI로봇학과첨단2823126지능정보융합학과첨단191719콘텐츠소프트웨어학과첨단121012-공과계열502010공과건축공학과8108건축학과(5년)677건설환경공학과879환경융합공학과686에너지자원공학과788기계공학과657우주항공시스템공학부우주항공공학전공575지능형드론융합전공첨단13711511항공시스템공학전공공군계약23나노신소재공학과797양자원자력공학과6국방AI융합시스템공학과해군계약32예체능예체능음악과38-체육학과12무용과36영화예술학과
세종대학교,서울,학생부종합(특성화고교졸재직자)특별전형은전형기간자율화전형임64전형별모집인원(정시모집)계열단과대학모집단위가군나군다군전형기간자율화일반학생(수능형)(정원내)일반학생(융합형)(정원내)항공시스템공학(정원외)사이버국방(정원외)국방AI융합시스템공학(정원외)국방AI로봇융합공학(정원외)농어촌학생(정원외)특성화고교졸업자(정원외)예체능특기자일반학생(수능형)(정원내)일반학생(융합형)(정원내)농어촌학생(정원외)특성화고교졸업자(정원외)실기우수자일반학생(수능형)(정원내)일반학생(융합형)(정원내)농어촌학생(정원외)특성화고교졸업자(정원외)특성화고교졸재직자(정원외)-대양휴머니티칼리지자유전공학부40인문-인문사회계열53105인문과학국어국문학과이월국제학부94역사학과이월사회과학교육학과이월행정학과5미디어커뮤니케이션학과5법학과5-경상호텔관광계열64117경영경제경영학부18경제학과6호텔관광호텔관광외식경영학부205호텔외식관광프랜차이즈경영학과5조리서비스경영학과5자연-자연생명계열57115자연과학수학통계학과이월물리천문학과5화학과이월생명과학생명시스템학부20스마트생명산업융합학과첨단5-IT계열55106인공지능융합AI융합전자공학과13반도체시스템공학과8컴퓨터공학과104정보보호학과7양자지능정보학과첨단164예체능창의소프트학부디자인이노베이션전공10만화애니메이션텍전공10자연사이버국방학과육군계약4국방AI로봇융합공학과해병대계약6-첨단융합계열첨단99187인공지능융합인공지능데이터사이언스학과첨단34AI로봇학과첨단47지능정보융합학과첨단31콘텐츠소프트웨어학과첨단22-공과계열90178공과건축공학과이월건축학과(5년)이월건설환경공학과5환경융합공학과5에너지자원공학과이월기계공학과12우주항공시스템공학부우주항공공학전공5지능형드론융합전공첨단267항공시스템공학전공공군계약2나노신소재공학과12양자원자력공학과7국방AI융합시스템공학과해군계약8예체능예체능회화과34패션디자인학과36음악과이월체육학과24무용과이월영화예술학과
세종대학교,서울,수능최저학력기준없음영화예술학과
세종대학교,서울,영화예술학과
세종대학교,서울,전형요소및반영비율모집단위사정방법전형요소비고입상실적학교생활기록부(교과)실기고사체육학과
세종대학교,서울,900점영화예술학과
세종대학교,서울,600점영화예술학과
세종대학교,서울,실적(예체능특기자전형)체육학과
세종대학교,서울,발레)에해당하는작품실시영화예술학과
세종대학교,서울,그림등이제시될수있음)에따라스토리구성하기2단계발표-스토리구성관련내용및전공관련사항에대한질의응답영화예술학과
세종대학교,서울,실적(예체능특기자전형)모집단위유형및과제출제형식체육학과전공
세종대학교,서울,체육학과
세종대학교,서울,2028학년도대학수학능력시험본교지원모집단위별반영영역에응시한자19전형유형전형명모집단위지원자격수능일반학생전형(융합형)체육학과
세종대학교,서울,실적예체능특기자전형영화예술학과
세종대학교,서울,000점영화예술학과
세종대학교,서울,000점체육학과
세종대학교,서울,000점자율화학생부종합특성화고교졸재직자특별전형호텔외식관광프랜차이즈경영학과
세종대학교,서울,조리서비스경영학과
세종대학교,서울,--500점체육학과
세종대학교,서울,--400점예체능특기자전형영화예술학과
세종대학교,서울,500점체육학과
세종대학교,서울,인물)는당일발표-원서접수시선택한실기유형은변경불가패션디자인학과인체색채소묘-당일제시된모델의인체색채소묘표현체육학과
세종대학교,서울,21모집단위단과대학학부(과)전공대양휴머니티칼리지자유전공학부대양글로벌칼리지글로벌공연예술학부인문사회계열인문과학대학국어국문학과국제학부영어데이터융합전공국제일본학전공중국통상학전공역사학과교육학과글로벌인재학부한국언어문화전공국제통상전공국제협력전공사회과학대학행정학과미디어커뮤니케이션학과법학과경상호텔관광계열경영경제대학경영학부경제학과호텔관광대학호텔관광외식경영학부호텔관광경영학전공외식경영학전공자연생명계열자연과학대학수학통계학과물리천문학과화학과생명과학대학생명시스템학부식품생명공학전공바이오융합공학전공바이오산업자원공학전공스마트생명산업융합학과IT계열인공지능융합대학AI융합전자공학과반도체시스템공학과컴퓨터공학과정보보호학과양자지능정보학과창의소프트학부디자인이노베이션전공만화애니메이션텍전공첨단융합계열인공지능융합대학인공지능데이터사이언스학과AI로봇학과지능정보융합학과콘텐츠소프트웨어학과공과계열공과대학건축공학과건축학과(5년)건설환경공학과환경융합공학과에너지자원공학과기계공학과우주항공시스템공학부우주항공공학전공지능형드론융합전공나노신소재공학과양자원자력공학과예체능계열예체능대학회화과패션디자인학과음악과체육학과무용과영화예술학과
세종대학교,서울,경영학부
세한대학교,전남,사회문화복지학부
세한대학교,전남,-AI콘텐츠디자인학과게임콘텐츠학과인공지능빅데이터학과컴퓨터공학과데이터경영복지학과6차산업디자인학과사회문화복지학부
세한대학교,전남,물류경영학과
세한대학교,전남,-해양스포츠관광학과사회복지학과청소년상담학과평생학습학과부동산학과글로벌한국어교육학과산림치유학과공공안전학부
세한대학교,전남,10스포츠의학과태권도공공안전학과
세한대학교,전남,-글로벌복지한국어학과
세한대학교,전남,-글로벌스포츠복지학부
세한대학교,전남,체육학과
세한대학교,전남,스포츠재활학과글로벌태권도학과스마트농업경영학과사회복지상담학과평생교육학과복지경영학과데이터사회복지학과
세한대학교,전남,데이터경영복지학과
세한대학교,전남,6차산업디자인학과사회문화복지학부
세한대학교,전남,사회복지학과
세한대학교,전남,청소년상담학과평생학습학과부동산학과글로벌한국어교육학과산림치유학과영암글로벌스포츠복지학부
세한대학교,전남,스마트농업경영학과
세한대학교,전남,사회복지상담학과평생교육학과복지경영학과데이터사회복지학과
세한대학교,전남,)전형총점학생부수능면접실기기타수시정원내학생부교과일반학생항공정비학과AI융합콘텐츠학부사회문화복지학부공공안전학부글로벌복지한국어학과간호학과물리치료학과글로벌스포츠복지학부
세한대학교,전남,000학생부교과성인학습자AI융합콘텐츠학부사회문화복지학부공공안전학부글로벌스포츠복지학부
세한대학교,전남,kr-7-정시가정원내수능위주일반학생AI융합콘텐츠학부사회문화복지학부공공안전학부기술교육과특수교육과유아교육과글로벌복지한국어학과
세한대학교,전남,000정시나수능위주일반학생항공서비스학과항공정비학과간호학과물리치료학과글로벌스포츠복지학부
송원대학교,광주,관제시스템학과353421철도차량시스템학과25250철도운전경영학과25223사회과학대학인문사회경찰행정학과
송원대학교,광주,간호학과1251252500치위생학과303020보건안전관리학과252520인문사회사회복지학과303020공과대학공학건축공학과(야간)25250토목환경공학과
송원대학교,광주,체능공연예술학과25250미용예술학과30255스포츠지도학과(주간)2041240스포츠지도학과(야간)2010100스포츠데이터분석학과
송원대학교,광주,공연예술학과
송원대학교,광주,한부모면접우수자스포츠데이터분석학과
송원대학교,광주,면접실기실적위주실기우수자공연예술학과
송원대학교,광주,스포츠지도학과
송원대학교,광주,실기실적우수자스포츠지도학과
송원대학교,광주,스포츠데이터분석학과
송원대학교,광주,외국고교출신자포함)특기자(스포츠지도학과
송원대학교,광주,야구10명특기자(스포츠데이터분석학과
송원대학교,광주,국내고등학교졸업(예정)자또는법령에의하여고등학교졸업자와동등이상의학력이있다고인정된자중스포츠데이터분석학과
송원대학교,광주,면접고사구분모집전형및모집단위면접기준출제형식수시-스포츠지도학과
송원대학교,광주,야)-스포츠데이터분석학과
송원대학교,광주,실기고사구분모집단위유형및과제출제형식수시공연예술학과
송원대학교,광주,작품표현과전달력및즉흥력평가스포츠지도학과
송원대학교,광주,관제시스템학과철도차량시스템학과철도운전경영학과사회과학대학인문사회경찰행정학과
송원대학교,광주,유아교육과한국어교육과사회서비스융합학과보건복지대학자연과학치위생학과보건안전관리학과인문사회사회복지학과
송원대학교,광주,체능공연예술학과미용예술학과스포츠지도학과(주간)스포츠데이터분석학과
수원대학교,경기,국악기중타악기면모두가능실기과제조형예술학부
수원대학교,경기,발상과표현조형예술학부
수원대학교,경기,실기과제스포츠과학부
수원대학교,경기,미니게임(5대5)스포츠과학부
수원대학교,경기,정시모집전형유형별모집단위및모집인원계열대학모집단위입학정원수시모집정원내수시모집정원외정시모집정원내논술학생부교과실기학생부교과면접위주수능실기교과논술전형면접위주교과전형고교추천전형교과우수전형기회균형특별전형고운사회전형실기우수자전형농어촌학생전형특성화고졸업자전형특성화고재직자전형재외국민전형북한이탈주민전형재외국민전형(12년)수능일반전형1수능일반전형2실기우수자전형자유전공학부1602015301551012약간명75인문인문사회융합대학한국언어문화영미언어문화일본언어문화중국언어문화러시아언어문화법학행정학미디어커뮤니케이션디지털헤리티지222702015301551544027인문경영공학대학경영글로벌비즈니스회계경제금융호텔관광외식경영2106320103011515114044526자연혁신공과대학바이오공학과4088322222105건설환경에너지공학부건설환경공학환경에너지공학94301081032331912건축학과4214524212295도시부동산학과308423212173기계공학부601510552233147반도체공학과5015835223105전기전자공학부
수원대학교,경기,10425101020313XX35아동가족복지학과
수원대학교,경기,35583521274예체능스포츠과학부
수원대학교,경기,조형예술학부
수원대학교,경기,모집단위실기과제배점라이프케어사이언스대학스포츠과학부
수원대학교,경기,배근력(2회)600디자인앤아트대학조형예술학부
수원대학교,경기,4시간)문화예술융합대학아트앤엔터테인먼트학부영화예술전공
수원대학교,경기,실기고사모집단위실기과제배점나군라이프케어사이언스대학스포츠과학부축구전공
수원대학교,경기,4시간)문화예술융합대학아트앤엔터테인먼트학부
숙명여자대학교,서울,영상디자인과산업디자인과환경디자인과공예과일괄합산---30-70--X회화과1단계---100---20배수X2단계-----100--학생부종합(농어촌학생전형)(정원외)63인문계자연계일괄합산100-------X학생부종합(특성화고교출신자전형)(정원외)25인문계자연계일괄합산100-------X학생부종합(특성화고졸재직자전형)(정원외)118문헌정보학과소비자경제학과경영학부앙트러프러너십전공
숙명여자대학교,서울,자연계일괄합산100---학생부종합(특성화고졸재직자전형)(정원외)문헌정보학과소비자경제학과경영학부앙트러프러너십전공일괄합산-100--나군수능(일반학생전형)293약학부자유전공학부
숙명여자대학교,서울,르꼬르동블루외식경영전공
숙명여자대학교,서울,가족자원경영학과
숙명여자대학교,서울,아동복지학부
숙명여자대학교,서울,사회심리학과
숙명여자대학교,서울,경영학부10624-33010-323839---글로벌서비스학부
숙명여자대학교,서울,생활과학대학(가족자원경영학과
숙명여자대학교,서울,경영학부
숙명여자대학교,서울,문화학과202일본학과282문헌정보학과212문화관광외식학부문화관광학전공282르꼬르동블루외식경영전공282교육학부481--생활과학가족자원경영학과202아동복지학부404사회과학정치외교학과262행정학과242홍보광고학과363소비자경제학과202사회심리학과202법과법학부818경상경제학부555경영학부10610글로벌서비스학부글로벌협력전공171앙트러프러너십전공151영어영문학부영어영문학전공606테슬(TESL)전공171미디어학부
순천대학교_국립,전남,모집단위전체모집인원92모집단위개설전공선발인원명()예체능분야문예창작학전공()16사회체육학전공()11음악예술융합학전공()9사진미디어학전공()11영상디자인학전공()14만화애니메이션학전공()18패션디자인학전공()13개설전공과제명과제세부내용배점문예창작학전공
순천대학교_국립,전남,750사회체육학전공
순천대학교_국립,전남,2m서전트점프(2)좌전굴(3)윗몸일으키기(4)750-29-음악예술융합학전공피아노연주실기자유곡곡암기연주2()750사진미디어학전공
순천향대학교,충남,보건행정경영학전공
순천향대학교,충남,교육원모집단위모집인원자연과학대학화학과00식품영양학과00환경보건학과00생명과학과00스포츠과학과00스포츠응용산업학과
순천향대학교,충남,행정학부법학전공00행정학전공00경찰행정학과00한국문화콘텐츠학과00영미학과00중국학과00미디어커뮤니케이션학과00디지털애니메이션학과00공연영상학과00글로벌경영대학경영학과00국제통상학과00관광경영학과00경제금융학과00IT금융경영학과00글로벌문화산업학과00회계학과00국제대학글로벌자유전공학과00글로벌산업공학과00글로벌보건학과00글로벌스포츠경영학과
순천향대학교,충남,교육원모집단위모집인원공과대학전자공학부정보통신공학전공00전자공학전공00전기공학과00전자정보공학과00나노화학공학과00디스플레이신소재공학과00기계공학과00건축학과(5)00스마트자동차학과00에너지공학부에너지공학전공00탄소중립학전공AI대학컴퓨터공학부소프트웨어공학전공00컴퓨터공학전공00정보보호학과00AI게임공학과00AI의료융합혁신교육원디지털의료스쿨의료IT공학전공00AI빅데이터전공AI사물인터넷전공정밀의료전공첨단의료기기스쿨의공학전공00헬스케어융합전공로봇공학전공의료전자전공의약바이오스쿨바이오의약전공00바이오인포매틱스전공AI의료생명공학전공헬스케어서비스스쿨보건행정경영학전공00스포츠의학전공00스마트헬스라이프전공
순천향대학교,충남,교육원모집단위모집인원공과대학전자공학부정보통신공학전공00전자공학전공00전기공학과00전자정보공학과00나노화학공학과00디스플레이신소재공학과00기계공학과00스마트자동차학과00에너지공학부에너지공학전공00탄소중립학전공AI대학컴퓨터공학부소프트웨어공학전공00컴퓨터공학전공00정보보호학과00AI게임공학과00AI의료융합혁신교육원디지털의료스쿨의료IT공학전공00AI빅데이터전공AI사물인터넷전공정밀의료전공첨단의료기기스쿨의공학전공00헬스케어융합전공로봇공학전공의료전자전공의약바이오스쿨바이오의약전공00바이오인포메틱스전공AI의료생명공학전공헬스케어서비스스쿨보건행정경영학전공00스포츠의학전공00스마트헬스라이프전공
순천향대학교,충남,제9호(퇴학처분)3점60점m학생부교과및수능반영비율구분2027학년도2028학년도스포츠과학과스포츠응용산업학과
순천향대학교,충남,실적(체육특기자전형)모집종목및인원구분2027학년도2028학년도스포츠응용산업학과
순천향대학교,충남,헬스케어서비스스쿨(보건행정경영학전공
순천향대학교,충남,실적(실기우수자)스포츠과학과
순천향대학교,충남,스포츠응용산업학과
순천향대학교,충남,실적(특기자)스포츠과학과
순천향대학교,충남,실적(실기우수자)(다군)스포츠과학과
순천향대학교,충남,실적교과우수지역인재지역의사선발-천안지역의사선발-공주지역의사선발-서산지역의사선발-논산지역의사선발-홍성지역의사선발-광역기회균형일반학생지역인재지역-기초사회통합실기우수특기자의과대학의예과152151433713163간호학과141412112자연과학대학화학과93210식품영양학과125215환경보건학과145216생명과학과157216스포츠과학과5165스포츠응용산업학과
순천향대학교,충남,행정학부법학전공8529행정학전공9529경찰행정학과963102사회복지학과1173122한국문화콘텐츠학과10428영미학과174216중국학과105214미디어커뮤니케이션학과1592142디지털애니메이션학과2010공연영상학과25글로벌경영대학경영학과1262112국제통상학과196218관광경영학과146215경제금융학과135212IT금융경영학과144212글로벌문화산업학과103210회계학과
순천향대학교,충남,실적교과우수지역인재지역의사선발-천안지역의사선발-공주지역의사선발-서산지역의사선발-논산지역의사선발-홍성지역의사선발-광역기회균형일반학생지역인재지역-기초사회통합실기우수특기자공과대학전자공학부정보통신공학전공114211전자공학전공124210전기공학과175216전자정보공학과146213나노화학공학과116211에너지환경공학과125211디스플레이신소재공학과154216기계공학과135213스마트자동차학과144214건축학과(5)96213에너지공학부에너지공학전공206319탄소중립학전공AI대학컴퓨터공학부소프트웨어공학전공136215컴퓨터공학전공1352142정보보호학과145216AI게임공학과115212AI의료융합혁신교육원디지털의료스쿨의료IT공학전공5032543AI빅데이터전공AI사물인터넷전공정밀의료전공첨단의료기기스쿨의공학전공5032543헬스케어융합전공로봇공학전공의료전자전공의약바이오스쿨임상병리학전공1062122바이오의약전공3528433바이오인포매틱스전공AI의료생명공학전공헬스케어서비스스쿨보건행정경영학전공115214작업치료학전공1162112스포츠의학전공2023319스마트헬스라이프전공향설교양대학자율전공학과
순천향대학교,충남,행정학부법학전공3이내3이내3이내1이내행정학전공3이내3이내3이내1이내경찰행정학과3이내3이내3이내1이내사회복지학과3이내3이내3이내1이내한국문화콘텐츠학과3이내3이내3이내1이내영미학과3이내3이내3이내1이내중국학과3이내3이내3이내1이내미디어커뮤니케이션학과3이내3이내3이내1이내글로벌경영대학경영학과3이내3이내3이내1이내국제통상학과3이내3이내3이내1이내관광경영학과3이내3이내3이내1이내경제금융학과3이내3이내3이내1이내IT금융경영학과3이내3이내3이내1이내글로벌문화산업학과3이내3이내3이내1이내회계학과3이내3이내3이내1이내공과대학전자공학부정보통신공학전공3이내3이내3이내1이내전자공학전공3이내3이내3이내1이내전기공학과3이내3이내3이내1이내전자정보공학과3이내3이내3이내1이내나노화학공학과3이내3이내3이내1이내에너지환경공학과3이내3이내3이내1이내디스플레이신소재공학과3이내3이내3이내1이내기계공학과3이내3이내3이내1이내스마트자동차학과3이내3이내3이내1이내건축학과(5)3이내3이내3이내1이내에너지공학부에너지공학전공4이내4이내4이내1이내탄소중립학전공AI대학컴퓨터공학부소프트웨어공학전공3이내3이내3이내1이내컴퓨터공학전공3이내3이내3이내1이내정보보호학과3이내3이내3이내1이내AI게임공학과3이내3이내3이내1이내AI의료융합혁신교육원디지털의료스쿨의료IT공학전공7이내7이내1이내AI빅데이터전공AI사물인터넷전공정밀의료전공첨단의료기기스쿨의공학전공7이내7이내1이내헬스케어융합전공로봇공학전공의료전자전공의약바이오스쿨임상병리학전공3이내3이내1이내바이오의약전공6이내6이내1이내바이오인포매틱스전공AI의료생명공학전공헬스케어서비스스쿨보건행정경영학전공3이내3이내1이내작업치료학전공3이내3이내1이내스포츠의학전공5이내5이내1이내스마트헬스라이프전공창의라이프대학첨단융합공학부
순천향대학교,충남,스포츠과학과다10스포츠응용산업학과
순천향대학교,충남,사회복지학과
순천향대학교,충남,공연영상학과다5글로벌경영대학경영학과
순천향대학교,충남,관광경영학과
순천향대학교,충남,IT금융경영학과
순천향대학교,충남,글로벌문화산업학과
순천향대학교,충남,AI게임공학과
순천향대학교,충남,바이오인포매틱스전공AI의료생명공학전공헬스케어서비스스쿨보건행정경영학전공
순천향대학교,충남,스포츠의학전공
순천향대학교,충남,행정학부법학전공1이내1이내행정학전공1이내1이내경찰행정학과1이내1이내사회복지학과1이내1이내한국문화콘텐츠학과1이내1이내영미학과1이내1이내중국학과1이내1이내미디어커뮤니케이션학과1이내1이내글로벌경영대학경영학과151이내1이내국제통상학과1이내1이내관광경영학과1이내1이내경제금융학과1이내1이내IT금융경영학과1이내1이내글로벌문화산업학과1이내1이내회계학과1이내1이내공과대학전자공학부정보통신공학전공1이내1이내전자공학전공1이내1이내전기공학과1이내1이내전자정보공학과1이내1이내나노화학공학과1이내1이내에너지환경공학과1이내1이내디스플레이신소재공학과1이내1이내기계공학과1이내1이내스마트자동차학과1이내1이내건축학과(5)1이내1이내에너지공학부에너지공학전공1이내1이내탄소중립학전공AI대학컴퓨터공학부소프트웨어공학전공1이내1이내컴퓨터공학전공1이내1이내정보보호학과1이내1이내AI게임공학과1이내1이내AI의료융합혁신교육원디지털의료스쿨의료IT공학전공1이내AI빅데이터전공AI사물인터넷전공정밀의료전공첨단의료기기스쿨의공학전공1이내헬스케어융합전공로봇공학전공의료전자전공의약바이오스쿨임상병리학전공1이내바이오의약전공1이내바이오인포매틱스전공AI의료생명공학전공헬스케어서비스스쿨보건행정경영학전공1이내작업치료학전공1이내스포츠의학전공1이내스마트헬스라이프전공
순천향대학교,충남,임상병리학전공제외)헬스케어서비스스쿨보건행정경영학전공
순천향대학교,충남,실적(실기우수자전형)구분내용모집인원스포츠과학과스포츠응용산업학과디지털애니메이션학과공연영상학과
순천향대학교,충남,특정실기유형에서미충원발생시타실기유형에서합격자선발지원자격국내고등학교졸업자(2028년2월졸업예정자포함)및관련법령에의한동등이상의학력이있는자전형방법스포츠과학과스포츠응용산업학과디지털애니메이션학과공연영상학과
순천향대학교,충남,학교생활기록부에학교폭력가해학생조치사항이있는경우감점실기고사세부내용스포츠과학과스포츠응용산업학과디지털애니메이션학과공연영상학과
순천향대학교,충남,실적(특기자전형)구분내용모집인원스포츠과학과스포츠응용산업학과
순천향대학교,충남,테니스(여)1명지원자격스포츠과학과
순천향대학교,충남,3위전형방법스포츠과학과
순천향대학교,충남,실적(실기우수자전형)(다군)구분내용모집인원스포츠과학과스포츠응용산업학과공연영상학과(연기)10명10명5명지원자격국내고등학교졸업자(2028년2월졸업예정자포함)및관련법령에의한동등이상의학력이있는자전형방법스포츠과학과스포츠응용산업학과공연영상학과
순천향대학교,충남,학교생활기록부에학교폭력가해학생조치사항이있는경우감점실기고사세부내용스포츠과학과스포츠응용산업학과공연영상학과
숭실대학교,서울,예술창작학부(문예창작전공)수시선발전형추가구분2027학년도2028학년도예술창작학부(문예창작전공
숭실대학교,서울,실적위주다군예술창작학부(문예창작전공
숭실대학교,서울,스포츠학부
숭실대학교,서울,수시모집(특성화고등을졸업한재직자전형포함)계열모집단위모집인원학생부종합교과우수자(학교장추천)논술우수자예체능우수인재재직자(외)수시소계(내외)SSU미래인재기회균형AI우수자특수교육(외)축구체육연출연기면접형서류형내외인문기독교학과241126국어국문학과7315420영어영문학과215214850독어독문학과11314221불어불문학과12214322중어중문학과9213318일어일문학과11218224철학과16315328사학과8314319예술창작학부(문예창작전공)55예술창작학부(영화예술전공)221638스포츠학부10313법학과1243111435국제법무학과72216220사회복지학부83319428행정학부64529632정치외교학과62213620정보사회학과42114416언론홍보학과4314416평생교육학과103112320경상경제학과1562515346글로벌통상학과1863814958금융경제학과5353국제무역학과5353경영학부191543271280회계학과933110228벤처중소기업학과832211733금융학부14528231자연수학과9228526물리학과19233532화학과
숭실대학교,서울,실적특성화(외)농어촌(외)기초생활(외)내외인문기독교학과022국어국문학과88영어영문학과19221독어독문학과729불어불문학과527중어중문학과88일어일문학과8210철학과022사학과9211예술창작학부(문예창작전공)2020예술창작학부(영화예술전공)00스포츠학부3636법학과21425국제법무학과14216사회복지학부14216행정학부31334정치외교학과13215정보사회학과1010언론홍보학과1010평생교육학과628경상경제학과3142239글로벌통상학과2223229금융경제학과0국제무역학과0경영학부413549회계학과203225벤처중소기업학과253230금융학부2020자연수학과7310물리학과12315화학과
숭실대학교,서울,인문대학(예술창작학부(문예창작전공)제외)및정보보호학과
숭실대학교,서울,모집인원구분모집인원예술창작학부문예창작전공20명스포츠학부
숭실대학교,서울,평가방법1)실기고사구분실기고사내용예술창작학부문예창작전공
숭실대학교,서울,중수필중자유선택)스포츠학부
숭실대학교,서울,예술창작학부영화예술전공
숭실대학교,서울,2)예술창작학부영화예술전공
숭실대학교,서울,서류종합평가어학성적및지원자가제출한서류등을종합적으로평가예술창작학부영화예술전공서류평가지원자가제출한서류등을종합적으로평가면접평가온라인인성및전공
숭실대학교,서울,실적위주(스포츠학부
신경주대학교,경북,명)계열모집단위수시모집정시모집자율화모집정원내정원외정원내정원내정원외학생부교과학생부교과수능위주서류학생부교과일반전형면접전형지역인재농어촌학생기회균형일반전형면접전형외국인성인학습자인문사회관광사업경영학과
신경주대학교,경북,)202020이월2010사회복지학과33810장례문화산업학과38210글로벌융합학부
신경주대학교,경북,)100AI융합미디어창업학과251510글로벌외식조리학과20101010예체능스포츠리더양성학과36510악기제작학과212010K뷰티예술학과301010공학AI전기자동차학과311010산업안전보건학과311010자연과학치위생학과35610방사선학과18210말산업학과311010스마트팜농축산업학과19210반려동물학과16510간호학과
신경주대학교,경북,국외고출신자중에서도국내고등학교재학사실이있는경우동일하게반영함8외국인모집모집단위별모집인원모집시기구분전형명모집단위모집인원자율화모집신입학(정원내)외국인전형(3월)관광사업경영학과20명글로벌융합학부100명글로벌외식조리학과10명외국인전형(9월)관광사업경영학과이월글로벌융합학부이월글로벌외식조리학과
신라대학교,부산,실적)전형-체육학부
신라대학교,부산,일반학생)전형-체육학부
신라대학교,부산,실적(실기우수자)전형-체육학부
신라대학교,부산,실적특기자체육학부
신라대학교,부산,실적일반학생체육학부
신라대학교,부산,1보건복지대학인문사회사회복지학과
신라대학교,부산,1상담치료복지학과
신라대학교,부산,1예체능체육학부(체육학전공)교직(특수체육전공
신라대학교,부산,1경영학과
신라대학교,부산,(호텔경영전공)(관광경영전공)미디어커뮤니케이션학부(방송영상전공)(미디어커뮤니케이션전공)(광고홍보학전공
신라대학교,부산,1디자인대학예체능게임콘텐츠디자인학과
신라대학교,부산,1국제대학인문사회글로벌비즈니스학과68167예체능디자인융합학과인문사회K-컬처학과호텔관광학과독립학과인문사회미래융합학과5049701사회복지상담학과
신라대학교,부산,특기자전형(체육학부
신라대학교,부산,체육학부
신라대학교,부산,)국어수학영어탐구(1과목)수능위주일반학생(체육학부
신한대학교,경기,피아노(건반)공연예술학과
신한대학교,경기,질의응답공연예술학과
신한대학교,경기,산업디자인학과
신한대학교,경기,전공적합성-최저점0점실기우수자전형시행학과산업디자인학과
신한대학교,경기,공연예술학과
신한대학교,경기,1554102017719101990치위생학과105461035551045치기공학과25101550101060임상병리학과10548131353551063안경광학과135187725방사선학과10571013451051560식품영양학과955195524바이오식품외식산업학과85137720산업디자인학과1818121230패션디자인학과1818121230실내디자인학과9918661230공연예술학과2020101030K-POP학과16164420모델콘텐츠학과22228830K-뷰티학과1654255530경영대학(자율전공)빅데이터경영학과5020183641165101525190글로벌무역학과미디어영상학과국제개발협력학과글로벌관광경영학과사회과학대학(자율전공)토지행정학과502073040147101323170경찰행정학과행정학과사회복지학과상담심리학과유아교육과201041013577764태권도학부겨루기전공1415291130품새전공227291130시범문화전공2315382240미래스포츠융합학과205255530스포츠의학과
신한대학교,경기,9312치위생학과426치기공학과22임상병리학과64212방사선학과55212산업디자인학과22패션디자인학과22실내디자인학과22K-뷰티학과22경영대학(자율전공)빅데이터경영학과42410글로벌무역학과미디어영상학과국제개발협력학과글로벌관광경영학과사회과학대학(자율전공)토지행정학과5611경찰행정학과행정학과사회복지학과상담심리학과
신한대학교,경기,155410201771치위생학과105461035치기공학과25101550임상병리학과10548131353안경광학과13518방사선학과1057101345식품영양학과95519바이오식품외식산업학과8513산업디자인학과1818패션디자인학과1818실내디자인학과9918공연예술학과2020K-POP학과1616모델콘텐츠학과2222K-뷰티학과165425경영대학(자율전공)빅데이터경영학과5020183641165글로벌무역학과미디어영상학과국제개발협력학과글로벌관광경영학과사회과학대학(자율전공)토지행정학과502073040147경찰행정학과행정학과사회복지학과상담심리학과유아교육과20104101357태권도학부겨루기전공141529품새전공22729시범문화전공231538미래스포츠융합학과20525스포츠의학과
신한대학교,경기,91019치위생학과5510치기공학과1010임상병리학과5510안경광학과77방사선학과10515식품영양학과55바이오식품외식산업학과77산업디자인학과1212패션디자인학과1212실내디자인학과6612공연예술학과1010K-POP학과44모델콘텐츠학과88K-뷰티학과55경영대학(자율전공)빅데이터경영학과101525글로벌무역학과미디어영상학과국제개발협력학과글로벌관광경영학과사회과학대학(자율전공)토지행정학과101323경찰행정학과행정학과사회복지학과상담심리학과유아교육과77태권도학부겨루기전공11품새전공11시범문화전공22미래스포츠융합학과55스포츠의학과
신한대학교,경기,의정부기계공학과소프트웨어융합학과전자공학과에너지공학과첨단소재공학과치위생학과치기공학과임상병리학과안경광학과방사선학과식품영양학과바이오식품외식산업학과산업디자인학과패션디자인학과실내디자인학과K-POP학과모델콘텐츠학과K-뷰티학과경영대학(자율전공)빅데이터경영학과글로벌무역학과미디어영상학과국제개발협력학과글로벌관광경영학과사회과학대학(자율전공)토지행정학과경찰행정학과행정학과사회복지학과상담심리학과태권도학부겨루기전공품새전공시범문화전공간호학과
신한대학교,경기,스포츠학부
신한대학교,경기,글로벌경영학과
신한대학교,경기,실기고사반영방법학과명기초디자인발상과표현사고의전환산업디자인학과주어진개체를이용하여화면을구성하는능력미실시미실시패션디자인학과주어진개체를이용하여화면을구성하는능력주어진개체를제시된주제에맞게표현하는능력정형화된개체를활용한사고전환및묘사능력실내디자인학과주어진개체를이용하여화면을구성하는능력주어진개체를제시된주제에맞게표현하는능력미실시학과명유형공연예술학과
신한대학교,경기,실기과제와관련한질의응답태권도학부겨루기전공
신한대학교,경기,미충원인원발생시정시모집공연예술학과
신한대학교,경기,실적우수자전형(태권도학부
신한대학교,경기,실기고사종목및유형학과명기초디자인발상과표현사고의전환산업디자인학과주어진개체를이용하여화면을구성하는능력미실시미실시패션디자인학과주어진개체를이용하여화면을구성하는능력주어진개체를제시된주제에맞게표현하는능력정형화된개체를활용한사고전환및묘사능력실내디자인학과주어진개체를이용하여화면을구성하는능력주어진개체를제시된주제에맞게표현하는능력미실시-22-학과명유형공연예술학과
신한대학교,경기,태권도학부
아신대학교,경기,사회복지선교학과
아신대학교,경기,기독교교육과미디어학과기독교상담학화사회복지선교학과
아신대학교,경기,지원자격모집시기세부전형모집인원모집단위지원자격수시일반학생90기독교교육과미디어학과(30)기독교상담학과(30)사회복지선교학과(30)고등학교졸업예정자또는법령에의하여이와동등이상의()학력이있다고인정된자로서본교설립이념을이해하고학교규정을동의한자기독학생특별전형33신학과(33)고등학교졸업예정자또는법령에의하여이와동등이상의()학력이있다고인정된자로서기독교세례교인인자성인학습자특별전형7신학과
아신대학교,경기,2신학과기독교교육과미디어학과기독교상담학과사회복지선교학과
아신대학교,경기,수시이월인원기독교교육과미디어학과기독교상담학과사회복지선교학과
아주대학교,경기,실적수능수능고교추천전형ACE전형(면접형)ACE전형(서류형)고른기회전형1고른기회전형2지역의사선발전형논술우수자전형체육우수자(축구)전형일반전형1일반전형2지역의사선발전형일반전형3일반전형4(교차)자연공과대학기계공학과153012650110000320산업공학과1020842060000180화학공학과51241105000070첨단신소재공학과12241022080000270응용화학과51251100000080환경안전공학과68420000000100건설시스템공학과7842100000070교통시스템공학과7843000000070건축학과8168320100000110융합시스템공학과0000000000000첨단ICT융합대학전자공학과2230121150350000310지능형반도체공학과10209420100000260미래모빌리티공학과203014750140000470소프트웨어융합대학소프트웨어학과102412420100000200사이버보안학과51252000000070디지털미디어학과12211052080000180국방디지털융합학과0000000000000자연과학대학수학과48410012000050프런티어과학학부133213650100000300첨단바이오융합대학143213540100000270다산학부대학자유전공학부(자연)1000000100088000인문경영대학경영학과122010520160000230경영인텔리전스학과915010000000110금융공학과513500000000100글로벌경영학과0000000000000인문대학국어국문학과4801105000050영어영문학과616532050000110불어불문학과41301100000030사학과31401100000030문화콘텐츠학과31201100000050사회과학대학행정학과78422000000100심리학과512421000000100스포츠레저학과00000001000000경제정치사회융합학부153015750120000200다산학부대학자유전공학부(인문)50000050048000자연의과대학의학과
아주대학교,경기,모집단위소계에는미포함2)재외국민과외국인특별전형(전교육과정이수자)는모집인원제한없이선발모집단위에서적정인원선발3)재외국민과외국인특별전형(북한이탈주민)은모집인원제한없이선발모집단위에서적정인원선발계열단과대학학과(부)수시(재외국민)자율화수시정시나군정시다군재외국민(3년)재외국민(모집인원외)특성화고등을졸업한재직자전형종합수능수능최대모집가능인원계열별모집인원전교육과정이수자북한이탈주민특수교육대상자전형국방IT우수인재1전형농어촌학생전형특성화고졸업자전형기회균형전형국방IT우수인재2전형농어촌학생전형특성화고졸업자전형기회균형전형자연공과대학기계공학과722선발선발0000000322산업공학과4선발선발0000000221화학공학과2선발선발0000000111첨단신소재공학과4선발선발0000000111응용화학과2선발선발0000000110환경안전공학과2선발선발0000000111건설시스템공학과2선발선발0000000111교통시스템공학과2선발선발0000000111건축학과4선발선발0000000121융합시스템공학과---55000000000첨단ICT융합대학전자공학과3선발선발0000000222지능형반도체공학과---0000000000미래모빌리티공학과2선발선발0000000000소프트웨어융합대학소프트웨어학과3선발선발0000000221사이버보안학과1선발선발0000000111디지털미디어학과4선발선발0000000222국방디지털융합학과---00230007000자연과학대학수학과2선발선발0000000100프런티어과학학부4선발선발0000000400첨단바이오융합대학2선발선발0000000312다산학부대학자유전공학부(자연)2선발선발0003130000인문경영대학경영학과312선발선발0200000221경영인텔리전스학과---0000000000금융공학과---0000000000글로벌경영학과---55000000000인문대학국어국문학과2선발선발0100000200영어영문학과3선발선발0100000200불어불문학과2선발선발0100000200사학과2선발선발0100000200문화콘텐츠학과2선발선발0000000201사회과학대학행정학과2선발선발0100000200심리학과2선발선발0100000200스포츠레저학과---0000000000경제정치사회융합학부5선발선발0200000502다산학부대학자유전공학부(인문)1선발선발0002020000자연의과대학의학과22선발선발0001000000간호대학간호학과22-선발0000000300약학대학약학과
아주대학교,경기,경영학과
안양대학교,경기,예체능계열(게임콘텐츠학과
안양대학교,경기,예체능계열(공연예술학과
안양대학교,경기,스포츠과학과
안양대학교,경기,스포츠응용산업학과
안양대학교,경기,스포츠계열자유전공
안양대학교,경기,실적학생부교과(정원외)나군다군교과일반전형교과면접전형아리종합전형고른기회전형실기우수자전형체육특기자전형경기실적우수자전형농어촌학생전형특성화고교졸업자전형기회균형전형특성화고교등을졸업한재자전형수능위주실기우수자수능위주실기우수자광역자유전공939340201617인문사회신학과26261763기독교교육과28281864사범계유아교육과353513681117국어국문학과2323955123영미언어문화학과23239551113러시아언어문화학과212194413중국언어문화학과23231045123인문계열자유전공26268765글로벌경영학과4040158824227글로벌경영학과(야간)3939258206관광경영학과(교직과정)3030126713224행정학과27271057124행정학과(야간)212113454사회계열자유전공282810765예체능공연예술학과2020146음악학과151515뷰티메디컬디자인학과24241095(강화캠퍼스)게임콘텐츠학과20201244스포츠과학과1515105스포츠응용산업학과303013152스포츠계열자유전공
안양대학교,경기,공연예술학과
안양대학교,경기,게임콘텐츠학과
안양대학교,경기,실적학생부교과(정원외)나군다군교과일반전형교과면접전형아리종합전형고른기회전형실기우수자전형체육특기자전형경기실적우수자전형농어촌학생전형특성화고교졸업자전형기회균형전형특성화고교등을졸업한재자전형수능위주실기우수자수능위주실기우수자자연과학식품영양학과(교직과정)302265612214통계데이터사이언스학과272785914통계데이터사이언스학과(야간)23231454공학디지털미디어디자인학과2525105612223화장품발명디자인학과2524965123컴퓨터공학과3030951023224정보전기전자공학과60602781622217정보전기전자공학과(야간)2323146203소프트웨어학과3030105922214도시정보공학과3535155101115도시정보공학과(야간)24241464환경에너지공학과303012591113AI융합학과161654413광역이공계열자유전공666525151114공학(강화캠퍼스)해양바이오공학과21211443스마트시티공학과
안양대학교,경기,실적실기우수자전형공연예술학과음악학과1090100스포츠과학과스포츠계열자유전공4060100체육특기자전형스포츠응용산업학과
안양대학교,경기,실적)스포츠과학과
안양대학교,경기,실적)공연예술학과1090100스포츠응용산업학과
안양대학교,경기,실적실기우수자전형체육특기자전형경기실적우수자전형예체능계열모집단위(공연예술학과
안양대학교,경기,실기평가방법모집단위실기평가방법공연예술학과실기평가(지정연기)-전공
안양대학교,경기,이태리어가곡이나아리아중2곡(반드시2개국원어)관현악-자유곡1곡-16-모집단위실기평가방법스포츠과학과스포츠응용산업학과스포츠계열자유전공
연세대학교,서울,1857--24-심리학과
연세대학교,서울,응용통계학과통합25775-42-경영대학경영학과
연세대학교,서울,전기전자공학부114302921-1322-건축공학과5512149-713-도시공학과25554-47-사회환경시스템공학부5713149-615-기계공학부81191815-920-신소재공학부69171711-915-산업공학과24564-36-시스템반도체공학과80202518-512--디스플레이융합공학과24596--4-생명시스템대학생명과학부
연세대학교,서울,행정학과4513127-76-사회복지학과1558--2--사회학과
연세대학교,서울,간중복지원은불가함6)글로벌인재학부는해외고졸업(예정)자에한하여지원가능함7)공과대학시스템반도체공학과는삼성전자(주)와의협약에의해설치되는채용조건형계약학과이며정원외로선발함8)공과대학디스플레이융합공학과는LG디스플레이(주)와의협약에의해설치되는채용조건형계약학과
연세대학교,서울,체육교육학과
연세대학교,서울,체능19------19-스포츠응용산업학과19------19언더우드국제대학언더우드학부
연세대학교,서울,모빌리티시스템전공의과대학의예과신과대학신학과치과대학치의예과사회과학대학사회복지학과
연세대학교,서울,1212-심리학과
연세대학교,서울,응용통계학과1212-경영대학경영학과
연세대학교,서울,-전기전자공학부3333-건축공학과1515-도시공학과1010-사회환경시스템공학부1818-기계공학부2323-신소재공학부1919-산업공학과99-시스템반도체공학과2020-----디스플레이융합공학과66-생명시스템대학생명과학부
연세대학교,서울,-행정학과2525-사회복지학과1212-사회학과
연세대학교,서울,--체육교육학과
연세대학교,서울,스포츠응용산업학과2424-11언더우드국제대학언더우드학부
연세대학교,서울,약학대학모집단위는3월신입학전형으로만선발함-체육교육학과
연세대학교,서울,심리학과
연세대학교,서울,응용통계학과5경영대학경영학과6이과대학수학과
연세대학교,서울,산업공학과14생명시스템대학시스템생물학과
연세대학교,서울,사회복지학과
연세대학교,서울,1-체육교육학과
연세대학교,서울,1약간명스포츠응용산업학과1언더우드국제대학언더우드학부
연세대학교,서울,체능계열(체육교육학과
연세대학교,서울,스포츠응용산업학과
연세대학교,서울,000스포츠응용산업학과
연세대학교,서울,실기평가유형및과제모집단위유형및과제체육교육학과
연세대학교,서울,던지기(메디신볼던지기)스포츠응용산업학과
연세대학교,서울,000체육교육학과
연세대학교,서울,700)체육교육학과
연세대학교,서울,700)스포츠응용산업학과
영남대학교,경북,실적실기323체육학전공
영남대학교,경북,산업디자인학과
영남대학교,경북,체육학부(체육학전공
영남대학교,경북,실적학생부교과학생부종합일반학생지역인재의학창의인재지역기회균형(의약)지역의사선발군사학특별일반학생지역인재기회균형지역의사선발실기특기자농어촌학생약학고른기회특성화고교졸업자특성화고졸재직자인문대학인문사회국어국문학과181011622일어일문학과951322영어영문학과231212823프랑스어문전공115512독일언어문화전공127712철학과105922역사학과13710722문화인류학과1061022자연과학대학자연수학과149812통계학과18101022물리학과126912화학과24111223생명과학과1381332공과대학자연건설시스템공학과211215222환경공학과15814222도시공학과11811222건축학부46242813553기계공학부70403415664신소재공학부39241710443전기공학과34192010343화학공학부60352713453파이버시스템공학과1279222디지털융합대학자연전자공학과43251911553컴퓨터공학전공2815158332정보통신공학전공1811147232소프트웨어보안전공1811147232AI융합전공1811147222미래자동차공학과3018188442로봇공학과189158332차세대반도체학과9781스마트모빌리티학과30사회과학대학인문사회정치외교학과1791122행정학과231216833심리학과12612722사회학과105822미디어커뮤니케이션학과10812722경찰행정학과12712722군사학과30경영대학인문사회경제금융학부52302810553경영학과55323012663무역학부4223208443회계세무학과1910107332산업경영학과
영남대학교,경북,실적학생부교과학생부종합일반학생지역인재의학창의인재지역기회균형(의약)지역의사선발군사학특별일반학생지역인재기회균형지역의사선발실기특기자농어촌학생약학고른기회특성화고교졸업자특성화고졸재직자의과자연의예과821102510113약학자연약학부151721055생명응용과학대학인문사회식품경제외식학과181012332자연원예생명과학과9512222조경학과9512222산림자원학과1088222식품공학과141013222생명공학과20913833의생명공학과11610622생활과학대학자연주거환경학과148922식품영양학과171112322예체능체육학부체육학전공3522무용학전공20자연의류패션학과16713322인문사회휴먼서비스학과1681232사범대학인문사회교육학과86923국어교육과106723영어교육과1481024한문교육과106723유아교육과851023자연수학교육과86923예체능특수체육교육과814예술대학예체능회화과40트랜스아트과38시각디자인학과56산업디자인학과46생활제품디자인학과40음악학부248글로벌인재대학인문사회중국언어문화학과16121422국제개발새마을학과1471122글로벌교육학부107811글로벌비즈니스학과1161422영어통번역전공1271011응용중국어통번역전공107911천마학부대학-전공자유선택학부(인문)5033542035전공자유선택학부
영남대학교,경북,군사학특별일반학생지역인재실기일반학생일반학생실기인문대학인문사회국어국문학과7일어일문학과4영어영문학과8프랑스어문전공3독일언어문화전공3철학과4역사학과5문화인류학과4자연과학대학자연수학과5통계학과7물리학과5화학과5생명과학과6공과대학자연건설시스템공학과7환경공학과6도시공학과5건축학부22기계공학부45신소재공학부20전기공학과14화학공학부32파이버시스템공학과7디지털융합대학자연전자공학과17컴퓨터공학전공11정보통신공학전공8소프트웨어보안전공8AI융합전공8미래자동차공학과12로봇공학과7차세대반도체학과5스마트모빌리티학과사회과학대학인문사회정치외교학과6행정학과11심리학과6사회학과5미디어커뮤니케이션학과6경찰행정학과8군사학과수시이월시선발경영대학인문사회경제금융학부23경영학과30무역학부17회계세무학과14산업경영학과
영남대학교,경북,군사학특별일반학생지역인재실기일반학생일반학생실기의과자연의예과1510약학자연약학부1412생명응용과학대학인문사회식품경제외식학과7자연원예생명과학과5조경학과5산림자원학과5식품공학과6생명공학과7의생명공학과5생활과학대학자연주거환경학과6식품영양학과8예체능체육학부(체육학전공
영남대학교,경북,무용학전공)9자연의류패션학과7인문사회휴먼서비스학과6사범대학인문사회교육학과5국어교육과5영어교육과6한문교육과5유아교육과5자연수학교육과5예체능특수체육교육과8예술대학예체능회화과수시이월시선발트랜스아트과수시이월시선발시각디자인학과10산업디자인학과13생활제품디자인학과14음악학부수시이월시선발글로벌인재대학인문사회중국언어문화학과6국제개발새마을학과5글로벌교육학부4글로벌비즈니스학과7영어통번역전공수시이월시선발응용중국어통번역전공3천마학부대학-전공자유선택학부
영남대학교,경북,전형단계별선발비율및전형요소별배점모집단위전형단계선발비율전형요소별배점(반영비율)학생부성적실기고사성적총점체육학부(체육학전공
영남대학교,경북,)체육학부(무용학전공
영남대학교,경북,실기고사주요사항1)체육학부(체육학전공
영남대학교,경북,우선을20초동안넘어선횟수를측정2)체육학부(무용학전공
영남대학교,경북,제시된주제를해석하고창의적으로표현산업디자인학과
영남대학교,경북,모집단위별모집인원특기분야모집단위선발종목및모집인원육성체육체육학부(체육학전공
영남대학교,경북,전형단계별선발비율및전형요소별배점특기분야모집단위전형단계선발비율전형요소별배점(반영비율)학생부성적입상실적성적총점육성체육체육학부(체육학전공
영남대학교,경북,산업경영학과
영남대학교,경북,사회과학대학(심리학과
영남대학교,경북,경영대학(경영학과
영남대학교,경북,예술대학(산업디자인학과
영남대학교,경북,경영대학(경제금융학부
영남대학교,경북,체육학부(무용학전공
영남대학교,경북,)체육학부(체육학전공
영남대학교,경북,제시된주제를해석하고창의적으로표현4시간산업디자인학과
영남대학교,경북,군산업경영학과
영남대학교,경북,경영인문사회경제금융학부
영남대학교,경북,경영학과
영남대학교,경북,예체능체육학전공
영남대학교,경북,심리학과
영산대학교,부산,학교폭력반영방법변경사항캠퍼스2027학년도(대학입학전형시행계획상)2028학년도비고해운대조리예술학부(K-Food조리전공
영산대학교,부산,Beverage전공)조리예술학부(K-Food조리전공)모집단위분리조리예술학부(동양조리전공)조리예술학부(서양조리전공)조리예술학부
영산대학교,부산,도예디자인전공)모집단위통합해운대디자인학부(실내환경디자인전공)해운대AI그래픽콘텐츠학과AI그래픽학과학과명칭변경양산법학과-미모집성인학습자(만25세이상)양산동양상담복지학부동양상담복지학과학과명칭변경양산-한국어문화교육학과학과
영산대학교,부산,캠퍼스단과대학모집단위계열모집인원(정원내)수시모집(정원내)수시모집(정원외)정시모집(정원내)학생부교과실기소계학생부교과소계가군나군다군소계일반계고면접교과사회배려자성인학습자실기농어촌특성화고동일계이웃사랑만학도수능수능수능실기교과일반전형일반전형일반전형실기전형교과전형해운대관광문화예술대학호텔관광학과인문201091911항공관광학과인문25252500레저스포츠관광학과예체2510862411조리예술학부(K-Food조리전공)자연208122000조리예술학부(동양조리전공)자연208122000조리예술학부(서양조리전공
영산대학교,부산,Beverage전공)자연3014163000미용예술학과예체506222250176800디자인학부(패션디자인전공
영산대학교,부산,도예디자인전공)예체2012431911연기공연예술학부(연기공연예술전공)예체206612448연기공연예술학부(방송사진미디어전공)예체201091209100웹툰학과예체45663345000게임VR학과예체25555102500만화애니메이션학과예체2522212500AI그래픽학과예체2012421822시니어모델학과예체00600미래융합대학부동산학과
영산대학교,부산,00사회복지학과
영산대학교,부산,가족상담학과인문20202000미용건강관리학과예체303030집집집00웰빙조리창업학과자연20202000실버재활학과
영산대학교,부산,00양산웰니스보건대학간호학과자연956720319144물리치료학과자연40201533822치위생학과자연40201072392071311태권도학과예체3532234자기자기11동양무예학과예체3022729설계설계11경찰행정학과인문4528510144포함포함11011드론공간정보공학과공학00200융합전공학부
영산대학교,부산,00동양상담복지학과인문4040405000한국어문화교육학과
영산대학교,부산,00미래융합대학인문문화융합학과인문30303000노인복지상담학과인문404040집집집00성심교양대학자기설계전공학부
영산대학교,부산,레저스포츠관광학과
영산대학교,부산,게임VR학과태권도학과
영산대학교,부산,메디신볼미용예술학과
영산대학교,부산,제시된주제에따라물레를활용하여제작연기공연미디어학부(연기공연예술전공
영산대학교,부산,고사당일주제제시게임VR학과
영산대학교,부산,연기공연미디어학부(연기공연예술전공
용인대학교,경기,무도계열전공학부
용인대학교,경기,체육계열전공학부
용인대학교,경기,문화예술계열전공학부
용인대학교,경기,유도경기지도학과
용인대학교,경기,골프산업학과
용인대학교,경기,무도학과
용인대학교,경기,)일반학생전형스포츠레저학과
용인대학교,경기,체육학과
용인대학교,경기,)전년도와동일기회균형특별전형(정원내)스포츠레저학과
용인대학교,경기,)농어촌학생특별전형(정원외)태권도학과
용인대학교,경기,)전년도와동일농어촌학생특별전형(정원외)-체육학과
용인대학교,경기,스포츠레저학과
용인대학교,경기,)체육우수자특별전형유도경기지도학과
용인대학교,경기,태권도학과
용인대학교,경기,)전년도와동일체육우수자특별전형유도학과
용인대학교,경기,골프학부
용인대학교,경기,물리치료학과제외일반학생전형체육학과
용인대학교,경기,)전년도와동일일반학생전형-스포츠레저학과
용인대학교,경기,--전년도와동일체능무도대학무도계열전공학부계열내모든전공3636체육과학대학체육계열전공학부계열내모든전공1714예능문화예술대학문화예술계열전공학부계열내모든전공2929인문사회인문사회융합대학인문사회계열전공학부계열내모든전공3030자연과학AI바이오융합대학자연계열전공학부계열내모든전공
용인대학교,경기,2028학년도수시학생부위주교과성적우수자특별전형모집인원및전형방법본교모집단위계열대학모집단위전공모집인원전형방법2027학년도2028학년도2027학년도2028학년도2027학년도2028학년도인문사회인문사회융합대학경영학과
용인대학교,경기,국어+영어+수학영역중2개영역합산8등급이내관광경영학과44경찰행정학과88중국학과22사회복지학과66문화예술대학문화콘텐츠학과55자연과학AI바이오융합대학보건환경안전학과좌동-77AI융합학부AI1212빅데이터AI시스템반도체학과-88바이오생명공학과55식품영양학과55식품조리학과--물리치료학과55문화예술대학문화유산학과
용인대학교,경기,실적위주일반학생전형모집인원및전형방법본교모집단위계열대학모집단위전공모집인원2027학년도전형방법2028학년도전형방법2027학년도2028학년도2027학년도2028학년도2027학년도2028학년도학생부전공실기기초체력학생부전공실기기초체력체능무도대학유도학과
용인대학교,경기,-전년도와동일무도학과
용인대학교,경기,-태권도학과
용인대학교,경기,--체육과학대학스포츠레저학과
용인대학교,경기,전년도와동일체육학과1313골프학부
용인대학교,경기,-기악86작곡22국악88영화영상학과--1818인문사회인문사회융합대학경영학과
용인대학교,경기,--전년도와동일관광경영학과1212경찰행정학과88중국학과1313사회복지학과1212문화예술대학문화콘텐츠학과좌동--99자연과학AI바이오융합대학보건환경안전학과
용인대학교,경기,--전년도와동일AI융합학부AI좌동3131빅테이터AI시스템반도체학과--1818바이오생명공학과1312식품영양학과1313식품조리학과1818물리치료학과1414문화예술대학문화유산학과
용인대학교,경기,전공실기입상실적체능무도대학유도학과
용인대학교,경기,전년도와동일유도경기지도학과
용인대학교,경기,체육과학대학스포츠레저학과
용인대학교,경기,체육학과쇼트트랙
용인대학교,경기,실적위주체육우수자특별전형모집인원및지원자격본교모집단위계열대학모집단위전공모집인원지원자격2027학년도2028학년도2027학년도2028학년도2027학년도2028학년도체능무도대학유도학과
용인대학교,경기,태권도학과시범전공
용인대학교,경기,태권도학과공인품새및자유품새전공
용인대학교,경기,서류제출마감일기준)나체육학과-(축구전공
용인대학교,경기,무도학과레슬링전공은단체전으로지원할수없으며씨름전공
용인대학교,경기,무도학과-(검도전공
용인대학교,경기,체육학과-(쇼트트랙
용인대학교,경기,KLPGA정회원또는준회원인자굳히기본되치기본부드러운본호신의본유도경기지도학과좌동-좌동4040무도학과좌동레슬링좌동44씨름77복싱(남)77검도1010태권도학과좌동겨루기좌동2323시범1010공인품새75자유품새35체육과학대학스포츠레저학과좌동테니스좌동33체조66탁구(여)33수영44승마44배드민턴22체육학과좌동쇼트트랙좌동22스피드스케이팅11축구(남)1010역도11보디빌딩22골프학부
용인대학교,경기,이내지원자격및전형방법모집단위전공모집인원2027학년도2028학년도2027학년도2028학년도2027학년도2028학년도체능무도대학태권도학과
용인대학교,경기,(스포츠레저학과
용인대학교,경기,전년도와동일경호학과--33체육과학대학스포츠레저학과좌동--33체육학과33예능문화예술대학미디어디자인학과좌동--33영화영상학과22인문사회인문사회융합대학경영학과좌동--22관광경영학과22경찰행정학과22중국학과22사회복지학과22문화예술대학문화콘텐츠학과좌동--22자연과학AI바이오융합대학보건환경안전학과좌동--22AI융합학부AI좌동22빅데이터AI시스템반도체학과--22바이오생명공학과--22식품영양학과--11물리치료학과--22문화예술대학문화유산학과
용인대학교,경기,본교모집단위계열대학모집단위전공모집인원지원자격및전형방법2027학년도2028학년도2027학년도2028학년도2027학년도2028학년도체능체육과학대학골프산업학과
용인대학교,경기,모집단위별전형요소일반학생전형본교모집단위계열대학모집단위전공2027학년도2028학년도비고2027학년도2028학년도2027학년도2028학년도학생부수능실기고사학생부수능실기고사전공실기기초체력전공실기기초체력체능무도대학유도학과
용인대학교,경기,-전년도와동일유도경기지도학과
용인대학교,경기,-무도학과
용인대학교,경기,-씨름복싱검도태권도학과
용인대학교,경기,-체육과학대학스포츠레저학과
용인대학교,경기,전년도와동일체육학과
용인대학교,경기,-인문사회인문사회융합대학경영학과
용인대학교,경기,--전년도와동일관광경영학과경찰행정학과중국학과사회복지학과문화예술대학문화콘텐츠학과자연과학AI바이오융합대학보건환경안전학과
용인대학교,경기,--전년도와동일AI융합학부AI좌동빅데이터AI시스템반도체학과--바이오생명공학과식품영양학과식품조리학과물리치료학과문화예술대학문화유산학과
용인대학교,경기,수시미충원시정시모집본교모집단위계열대학모집단위전공모집인원2027학년도2028학년도2027학년도2028학년도2027학년도2028학년도체능무도대학유도학과좌동--1818유도경기지도학과----무도학과레슬링좌동1-씨름1-복싱1-검도1-태권도학과겨루기및품새44경호학과--88체육과학대학스포츠레저학과좌동--33체육학과44골프학부골프좌동22골프매니지먼트사범체육과학대학특수체육교육과좌동--1313예능문화예술대학무용과좌동--68미디어디자인학과33회화학과88연극학과1414실용음악과보컬좌동23기악46작곡11국악22영화영상학과--22인문사회인문사회융합대학경영학과좌동--55관광경영학과55경찰행정학과55중국학과55사회복지학과55문화예술대학문화콘텐츠학과66자연과학AI바이오융합대학보건환경안전학과좌동--66AI융합학부AI좌동1515빅데이터AI시스템반도체학과--77바이오생명공학과66식품영양학과66식품조리학과66물리치료학과99문화예술대학문화유산학과
용인대학교,경기,--전년도와동일체능무도대학무도계열전공학부계열내모든전공1010체육과학대학체육계열전공학부계열내모든전공55예능문화예술대학문화예술계열전공학부계열내모든전공88인문사회인문사회융합대학인문사회계열전공학부계열내모든전공88자연과학AI바이오융합대학자연계열전공학부계열내모든전공
용인대학교,경기,)수능체육과학대학체능체육계열전공학부
용인대학교,경기,)연극학과영화영상학과인문사회인문사회융합대학경영학과좌동--관광경영학과중국학과문화예술대학문화콘텐츠학과자연과학AI바이오융합대학AI융합학부좌동AI좌동빅데이터식품조리학과--물리치료학과
용인대학교,경기,모집계열별선택영역이부족할경우지원자격미달로불합격처리예체능(무도계열전공학부
용인대학교,경기,체육계열전공학부및문화예술계열전공학부
용인대학교,경기,과학전년도와동일인문사회(인문사회계열전공학부포함)사범자연과학(자연계열전공학부포함)예체능(무도계열전공학부
용인대학교,경기,자유대련무도학과
용인대학교,경기,시합태권도학과
용인대학교,경기,겨루기스포츠레저학과체육학과특수체육학과
용인대학교,경기,10m반복달리기골프학부Shot무용과개인작품미디어디자인학과기초디자인회화학과인물화(사진묘사)또는주제(단어)표현연극학과
용인대학교,경기,자유곡1곡영화영상학과스토리장면화및질의응답체육우수자특별전형유도경기지도학과
용인대학교,경기,자유대련태권도학과
용인대학교,경기,시범체육학과
용인대학교,경기,자유곡1곡스포츠레저학과체육학과특수체육학과
우석대학교,전북,수시모집인원캠퍼스단과대학모집단위교직학생부위주(교과)실기(실적)위주정원내정원외정원내정원외교과면접교과지역인재1지역인재2지역인재(기회균형)성인학습자등기회균형농어촌학생장애인등대상자성인학습자실기일반실적우수자특기자기회균형농어촌학생전주한의과한의예과평가인증1078111약학약학과평가인증9121442한약학과10817144간호간호학과평가인증교직304765356사범특수교육과교직1020223유아특수교육과교직1020222국어교육과교직7162수소테크융합수소테크자율전공학부수소에너지공학과652경영학부전기자동차공학부교직휴먼테크융합휴먼테크자율전공학부(전주)경찰행정학과752소방방재학과제약공학과관광학과재활상담학과응급구조학과40물리치료학과202044작업치료학과1020경찰행정학과1020소방방재학과202022군사학과301522정보보안학과718아동사회복지학부교직1520심리학과교직10202식품영양학과교직718호텔외식조리학과교직2020조경학과교직30체육학과교직21181633태권도학과교직62833스포츠지도학과교직26181433미래융합스마트관광학과
우석대학교,전북,상담학과1020수소모빌리티학과1110진천휴먼테크융합휴먼테크자율전공학부(진천)경찰학과1201산업안전소방학과생명과학과컴퓨터공학과글로벌문화경영학부군사안보학과1020문예창작학과201스포츠문화예술학부
우석대학교,전북,인테리어디자인학과1218생활체육학부3232530미래융합산림조경원예학과2525창업컨설팅학과
우석대학교,전북,정시모집인원캠퍼스단과대학모집단위교직정시(가)수능위주학생부위주(교과)실기(실적)위주정원내정원외정원내정원외정원내정원외일반학생지역인재2지역인재(기회균형)기회균형농어촌학생장애인등대상자교과성인학습자등성인학습자실기일반기회균형농어촌학생전주한의과한의예과평가인증4모집모집모집모집악학약학과평가인증18모집모집모집모집모집한약학과4모집모집모집모집간호간호학과평가인증교직15모집모집모집모집사범특수교육과교직모집유아특수교육과교직모집국어교육과교직모집수소테크융합수소테크자율전공학부수소에너지공학과모집경영학부전기자동차공학부교직휴먼테크융합휴먼테크자율전공학부(전주)경찰행정학과모집소방방재학과제약공학과관광학과재활상담학과응급구조학과모집물리치료학과모집작업치료학과모집경찰행정학과모집소방방재학과모집군사학과모집정보보안학과모집아동사회복지학부교직모집심리학과교직모집식품영양학과교직모집호텔외식조리학과교직모집조경학과교직모집체육학과교직모집모집모집태권도학과교직모집모집모집스포츠지도학과교직모집모집모집미래융합스마트관광학과
우석대학교,전북,상담학과모집모집수소모빌리티학과모집모집진천휴먼테크융합휴먼테크자율전공학부(진천)경찰학과모집산업안전소방학과생명과학과컴퓨터공학과글로벌문화경영학부군사안보학과모집문예창작학과모집스포츠문화예술학부
우석대학교,전북,인테리어디자인학과모집생활체육학부모집모집미래융합산림조경원예학과모집모집창업컨설팅학과
우석대학교,전북,실기일반과제별출제형식모집시기모집단위유형출제형식수시정시태권도학과선택실기겨루기품새시범체육학과
우석대학교,전북,메디신볼던지기스포츠지도학과
우석대학교,전북,메디신볼던지기생활체육학부
우석대학교,전북,메디신볼던지기스포츠문화예술학부
우석대학교,전북,특기자종목별모집인원모집시기모집단위종목포지션모집인원(명)학과별인원(명)수시체육학과
우석대학교,전북,검도(여)-1스포츠지도학과
우석대학교,전북,씨름(남)-2태권도학과
우석대학교,전북,실적우수자종목별모집인원모집시기모집단위종목포지션모집인원(명)학과별인원(명)수시체육학과
우석대학교,전북,족구(남)-3스포츠지도학과
우석대학교,전북,씨름(남)-3생활체육학부
우석대학교,전북,야구(남)투수(우완)3투수(좌완)2포수2내야수(2루수)2내야수(3루수)1내야수(유격수)2내야수(외야수)3스포츠문화예술학부
우석대학교,전북,통합모집아동사회복지학부
우석대학교,전북,심리학과
우석대학교,전북,체육학과
우석대학교,전북,태권도학과
우석대학교,전북,스포츠지도학과
우석대학교,전북,생활체육학부
우석대학교,전북,스포츠문화예술학부
우송대학교,대전,청각재활학과
울산대학교,울산,예술학부
울산대학교,울산,도시환경학부464601632373900000080가디자인융합학부18180052317140085000110나스포츠과학부
울산대학교,울산,공공정책대학공공인재학부8759019404951000000100가경영경제융합학부986501844465600000090다인문예술대학글로벌인문학부629201942565200000090다예술학부(음악)1400000000002100000다예술학부(미술)500000000002800001가의과대학의예과0000000102216000060가간호학과
울산대학교,울산,다군변경경영경제융합학부
울산대학교,울산,경영경제융합학부
울산대학교,울산,(300점)없음스포츠과학부
울산대학교,울산,(400점)예술학부
울산대학교,울산,스포츠과학부
울산대학교,울산,지원자격및전형요소별반영비율모집단위모집인원지원자격경기(수상)실적학교생활기록부면접스포츠과학부
울산대학교,울산,지원자격모집단위지원자격비고스포츠과학부
울산대학교,울산,전형요소반영비율및배점모집단위경기(수상)실적학교생활기록부면접스포츠과학부
울산대학교,울산,전형요소반영비율및배점모집단위실기학교생활기록부수능최저학력기준스포츠과학부
울산대학교,울산,실적형특성화고교졸업자전모집단위(의예과별도)디자인융합학부스포츠과학부(예체능)스포츠과학부
울산대학교,울산,경기실적)예술학부
울산대학교,울산,실적형전모집단위(의예과별도)디자인융합학부스포츠과학부(예체능)스포츠과학부
울산대학교,울산,전형요소반영비율및배점모집단위실기수능스포츠과학부
울산대학교,울산,100실기스포츠과학부
울산대학교,울산,전형에따른반영요소구분교육과정구분반영요소교과성적출결공통및일반선택진로선택융합선택예술학부
울산대학교,울산,석차등급-반영과목수및반영방법구분반영과목수이수학점반영여부반영과목수제한예술학부
울산대학교,울산,일반선택및진로선택석차등급평균산정방법구분석차등급평균산출식예술학부
울산대학교,울산,실적형(예술학부
울산대학교,울산,석차등급-반영과목수및반영방법구분반영과목수이수단위반영여부반영과목수제한예술학부
울산대학교,울산,일반선택석차등급평균산정방법구분석차등급평균산출식예술학부
울산대학교,울산,미래라이프융합시민대학교학행정실(052-712-8438)단과대학모집단위인원미래라이프융합시민대학스포츠헬스케어학과15인공지능융합학과15사회복지상담학과
울산대학교,울산,인문예술대학글로벌인문학부
울산대학교,울산,지원학부에따라언어능력기준중하나를충족하여야함1)TOPIK(한국어능력시험)소지자-예술학부
울산대학교,울산,스포츠과학부제외모든학부
울산대학교,울산,3급이상-예술학부
원광대학교,전북,1특성화고등학교는특성화고및특성화고와같은교육과정을운영하는학과가있는일반고종합고를)()의미함종합고의일반고교육과정졸업예정자는대상에서제외됨2)()산업수요맞춤형고등학교마이스터고등학교졸업예정자는대상에서제외됨3)()()동일계열인정시도교육청에서제공하는특성화고등학교학과별기준학과
원광대학교,전북,600일괄합산스포츠과학부
원광대학교,전북,(-)스포츠과학부
원광대학교,전북,)총점국어수학탐구영어한국사디자인융합계열스포츠과학부
원광대학교,전북,1체육스포츠과학부
원광대학교,전북,지역인재기회균형지역의사선발정시(가)기회균형정시(가)농어촌학생정시(가)특성화고졸정시(나)기회균형정시(나)농어촌학생정시(나)특성화고졸정시(다)기회균형정시(다)농어촌학생정시(다)특성화고졸인원전북권호남권호남권인원인원인원인원전북권호남권인원인원인원인원인원인원인원인원인원인원인원인원인원인원인원인원인원인원인원인원인원인원교학대학원불교학과131313130013-13의과대학의예과1141141032133212217101108801144118치과대학치의예과808061882221917741010080484한의과대학한의예과90901230212231278966090595약학과4242521121324433042547한약학과404012231224044040444간호대학간호학과330331425022535607547103193030033118349의생명공학계열의생명공학전공의생명소재공학전공의생명첨단바이오전공75753002345800075580응급구조학과50511413332125633051859의료상담학과3030102220340030434그린바이오계열산림환경학전공생명과학전공656521344680065368스마트농업계열원예산업학전공식물생산과학전공생명환경학전공95953036598020209523118푸드테크계열식품산업전공식품안전전공606018342630060363외식조리과(2년)60606005650060565작업치료학과505010327105033050353임상병리학과1001002026404041120010012112물리치료학과8080102627201047913130801292방사선학과1141141536403615411988011413127치기공학과606006002620060262치위생학과1001002025404031100010010110안경광학과303003002320030232언어재활학과404012228420040242식품영양학과5050202302540050454보건행정학과505017233520050252사회복지학과7373333340790073679스포츠과학부11011154652103880111-111동물보건학과606022830600060-60반려동물산업학과505015355550050555안전보건학과2727918270027-27뷰티디자인학과40401022303470040747미용피부관리과(2년)50505002520050252호텔관광과(2년)30303003330030333웰니스케어과(2년)20202002002020202040라이프디자인대학디자인융합계열패션디자인산업전공파인아트전공
원광대학교,전북,산업디자인전공시각정보디자인전공1451452830751337512121214512157건축학과(5년제)343410522173622034438공학1계열건축공학전공건설환경공학전공도시공학전공110110303801130101011013123공학2계열기계공학전공전기공학전공전자공학전공철도시스템공학전공화학공학전공
원광대학교,전북,소프트웨어공학전공게임콘텐츠학전공125125303952130001255130경영계열경영학전공글로컬경영전공
원광대학교,전북,방재계열소방행정학전공소방방재학전공60602052555555060-60국방기술학과30301020300030-30군사학과404040400040-40부사관과(2년)303030300030-30인문대학창의문화융합계열중국어통번역전공국어국문학전공글로컬역사전공영어영문학전공문예창작전공미디어커뮤니케이션광고PR전공1121123732750117001125117국어교육과2525102132270025227영어교육과2525102132270025227일어교육과2525102132270025227한문교육과2525102132270025227역사교육과252515282270025227유아교육과6868264420720068472중등특수교육과2525102132270025227가정교육과2525132102270025227수학교육과2525102132270025227체육교육과35351882699035-35미래융합대학자율전공학부
위덕대학교,경북,실적위주(특기자전형)지역인재특별전형(기회균형)나군다군성인학습자일반전형성인학습자면접일반학생부51+면접49학생부100학생부100학생부51+면접49학생부100학생부30+경기실적or자격증70학생부51+면접49학생부100수능60+학생부40학생부100라이프up융합대학인문사회역사문화콘텐츠학과30291스마트경영학과25241사회복지서비스상담학과25241자연시니어웰니스학과25241공학첨단산업학과20191-라이프융합학과25241휴먼융합대학인문사회사회복지학과10721사범유아교육과251681특수교육학부초등특수교육전공211551중등특수교육전공171331자연외식제과제빵창업학과251771간호학과
위덕대학교,경북,31물리치료학과361310121반려동물학부반려동물보건전공2510141반려동물산업전공예체능체육학부레저스포츠전공5027221전문스포츠지도전공체육학부(야)레저스포츠전공(야)1091단과대학구분없음인문사회불교문화학과25241한국어학과211경찰정보보안학과2512121경영학과1091공학전력시스템공학과
위덕대학교,경북,모집단위및학생부교과반영모집단위(전공명)학생부면접사회복지학과
위덕대학교,경북,체육학부
위덕대학교,경북,모집단위및학생부교과반영모집단위(전공명)학생부사회복지학과
위덕대학교,경북,경영학과
위덕대학교,경북,스마트경영학과
위덕대학교,경북,사회복지서비스상담학과
위덕대학교,경북,첨단산업학과
위덕대학교,경북,모집단위및전형자료모집단위(전공명)학생부기타체육학부
위덕대학교,경북,지원자격및반영비율모집단위지원자격학생부입상실적자격증체육학부
위덕대학교,경북,모집단위및학생부교과반영모집단위(전공명)모집인원학생부교과사회복지학과
위덕대학교,경북,모집단위및학생부교과반영모집단위(전공명)모집인원학생부면접사회복지학과
위덕대학교,경북,모집단위및학생부교과반영모집단위모집인원학생부면접사회복지학과
위덕대학교,경북,모집단위및학생부교과반영모집단위(전공명)수능성적학생부성적면접성인학습자전형사회복지서비스상담학과
위덕대학교,경북,-일반전형사회복지학과
유원대학교,충북,한부모가족지원대상자장애인등대상자만학도외국인조기취업형재교육형영동캠퍼스사회복지학부
유원대학교,충북,68스포츠학부
유원대학교,충북,33산업안전보건학과
유원대학교,충북,문화복지융합학부
유원대학교,충북,0파크골프지도학과
유원대학교,충북,0AI모빌리티학과03030반도체융합학과03030뷰티산업학과06060문화복지학과
유원대학교,충북,파크골프지도학과
유원대학교,충북,뷰티산업학과
유원대학교,충북,문화복지학과
유원대학교,충북,000특기자(검도)스포츠학부
유원대학교,충북,000국가보훈대상자사회복지학부
유원대학교,충북,000계약형학과재교육형(정원외)문화복지학과
유원대학교,충북,문화복지학과를제외한전모집단위유원면접호텔조리베이커리학과
유원대학교,충북,경찰소방행정학부특기자(검도)스포츠학부
유원대학교,충북,간호학과국가보훈대상자사회복지학부
유원대학교,충북,뷰티산업학과계약형학과재교육형(정원외)문화복지학과농어촌학생(정원외)간호학과
유원대학교,충북,문화복지학과를제외한전모집단위유원면접전형호텔조리베이커리학과
유원대학교,충북,경찰소방행정학부특기자(검도)스포츠학부계약학과조기취업형(정원외)AI모빌리티학과
유원대학교,충북,뷰티산업학과계약학과재교육형(정원외)문화복지학과7)정원내전형유형별지원자격전형유형모집단위지원자격및기타학생부우수자자율설계학부
유원대학교,충북,고등학교졸업자격검정고시합격자특기자(검도)스포츠학부
유원대학교,충북,검정고시출신자지원불가국가보훈대상자사회복지학부
유원대학교,충북,보훈(지)청장이발급하는대학입학특별전형대상자증명서발급가능자)8)정원외전형유형별지원자격전형유형모집단위지원자격및기타계약형학과(조기취업형)뷰티산업학과반도체융합학과AI모빌리티학과
유원대학교,충북,계약형학과(재교육형)문화복지학과
유원대학교,충북,(월)18시까지2)전형유형별전형요소모집시기전형유형(수능위주)모집단위최저학력기준선발방법및비율전형요소반영비율수능면접총점비율최고최저비율최고최저가군일반전형사회복지학부
유원대학교,충북,스포츠학부
유원대학교,충북,산업안전보건학과
유원대학교,충북,뷰티산업학과계약형학과재교육형(정원외)문화복지학과농어촌학생(정원외)뷰티케어학과
유원대학교,충북,뷰티산업학과백분위계약형학과재교육형(정원외)문화복지학과백분위농어촌학생(정원외)간호학과
을지대학교,대전,847641223152354간호학과808841123123354보건과학대학임상병리학과70953912123145안경광학과404433128227응급구조학과405532125225방사선학과65883612102141치위생학과4010433128233물리치료학과70974713123349의료경영학과40442171111233첨단학부4044217112132자연계열학부2)17226271252312359140인문사회계열학부
을지대학교,대전,28의료경영학과
을지대학교,대전,레저산업전공
을지대학교,대전,사회복지전공
을지대학교,대전,아동청소년상담전공
을지대학교,대전,장례산업전공
을지대학교,대전,의료경영학과제외(미적용))전체학부
을지대학교,대전,의료경영학과
을지대학교,대전,한국사보건과학대학임상병리학과안경광학과응급구조학과방사선학과치위생학과물리치료학과의료경영학과30(30)40(30)첨단학부(30)4030(30)자연계열학부인문사회계열학부
을지대학교,대전,보건과학대학임상병리학과안경광학과응급구조학과방사선학과치위생학과물리치료학과의료경영학과첨단학부자연계열학부자유전공학부인문사회계열학부
인제대학교,경남,100단계28020특성화고교해당모집단위일괄합산100스포츠헬스케어학부스포츠산업재활전공
인제대학교,경남,위주실기스포츠헬스케어학부스포츠산업재활전공
인제대학교,경남,일괄합산302050음악학과일괄합산100웹툰영상학과일괄합산2080체육특기자스포츠헬스케어학부경기지도전공()일괄합산155경기실적80정원외학생부교과농어촌학생해당모집단위일괄합산100약학과
인제대학교,경남,F100가정원내학생부교과융합기술공학과100100체육특기자스포츠헬스케어학부경기지도전공()100100다정원내실기웹툰영상학과2080100음악학과
인제대학교,경남,100452525953355간호대학간호학과11054253109218018의생명보건대학물리치료학과44201838266반려동물보건학과4323134242211방사선학과3012151283622스포츠헬스케어학부스포츠산업재활전공
인제대학교,경남,302283000경기지도전공40404000임상병리학과42202242400작업치료학과
인제대학교,경남,의생명공학과스포츠헬스케어학부
인제대학교,경남,사회복지학과상담심리치료학과
인제대학교,경남,174812048161655499경영대학경영계열6050522593311글로컬아너스칼리지글로컬리더스학부이공계열()2022162000자유전공학부
인제대학교,경남,게임학과스마트물류학과
인제대학교,경남,스포츠헬스케어학부(스포츠산업재활전공
인제대학교,경남,학생부교과100학생부교과100스포츠헬스케어학부스포츠산업재활전공
인제대학교,경남,)실기스포츠헬스케어학부스포츠산업재활전공
인제대학교,경남,전형모집단위선발종목및모집인원조정남()씨름남()하키남()하키여()축구남()체육특기자스포츠헬스케어학부경기지도전공
인제대학교,경남,)체육특기자스포츠헬스케어학부경기지도전공
인제대학교,경남,스포츠헬스케어학부스포츠산업재활전공
인제대학교,경남,)학생부교과계가학생부교과융합기술공학과100100체육특기자스포츠헬스케어학부경기지도전공
인제대학교,경남,20272(2015)통해공지함실기고사반영방법스포츠산업재활전공웹툰영상학과음악학과
인제대학교,경남,전체전형스포츠헬스케어학부경기지도전공
인제대학교,경남,스포츠헬스케어학부경기지도전공
인천가톨릭대학교,인천,032-830-7022(입학홍보팀)신학대학신학과조형예술대학조형예술학과융합디자인학과문화콘텐츠학과간호대학간호학과자유전공
인천가톨릭대학교,인천,학년도2028학과정원신학대학신학과12조형예술대학조형예술학과회화전공29환경조각전공융합디자인학과시각디자인전공34환경디자인전공문화콘텐츠학과15간호대학간호학과48자유전공27모집학년도실기전형2028학과
인천가톨릭대학교,인천,조형예술학과융합디자인학과정시모집나군()일반학생학과수시모집수능최저학력기준모든학과
인천가톨릭대학교,인천,실기교과실기교과실기교과실기기타수능실기학교생활우수자ICCU미래인재가톨릭지도자추천수도자대건안드레아실기우수자농어촌학생특성화고교출신기회균형특수교육대상자외국인특별전형일반학생일반학생신학대학신학과12----12-----제한없음--조형예술대학조형예술학과회화전공29--2--17---2--10환경조각전공융합디자인학과시각디자인전공34--2--22-2-2--10환경디자인전공문화콘텐츠학과15-112-----1--2--자유전공27-27-----------간호대학간호학과
인천가톨릭대학교,인천,가송도국제캠퍼스지원자격조형예술대학간호대학자유전공
인천가톨릭대학교,인천,가톨릭지도자추천조형예술학과
인천가톨릭대학교,인천,학생부교과위주실기우수자조형예술학과17일괄합산20-80일괄실기위주융합디자인학과
인천가톨릭대학교,인천,학생부교과위주간호학과4특수교육대상자조형예술학과
인천가톨릭대학교,인천,특수교육대상자조형예술학과
인천가톨릭대학교,인천,2)실기우수자조형예술학과
인천가톨릭대학교,인천,가조형예술대학자유전공
인천가톨릭대학교,인천,나군조형예술대학()정원내실기위주일반학생조형예술학과2080융합디자인학과2080수능위주일반학생문화콘텐츠학과100-다군간호대학()수능위주일반학생간호학과100-다군자유전공()수능위주일반학생자유전공
인천가톨릭대학교,인천,정시모집조형예술학과융합디자인학과
인천가톨릭대학교,인천,모집학과송도국제캠퍼스실기고사수시모집정시모집조형예술학과
인천가톨릭대학교,인천,구분학과내용정량평가조형예술학과
인천가톨릭대학교,인천,캠퍼스전형평가방법확인사항송도모든전형정량평가수시()조형예술학과융합디자인학과
인천가톨릭대학교,인천,정량평가정시()조형예술학과융합디자인학과
인천대학교_국립_,인천,인공지능전공)2개의세부전공을신설하되기존과동일하게학부단위모집정보기술대학정보통신공학과인공지능대학인공지능정보통신공학부정보기술대학임베디드시스템공학과인공지능대학인공지능시스템공학과예술체육대학운동건강학부예술체육대학스포츠의학부
인천대학교_국립_,인천,스포츠의학부(이전운동건강학부
인천대학교_국립_,인천,모집인원-스포츠의학부(이전운동건강학부
인천대학교_국립_,인천,(스포츠의학부
인천대학교_국립_,인천,모집인원1단계선발배수실기대상인원모집인원1단계선발배수실기대상인원디자인학부33명6배수198명42명5배수210명공연예술학과
인천대학교_국립_,인천,실적(실기우수자)수능(일반학생)디자인학부9-33146-428공연예술학과--208--1810스포츠의학부(이전운동건강학부
인천대학교_국립_,인천,정시)스포츠의학부
인천대학교_국립_,인천,패션산업학과(동북아국제통상물류학부제외)353025-10352520-20자연계열(패션제외)동북아국제통상물류학부253530-10253520-디자인학부451530-10451520-스포츠의학부(이전운동건강학부)40-40-2040-40-체육교육과45-45-1045-35-스포츠과학부공연예술학과
인천대학교_국립_,인천,조형예술학부
인천대학교_국립_,인천,패션산업학과
인천대학교_국립_,인천,실적일반학생8-10-공연예술학과
인천대학교_국립_,인천,실적교과성적우수자사회통합자기추천-면접형자기추천-서류형기회균형실기우수자특기자서해5도출신자특수교육대상자재외국민등일반학생기회균형농어촌학생특성화고출신자일반학생일반학생기회균형농어촌학생특성화고출신자단대모집학과최대선발인문대학국어국문학과인문2661112162611영어영문학과45122173141111독어독문학과2981122112611불어불문학과308112213711일본지역문화학과297112212711중어중국학과461221731141211자연과학대학수학과자연3372132153911물리학과42102162141211화학과42102162141211패션산업학과3372132139111해양학과277110212711사회과학대학사회복지학과인문2661102242711미디어커뮤니케이션학과266110212711문헌정보학과266110212711창의인재개발학과266110212711글로벌정경대학행정학과인문3061132163811정치외교학과266110212711경제학과
인천대학교_국립_,인천,Service학부943032451632+1213소비자학과34721321310111공과대학기계공학과자연1083133361101035213전기공학과651722331620212전자공학부전자공학전공992833051933213반도체융합전공산업경영공학과591821931517112신소재공학과33721321139111안전공학과34721321310111에너지화학공학과36921321310111바이오-로봇시스템공학과36921321310111인공지능대학컴퓨터공학부컴퓨터공학전공자연9727331515531123인공지능전공인공지능정보통신공학부692122331520122인공지능시스템공학과34721321310111경영대학경영학부인문8826326514428112데이터과학과196161115111세무회계학과
인천대학교_국립_,인천,실적교과성적우수자사회통합자기추천-면접형자기추천-서류형기회균형실기우수자특기자서해5도출신자특수교육대상자재외국민등일반학생기회균형농어촌학생특성화고출신자일반학생일반학생기회균형농어촌학생특성화고출신자단대모집학과최대선발예술체육대학조형예술학부한국화전공
인천대학교_국립_,인천,-디자인학부566428공연예술학과28181111012스포츠과학부642710127스포츠의학부55423820사범대학국어교육과인문1536161영어교육과1536161일어교육과1536161수학교육과자연183781체육교육과예체능152671유아교육과인문2048181역사교육과1025131윤리교육과1025131도시과학대학도시행정학과인문2661102162711도시환경공학부건설환경공학전공자연491321731414111환경공학전공25611012711도시공학과3262132139111도시건축학부건축공학전공7420325411622122도시건축학전공생명과학기술대학생명과학부생명과학전공자연26619211228분자의생명전공256191811생명공학부생명공학전공3081102291나노바이오공학전공258181171융합자유전공대학자유전공학부자유전공학부(인문)인문872833026자유전공학부(자연)자연1294244538+1동북아국제통상물류학부동북아국제통상전공인문38131411스마트물류공학전공1037법학부
인천대학교_국립_,인천,예술체육대학및사범대학소속학과(학부
인천대학교_국립_,인천,위주전형은공연예술학과
인천대학교_국립_,인천,실적실기우수자조형예술학부한국화전공
인천대학교_국립_,인천,공연예술학과
인천대학교_국립_,인천,)스포츠과학부
인천대학교_국립_,인천,스포츠의학부
인천대학교_국립_,인천,)특기자스포츠과학부
인천대학교_국립_,인천,)-스포츠과학부
인천대학교_국립_,인천,)-스포츠의학부
인천대학교_국립_,인천,조형예술학부한국화전공
인천대학교_국립_,인천,실적일반학생공연예술학과--1010-공연예술학과
인천대학교_국립_,인천,실적기회균형공연예술학과
인천대학교_국립_,인천,모집단위에따라아래해당자는지원가능)조형예술학부
인천대학교_국립_,인천,3과목이상이수한자이수한교과의해당모집단위관련여부는본교지원자격심사결과에따름공연예술학과
인천대학교_국립_,인천,3과목이상이수한자스포츠과학부
인천대학교_국립_,인천,전형방법모집단위전형방법학생부교과면접고사실기고사계조형예술학부한국화전공
인천대학교_국립_,인천,(500점)공연예술학과
인천대학교_국립_,인천,(500점)스포츠과학부
인천대학교_국립_,인천,(500점)스포츠의학부
인천대학교_국립_,인천,탁구-(대한체육회)전국체육대회-(각종목별경기단체및산하경기단체주최또는주관)전국규모대회모집단위종목모집인원(명)지원자격스포츠과학부
인천대학교_국립_,인천,문화체육관광부장관기전국체육고등학교대항전입상실적은인정하지않음스포츠의학부
인천대학교_국립_,인천,실적공연예술학과
인천대학교_국립_,인천,(100점)공연예술학과
인천대학교_국립_,인천,000점)스포츠과학부
인천대학교_국립_,인천,000점)스포츠의학부
인천대학교_국립_,인천,디자인학부30203020--자연계열(패션산업학과제외)203030--20실기우수자서해5도출신자(공연)조형예술학부
인천대학교_국립_,인천,스포츠과학부
인천대학교_국립_,인천,체육교육과40-3030--실기우수자스포츠의학부40-30-30-특기자스포츠과학부
인천대학교_국립_,인천,실기우수자전형스포츠의학부
인천대학교_국립_,인천,)수능총점국어수학탐구영어한국사사회과학직업일반학생기회균형농어촌학생인문계열(동북아국제통상물류학부제외)패션산업학과
인천대학교_국립_,인천,000자연계열(패션산업학과제외)동북아국제통상물류학부
인천대학교_국립_,인천,000스포츠의학부40-40-600체육교육과45-35-500스포츠과학부400공연예술학과
인천대학교_국립_,인천,000자연계열(패션산업학과
인천대학교_국립_,인천,수능성적산출방법계열및모집단위산출방법인문계열(동북아국제통상물류학부제외)패션산업학과
인천대학교_국립_,인천,0)자연계열(패션산업학과제외)동북아국제통상물류학부
인천대학교_국립_,인천,0)스포츠의학부
인천대학교_국립_,인천,5스포츠과학부
인천대학교_국립_,인천,4공연예술학과
인천대학교_국립_,인천,서해5도출신자(공연예술학과
인천대학교_국립_,인천,최저점)수시조형예술학부한국화전공
인천대학교_국립_,인천,최저점)수시정시수시정시스포츠과학부
인천대학교_국립_,인천,180)스포츠의학부
인천대학교_국립_,인천,최저점)수시정시공연예술학과
인하대학교,인천,대학모집단위신입학모집인원계열공과대학기계공학과적정인원(건축학전공은1학기만모집)자연항공우주공학과조선해양공학과산업경영공학과화학공학과고분자공학과신소재공학과사회인프라공학과환경공학과공간정보공학과건축학부건축공학전공건축학전공(5년제)에너지자원공학과전기전자공학부반도체시스템공학과이차전지융합학과바이오시스템융합학부생명공학과자연생명과학과첨단바이오의약학과바이오식품공학과소프트웨어융합대학인공지능공학과자연데이터사이언스학과스마트모빌리티공학과디자인테크놀로지학과컴퓨터공학과자연과학대학수학과자연통계학과물리학과화학과해양과학과식품영양학과경영대학경영학부경영학과인문파이낸스경영학과아태물류학부국제통상학과사회과학대학행정학과인문정치외교학과미디어커뮤니케이션학과경제학과소비자학과아동심리학과사회복지학과-2-대학모집단위신입학모집인원계열문과대학한국어문학과적정인원(간호학과는1학기만모집)인문사학과철학과중국학과일본언어문화학과영미유럽인문융합학부문화콘텐츠문화경영학과간호대학간호학과(1학기만모집)자연예술체육대학조형예술학과
인하대학교,인천,스포츠과학과
인하대학교,인천,체능(지원모집단위활동실적제출필수)사범대학체육교육과(1학기만모집)3명(체육교육과는1학기만모집)국제학부IBT학과
인하대학교,인천,자유작품목록및설명서조형예술학의류디자인학디자인테크놀로지학과
전남대학교_국립,,경영대학을제외한모집단위의수능최저학력기준7등급이내로통합유형화(수산생명의학과
전남대학교_국립,,예술대학(미술학과이론전공
전남대학교_국립,,1)사범대학체육교육과와예술대학음악학과(피아노전공
전남대학교_국립,,과탐)평균반영2)사범대학체육교육과와예술대학음악학과(피아노전공
전남대학교_국립,,52251950음악교육과2402342282222161981801560체육교육과1601561521481441321201040미술학과(이론전공
전남대학교_국립,,체육교육과는수시모집미충원인원발생시모집252)예술대학(음악학과
전남대학교_국립,,군별모집단위선발현황단과대학정시가군정시나군정시다군간호대학간호학과(지역인재포함)--경영대학경영학부경제학부-공과대학건축학부
전남대학교_국립,,산업공학과
전남대학교_국립,,지리학과-생활과학대학생활복지학과
전남대학교_국립,,수산생명의학과해양수산광역수의과대학-수의예과-약학대학-약학부(지역인재포함)-예술대학-음악학과(피아노전공
전남대학교_국립,,산업기술융합공학과
전남대학교_국립,,문화관광경영학과
전남대학교_국립,,스마트수산자원관리학과기관시스템공학과조선해양공학과예술대학음악학과(성악전공
전남대학교_국립,,경영대학경영학부
전남대학교_국립,,심리학과
전남대학교_국립,,생활대학생활복지학과
전남대학교_국립,,예술대학음악학과(피아노전공
전남대학교_국립,,간호학과자연881220200245820103088088간호대학계88122020002400005820100000030880000000088경영대학경영학부
전남대학교_국립,,경영학전공
전남대학교_국립,,4711102경영대학계2918458046073000225500016000662913900001628319공과대학건축학부
전남대학교_국립,,4460산업공학과
전남대학교_국립,,1141산업기술융합공학과(야간)111011051516공학대학계327188660000064000318000000993271401050424351농업생명과학대학응용식물학과
전남대학교_국립,,23534전공예약(멀티미디어전공)1515015015전공예약(전자산거래전공)1515015015문화관광경영학과
전남대학교_국립,,1116음악교육과예체능2012128820020체육교육과232323023023특수교육학부(유아특수교육전공
전남대학교_국립,,생활복지학과
전남대학교_국립,,제약학전공)자연6092526429918605565약학대학계6092520006000042000990018600050000565예술대학음악학과(피아노전공)예능18999918018음악학과(성악전공)151515015015음악학과(작곡전공)8880808소계410000000000323200000909410000000041음악학과(바이올린)예능5550505음악학과(비올라)2220202음악학과(첼로)2220202음악학과(콘트라베이스)1110101음악학과(플루트)1110101음악학과(오보에)1110101음악학과(클라리넷또는색소폰)2220202음악학과(바순)1110101음악학과(호른)1110101음악학과(트럼펫)1110101음악학과(트롬본또는튜바)1110101음악학과(타악기)1110101관현악전공소계190000000000191900000000190000000019음악학과계600000000000515100000909600000000060국악학과(국악성악전공
전남대학교_국립,,디자인학과계300000000000303000000000300000000030예술대학계170110000000001501610000090917000000000170의과대학의학과
전북대학교_국립,,자연과학계열1(스포츠과학과
전북대학교_국립,,시각예술)88미술학과
전북대학교_국립,,공공미술)77미술학과(가구조형디자인)77산업디자인학과(제품디자인)1717산업디자인학과(시각영상디자인)1717음악과(멀티미디어작곡)44음악과(성악)55음악과(피아노)77음악과(관악)33음악과(현악)66한국음악학과
전북대학교_국립,,아프리카학과)1211216국제학부1811121인문대학155----17850--9-------187-5---76----399자연과학계열12410117524376237190자연과학계열1(스포츠과학과
전북대학교_국립,,특성화고졸재직자만학도(정원외)만학도(정원내)일반학생(수능)지역인재2유형(전북)(수능)일반학생(수능)지역인재2유형(전북)(수능)일반학생(예체능-실기)본부국제이공학부82111본부융합자율전공학부13535326135본부융합자율전공학부22109526본부이차전지공학과4911630본부첨단방위산업학과484420본부한옥학과
전북대학교_국립,,모집단위별학부(과)명모집단위명대학학부(과)명간호학과간호대학간호학과경상계열경상대학경영학과
전북대학교_국립,,산업정보시스템공학과
전북대학교_국립,,생물산업기계공학과
전북대학교_국립,,영어교육과체육교육과체육교육과사회과학계열사회과학대학사회복지학과
전북대학교_국립,,심리학과
전북대학교_국립,,주거환경학과약학과약학대학약학과-9-모집단위명대학학부(과)명무용학과예술대학무용학과미술학과미술학과산업디자인학과산업디자인학과음악과음악과한국음악학과한국음악학과의예과의과대학의예과인문계열인문대학고고문화인류학과
전북대학교_국립,,스포츠과학과자연과학계열2물리학과
전북대학교_국립,,생태조경디자인학과융합자율전공학부2본부(특성화캠퍼스)융합자율전공학부2국제이공학부본부국제이공학부융합자율전공학부1융합자율전공학부1이차전지공학과이차전지공학과첨단방위산업학과첨단방위산업학과한옥학과본부(고창캠퍼스)한옥학과
전북대학교_국립,,예술대학-무용학과
전북대학교_국립,,산업디자인학과
전북대학교_국립,,첨단방위산업학과
전북대학교_국립,,자연과학대학-자연과학계열1(스포츠과학과
전북대학교_국립,,400점-100점500점자연과학계열1(스포츠과학과)1배수350점-150점500점무용학과
전북대학교_국립,,미술학과산업디자인학과
전북대학교_국립,,자연과학계열1스포츠과학과
전북대학교_국립,,필수응시탐구영역반영시상위1과목반영공학계열1공학계열2농업생명과학계열스마트팜학과자연과학계열1자연과학계열2국제이공학부이차전지공학과첨단방위산업학과
전북대학교_국립,,공학계열1공학계열2농업생명과학계열스마트팜학과약학과의예과자연과학계열2치의예과국제이공학부이차전지공학과첨단방위산업학과
전북대학교_국립,,간호학과수의예과자연과학계열1(스포츠과학과
전북대학교_국립,,등급별변환점수적용구분1등급2등급3등급4등급5등급6등급7등급8등급9등급변환점수400점360점320점280점240점200점160점80점0점-자연과학대학자연과학계열1(스포츠과학과
전북대학교_국립,,-공학계열1공학계열2농업생명과학계열스마트팜학과약학과의예과자연과학계열2치의예과국제이공학부이차전지공학과첨단방위산업학과
전북대학교_국립,,-간호학과수의예과자연과학계열1(스포츠과학과
전북대학교_국립,,-자연과학계열1(스포츠과학과
전북대학교_국립,,공공미술소조(인물두상)가구조형디자인기초디자인(켄트지4절)산업디자인학과
전북대학교_국립,,정악(평조회상또는향제줄풍류중1곡)자연과학계열1(스포츠과학과
전주대학교,전북,공연예술학과
전주대학교,전북,산업디자인학과
전주대학교,전북,생활체육학과
전주대학교,전북,태권도학과
전주대학교,전북,포함))-생활체육학과
전주대학교,전북,운동처방학과
전주대학교,전북,만화적상황표현실기생활체육학과
전주대학교,전북,)태권도학과
전주대학교,전북,240분)공연예술학과
전주대학교,전북,실적(특기자전형)운동처방학과
전주대학교,전북,000점해당없음생활체육학과축구학과태권도학과
전주대학교,전북,실적(일반학생전형)생활체육학과
전주대학교,전북,실적일반학생사회통합기회균형선발일반학생달란트미래인재지역인재1지역인재2재직자농어촌학생특성화고졸업자장애인등대상자일반학생특기자정원내정원외정원내정원외정원내수퍼스타칼리지인문사회자유전공학부19715240반려동물산업학부자연과학동물보건학과61282명이내2751명이내펫산업학과인문콘텐츠대학인문사회영어영문학과교직156333명이내3530303명이내모집일본언어문화학과교직중국어중국학과역사콘텐츠학과예체능웹툰만화콘텐츠학과25인문사회한국어문학과교직사회과학대학인문사회경찰학과2843612명이내272명이내문헌정보학과교직2112명이내172명이내법학과교직812명이내342명이내사회복지학과3113명이내172명이내상담심리학과교직2012명이내282명이내2명이내모집행정학과92명이내252명이내모집경영대학인문사회경영학과247583명이내7950403명이내2명이내모집물류무역학과회계세무학과IT금융학과금융보험학과부동산국토정보학과의과학대학보건간호학과교직(간호학교육인증평가)1013011명이내12103031명이내물리치료학과401613명이내5553명이내방사선학과391213명이내8553명이내보건관리학과(보건교육인증평가)401313명이내2233명이내작업치료학과401813명이내10553명이내자연과학식품영양학과108252명이내192명이내2명이내예체능운동처방학과152명이내102명이내4자연과학재활학과182명이내142명이내모집공과대학공학건축공학과40112명이내2352명이내2명이내건축학과(5년제)건축학교육인증401913명이내193명이내토목환경공학과ABEEK2982명이내202명이내기계공학과252명이내242명이내2명이내기계자동차공학과292명이내282명이내2명이내소방안전공학과44173명이내1653명이내신소재화학공학과222명이내212명이내전기전자공학과ABEEK38202명이내1252명이내2명이내정보통신공학과
전주대학교,전북,실적일반학생사회통합기회균형선발일반학생달란트미래인재지역인재1지역인재2재직자농어촌학생특성화고졸업자장애인등대상자일반학생특기자정원내정원외정원내정원외정원내소프트웨어융합대학공학데이터사이언스학과14992명이내152명이내2명이내스마트미디어학과103명이내272명이내1명이내모집인공지능학과112명이내202명이내2명이내컴퓨터공학과202명이내2852명이내모집문화융합대학공학게임콘텐츠학과173203명이내2653명이내모집예체능산업디자인학과82명이내132명이내5공연예술학과1910영화방송학과183명이내153명이내예술심리치료학과103명이내1453명이내시각디자인학과35243명이내3명이내모집10생활체육학과405248축구학과355218태권도학과402명이내2명이내2415문화관광대학인문사회관광경영학과214102명이내2052명이내2명이내외식산업조리학과252명이내1453명이내3명이내자연과학패션산업학과203명이내1253명이내한식조리학과교직302명이내1852명이내2명이내인문사회호텔경영학과122명이내2252명이내사범대학자연과학가정교육과30121명이내172명이내과학교육과물리교육30121명이내171명이내모집화학교육인문사회국어교육과30141명이내152명이내자연과학수학교육과31141명이내162명이내인문사회영어교육과3081명이내1552명이내중등특수교육과30121명이내161명이내모집한문교육과20411명이내1132명이내미래융합대학자연과학농식품경영학과99인문사회창업경영금융학과1111미네르바학부기술경영공학1515문화콘텐츠자연과학반려동식물학과77공학친환경자동차학과77인문사회로컬벤처학부
전주대학교,전북,경영대학은학과
전주대학교,전북,실적학생부교과학생부교과일반학생농어촌학생특성화고졸업자기회균형선발일반학생농어촌학생특성화고졸업자기회균형선발일반학생일반학생일반학생지역인재2재직자농어촌학생특성화고졸업자기회균형선발정원내정원외정원내정원외정원내정원외수퍼스타칼리지인문사회자유전공학부5반려동물산업학부자연과학동물보건학과1모집모집펫산업학과인문콘텐츠대학인문사회역사콘텐츠학과3모집모집영어영문학과교직일본언어문화학과교직중국어중국학과한국어문학과교직예체능웹툰만화콘텐츠학과사회과학대학인문사회경찰학과6모집모집문헌정보학과교직법학과교직사회복지학과상담심리학과교직행정학과경영대학인문사회경영학과20모집모집모집금융보험학과물류무역학과부동산국토정보학과회계세무학과IT금융학과의과학대학보건간호학과교직(간호학교육인증평가)15모집모집모집물리치료학과8모집모집방사선학과8모집모집보건관리학과(보건교육인증평가)1모집모집작업치료학과1모집모집자연과학식품영양학과3모집모집재활학과예체능운동처방학과공과대학공학건축공학과1모집모집모집건축학과(5년제)건축학교육인증1모집모집토목환경공학과ABEEK1모집모집기계공학과1모집모집모집기계자동차공학과1모집모집모집소방안전공학과6모집모집신소재화학공학과1모집모집전기전자공학과ABEEK1모집모집모집정보통신공학과
전주대학교,전북,반려동물산업학부신입생은1학년1학기말에전공결정기준에따라학과
전주대학교,전북,반려동물산업학부
전주대학교,전북,실적학생부교과학생부교과일반학생농어촌학생특성화고교졸업자기회균형선발일반학생농어촌학생특성화고교졸업자기회균형선발일반학생일반학생일반학생지역인재2재직자농어촌학생특성화고교졸업자기회균형선발정원내정원외정원내정원외정원내정원외소프트웨어융합대학공학데이터사이언스학과4모집모집스마트미디어학과인공지능학과컴퓨터공학과문화융합대학공학게임콘텐츠학과5모집모집예체능산업디자인학과공연예술학과영화방송학과예술심리치료학과시각디자인학과1모집모집생활체육학과3축구학과1태권도학과1문화관광대학인문사회관광경영학과6모집모집외식산업조리학과자연과학패션산업학과한식조리학과교직인문사회호텔경영학과사범대학자연과학가정교육과1모집모집과학교육과물리교육1모집모집화학교육인문사회국어교육과1모집모집자연과학수학교육과1모집모집인문사회영어교육과2모집모집중등특수교육과2모집모집한문교육과1모집모집미래융합대학자연과학농식품경영학과모집인문사회창업경영금융학과모집미네르바학부기술경영공학모집문화콘텐츠자연과학반려동식물학과모집인문사회로컬벤처학부힐링레저모집로컬비즈니스부동산투자관리공학친환경자동차학과
전주대학교,전북,창업경영금융학과
제주대학교_국립,,스포츠과학과
제주대학교_국립,,실적계학생부종합나군다군계정원내소계정원내정원외소계정원내소계정원외소계정원내정원외일반학생지역인재지역인재고른기회지역의사일반학생지역인재지역의사사회통합고른기회농어촌학생특성화고졸업자특수교육대상자일반학생체육특기자평생학습자재직자일반학생지역인재지역의사일반학생1유형2유형진료권광역권진료권광역권제주시서귀포시광역권제주시서귀포시인문대학인문사회국어국문학과289615311218238831약간약간영어영문학과2841014212117219930약간약간독일학과269514411118226628약간약간일어일문학과2810616211217238831약간약간중어중문학과285914212218229931약간약간사학과299716211116229931약간약간사회학과2810515311117228830약간약간철학과237411311218197726약간약간사회과학대학인문사회행정학과49101727413111037141451약간정치외교학과3111516411118249933약간약간언론홍보학과31115164113110269935약간약간경제학과308614311211923111134약간약간(야)행정학과1844224812556623약간경상대학인문사회경영학과441616224131211234151549약간약간관광경영학과48-1815234132211336161652약간약간회계학과47716235131111235151550약간약간무역학과298614311211923101033약간약간관광개발학과2967133122111023101033약간약간경영정보학과26751241121110228830약간약간(야)경영학과
제주대학교_국립,,실적계학생부종합나군다군계정원내소계정원내정원외소계정원내소계정원외소계정원내정원외일반학생지역인재지역인재고른기회지역의사일반학생지역인재지역의사사회통합고른기회농어촌학생특성화고졸업자특수교육대상자일반학생체육특기자평생학습자재직자일반학생지역인재지역의사일반학생1유형2유형진료권광역권진료권광역권제주시서귀포시광역권제주시서귀포시사회교육과132243216104414지리교육과132243317113314윤리교육과13235516113314자연수학교육과182574217145519과학교육학부0물리교육전공132244318122214생물교육전공132243216104414컴퓨터교육과1532542118134417예체능체육교육과13333367713생명자원과학대학자연스마트팜학부식물자원환경전공21661221126186624약간약간원예과학전공22549411219187725약간약간생명공학부571812306134111646171763약간약간바아오소재전공분자생명공학전공동물생명공학전공바이오메디컬정보학과3510919511119289937약간약간인문사회산업응용경제학과2274112112118197726약간약간해양과학대학자연해양산업경찰학과28851341121110239932약간약간해양생명과학과24184123111118208828약간약간지구해양과학과249413211217207727약간약간수산생명의학과31115164111119259934약간약간공학환경공학과2895143111118229931약간약간해양시스템공학과248513211116197726약간약간자연과학자연물리학과
제주대학교_국립,,실적계학생부종합나군다군계정원내소계정원내정원외소계정원내소계정원외소계정원내정원외일반학생지역인재지역인재고른기회지역의사일반학생지역인재지역의사사회통합고른기회농어촌학생특성화고졸업자특수교육대상자일반학생체육특기자평생학습자재직자일반학생지역인재지역의사일반학생1유형2유형진료권광역권진료권광역권제주시서귀포시광역권제주시서귀포시대학생물학과
제주대학교_국립,,코스메틱스학과267714211116208828약간약간식품영양학과28105152111117229931약간약간수학과2810414311117219930약간약간생활환경복지학과28104143112119239932약간약간데이터사이언스학과4181220711111131121243약간약간패션의류학과28941341121110239932약간약간예체능스포츠과학과30778815151530공과대학공학식품생명공학과248513211116197726약간약간기계시스템공학과53199284224211543171760약간약간통신공학과306915213219249933약간약간전기공학과2887152111117229931약간약간원자력공학과25671322217208828약간약간전자공학과28151015322119249933약간약간화공그린에너지학과2275122111117196625약간약간컴퓨터공학과31168145121111125101035약간약간인공지능학과3519112041111828101038약간약간건축공학과1964102111117175522약간약간건축학과19448212117156621약간약간토목공학과3096154111119249933약간약간의과대학자연의예과75117297642325471165332875교육대학인문사회초등교육학부114294271943218893030119수의과대학자연수의예과40101424231630111141간호대학자연간호학과
제주대학교_국립,,실적계학생부종합나군다군계정원내소계정원내정원외소계정원내소계정원외소계정원내정원외일반학생지역인재지역인재고른기회지역의사일반학생지역인재지역의사사회통합고른기회농어촌학생특성화고졸업자특수교육대상자일반학생체육특기자평생학습자재직자일반학생지역인재지역의사일반학생1유형2유형진료권광역권진료권광역권제주시서귀포시광역권제주시서귀포시예술디자인대학예체능음악학부작곡전공
제주대학교_국립,,현악전공1313131313미술학과271919198827디자인학부공업디자인전공146668814문화공예디자인전공159996615시각영상디자인전공157778815미래융합대학자연건강뷰티향장학과10101010871525인문사회관광융복합학과10101010871525부동산관리학과1010101016153141실버케어복지학과10101010871525약학대학자연약학과30351967316258833글로벌노마드대학공통글로벌자율학부
제주대학교_국립,,(야)경영학과
제주대학교_국립,,(체육교육과)육상(트랙
제주대학교_국립,,(스포츠과학과
제주대학교_국립,,000점스포츠과학과
제주대학교_국립,,)스포츠과학과
제주대학교_국립,,고등학교졸업(검정고시출신자는성적증명서상의과목최종합격일)후원서접수마감일기준만6개월이상산업체근무자로서계속근무하고있는자-야간모집단위((야)행정학과
제주대학교_국립,,과학스포츠과학과
조선대학교[광주]_2027 수시,,체육대학(스포츠산업학과
조선대학교[광주]_2027 수시,,체육대학(태권도학과
조선대학교[광주]_2027 수시,,스포츠산업학과
조선대학교[광주]_2027 수시,,산업공학과라이프케어442명중국어문화학과
조선대학교[광주]_2027 수시,,상담심리학과
조선대학교[광주]_2027 수시,,체육학과
조선대학교[광주]_2027 수시,,태권도학과자유전공
조선대학교[광주]_2027 수시,,경상)76명경영학부
조선대학교[광주]_2027 수시,,사회복지학부
조선대학교[광주]_2027 수시,,산업공학과
조선대학교[광주]_2027 수시,,공연예술무용과745283121493814221201785012844236478작업치료학과4012221662026040242공과대학자유전공(공학)7024213149418123070272토목공학과56225242359185320561167건축공학과
조선대학교[광주]_2027 수시,,애니메이션학과3600363636036체육대학스포츠산업학과3644811423131336440태권도학과
조선대학교[광주]_2027 수시,,경상)7626204252521127076379경영학부22711745985184551662022719246경제학과1205219532815394401205125무역학과813313325153035081586법사회대학법학과9039175667920332090999공공인재법무학과
조선대학교[광주]_2027 수시,,사회복지학부72행정학전공사회복지학전공159715379325460721183정치외교학과4923102113731114049251미디어커뮤니케이션학과4513621123519428045651군사학과3030300030030사범대학국어교육과351616415221035237영어교육과351616415221035237특수교육과30111141519030030수학교육과271212411217027229물리교육과2064104610020020화학교육과20961555020020생물교육과2111114610021021지구과학교육과2010104610020020음악교육과2700272727027교육학과22888614022022의과대학의예과14417681931076621401192121치과대학치의예과8074325266113064165약학대학약학과75123424866416060464간호대학간호학과2323070610616601187018211193자유전공학부자유전공학부1003223411614374101002102미래사회융합학부미래사회융합학부
조선대학교[광주]_2027 수시,,조선과산업공학과
조선대학교[광주]_2027 수시,,경영학과
조선대학교[광주]_2027 수시,,산업디자인과토목공학과
조선대학교[광주]_2027 수시,,컴퓨터응용과경영학부
조선대학교[광주]_2027 수시,,경영학부
조선대학교[광주]_2027 수시,,체육대학자유전공
조선대학교[광주]_2027 수시,,체육대학의과대학의예과치과대학치의예과약학대학약학과자유전공학부자유전공학부
조선대학교[광주]_2027 수시,,상황표현중선택1체육대학스포츠산업학과11일반실기2테니스태권도학과
조선대학교[광주]_2027 수시,,단과대학모집단위종목구분평가항목및방법배점체육대학스포츠산업학과
조선대학교[광주]_2027 수시,,25(35)체육대학스포츠산업학과
조선대학교[광주]_2027 수시,,단과대학모집단위종목구분평가항목및방법배점체육대학태권도학과
조선대학교[광주]_2027 수시,,골키퍼(1)하키(남)7-핸드볼(남)6-배드민턴(여)2-양궁(남)3-체육대학태권도학과
조선대학교[광주]_2027 수시,,이상출전한자체육대학태권도학과
조선대학교[광주]_2027 수시,,국가대표(후보선수)증명서또는청소년대표증명서체육대학태권도학과
조선대학교[광주]_2027 수시,,항에해당하는자체육대학태권도학과
조선대학교[광주]_2027 수시,,특기자실기고사(태권도학과
조선대학교[광주]_2027 수시,,4상담심리학과
조선대학교[광주]_2027 수시,,43행정복지학부
조선대학교[광주]_2027 수시,,92경영학부
조선대학교[광주]_2027 수시,,84모집단위모집인원경쟁률추가번호내신평균산업공학과
조선대학교[광주]_2027 수시,,15스포츠산업학과
조선대학교[광주]_2027 수시,,6행정복지학부
조선대학교[광주]_2027 수시,,63경영학부
조선대학교[광주]_2027 수시,,02상담심리학과
조선대학교[광주]_2027 수시,,86행정복지학부
조선대학교[광주]_2027 수시,,61경영학부
조선대학교[광주]_2027 수시,,77행정복지학부
조선대학교[광주]_2027 수시,,25경영학부
조선대학교[광주]_2027 수시,,82산업공학과
조선대학교[광주]_2027 수시,,38행정복지학부
조선대학교[광주]_2027 수시,,1775경영학부
조선대학교[광주]_2027 수시,,63모집단위모집인원경쟁률추가번호내신평균경영학부
조선대학교[광주]_2027 수시,,39스포츠산업학과
조선대학교[광주]_2027 수시,,06상담심리학과
조선대학교[광주]_2027 수시,,36경영학부
조선대학교[광주]_2027 수시,,43체육학과
조선대학교[광주]_2027 수시,,85스포츠산업학과
조선대학교[광주]_2027 수시,,16행정복지학부
조선대학교[광주]_2027 수시,,74경영학부
조선대학교[광주]_2027 수시,,56스포츠산업학과
조선대학교[광주]_2027 수시,,7체육학과
조선대학교[광주]_2027 수시,,21스포츠산업학과
조선대학교[광주]_2027 수시,,2태권도학과
조선대학교[광주]_2027 수시,,13모집단위모집인원경쟁률추가번호내신평균체육학과
조선대학교[광주]_2027 수시,,29태권도학과
조선대학교[광주]_2027 수시,,행정복지학부
조선대학교[광주]_2027 수시,,사회복지학부(행정학전공)393일반사회정치외교학과543일반사회경영학부25210상업경제학과1338일반사회건축공학과552건설건축학과(5년제)362건설기계공학과22018기계생명화학공학과705화공신소재공학과855재료전기공학과806전기전자공학과
조선대학교[광주]_2027 수시,,SW학부(정보통신공학전공)745통신간호학과805보건교사(2급)-체육학과10010중등학교정교사(2급)체육공연예술무용과212체육미술학부(서양화전공)222미술미술학부(한국화전공)151미술문화콘텐츠학부
조선대학교[광주]_2027 수시,,4의과대학062-230-6394치과대학062-230-6866약학대학062-230-6363체육대학062-230-7404미술대학062-230-7802자유전공학부
조선대학교,광주,피아노자유곡1곡태권도학과
조선대학교,광주,필라테스중택1)-댄스스포츠를선택한지원자는파트너없이혼자서연출체육학과
조선대학교,광주,Z자달리기스포츠산업학과
조선대학교,광주,전형총점은선택과목가산점적용으로총점을초과할수있음2지원자격고등학교졸업(예정)자또는법령에의하여고등학교졸업자와동등이상의학력이있다고인정된자로서아래의자격요건중하나에해당하는자(경기실적은원서접수마감일까지의기준실적만인정함)모집단위지원자격비고체육학과
조선대학교,광주,육상태권도학과
조선대학교,광주,참조3입상실적반영방법모집단위실기고사실적평가기준ABCDEF체육학과태권도학과
조선대학교,광주,202컴퓨터통계학과2514390039039002025207반도체화학과102413555039140생명과학과20151361010045146의생명과학부27151431212054155융합수리과학부9162270025227식품영양학과461823236204300467530046753인문경찰행정학과406396254350404440040444상담심리학과38532106242320384420038442자연언어치료학과2982106152230294330029433작업치료학과401222218618240402420040242소방재난관리학과
조선대학교,광주,실적소계수시합계수능가군수능나군교과정시합계정원내정원외합계정원내정원외정원내정원외정원내정원내일반군사학과지역인재지역의사선발지역기회균형사회통합평생학습특성화고재직자기초생활면접서류농어촌장애인등실기특기자정원내정원외합계일반지역인재지역기회균형군사학과실기일반평생학습법사회대학인문법학과99391810673102243609910109009910109공공인재법무학과4015922614140400400040040행정복지학부79행정학전공사회복지학전공1610853910356152079129100791291정치외교학과54241221394121170542560054256미디어커뮤니케이션학과49147212462041310496550049655군사학과30303000300300030030경상대학인문경영학부25213050108520365662700252212730025221273경제학과13315822532906434901345139001345139무역학과9035163256633390905950090595공과대학자연토목공학과62237242381020535062117300621173건축공학과
조선대학교,광주,551753323010204340559640055964건축학과(5년제)361251266390314356637441기계공학과220110444531664586202208228002208228항공우주공학과42192313310100430430043043선박해양공학과3471612410100340340034034생명화학공학과70113262324630300715760071576신소재공학과852336316326260854890085489산업공학과
조선대학교,광주,애니메이션학과39003939390390039039체육대학체능체육학과1002210156312550751008108001008108스포츠산업학과40558124241515404440040444태권도학과400314261440404440040444공연예술무용과21002121210210021021자유전공학부-자유전공학부1404532618465136001404144001404144미래사회융합대학인문미래융합학부
중부대학교,충남,한부모경찰행정학전공80807204451(5)이내(4)이내(5)이내300080경찰경호학전공50503726310(5)이내(5)이내10050항공운항서비스학전공3029235(3)이내(3)이내(3)이내100029간호학과132132231051403(3)이내(3)이내500132물리치료학과383884203(3)이내(3)이내(3)이내300038응급구조학과2020172120작업치료학과2020172120반려동물사육학전공4040311232(4)이내(4)이내(4)이내100040스포츠재활복지학전공23236133123스포츠건강관리학전공25256126125스마트팜학과55505자유전공학부
중부대학교,충남,한부모공공안전학전공30306320130경영학전공4343103271(4)이내(4)이내(4)이내(3)이내200043국제통상학전공404010424(4)이내(4)이내(4)이내(3)이내200040미디어커뮤니케이션학전공474715526(4)이내(4)이내(3)이내10047문헌정보학전공2020613(2)이내(2)이내10020항공서비스학전공70691652(5)이내(5)이내(5)이내100069자율설계학부1871871020139171187동물보건학과303010415(3)이내(3)이내(3)이내100030유아교육과40401028(2)이내(1)이내2040특수교육과유아특수교육2020614(1)이내(1)이내0020초등특수교육2020614(1)이내(1)이내0020중등특수교육2020614(1)이내(1)이내0020특수체육교육과202018(1)이내2020건축학전공40405330(4)이내(4)이내(4)이내(3)이내200040토목공학전공40405330(4)이내(4)이내(4)이내(3)이내200040게임소프트웨어전공40409326(4)이내(4)이내(4)이내(3)이내200040정보보호학전공404053291(4)이내(4)이내(4)이내(3)이내200040인공지능전공3030424(3)이내(3)이내(3)이내(3)이내200030전기전자공학전공404063271(4)이내(4)이내(4)이내(3)이내300040스마트모빌리티공학전공40405330(4)이내(4)이내(4)이내(3)이내200040산업디자인학전공404038240만화애니메이션학전공555553(5)이내2055사진영상학전공40401720(4)이내(4)이내(4)이내(3)이내300040연극영화학전공
중부대학교,충남,방어기술스포츠재활복지학전공스포츠건강관리학전공
중부대학교,충남,윗몸일으키기산업디자인학전공
중부대학교,충남,호텔관광경영학전공
중부대학교,충남,글로벌산업디자인학전공
중부대학교,충남,글로벌경영학전공
중앙대학교,서울,경영경제대학(산업보안학과
중앙대학교,서울,스포츠과학부60--40공연영상창작학부
중앙대학교,서울,전통예술학부
중앙대학교,서울,적십자간호대학A40301010B2540205경영경제대학(산업보안학과
중앙대학교,서울,예술공학대학A3040515B25351020수능(수능89-전공
중앙대학교,서울,스포츠과학부
중앙대학교,서울,심리학과
중앙대학교,서울,사회복지학부
중앙대학교,서울,체육교육과14014011151경영경제대학경영학부(경영학전공
중앙대학교,서울,산업보안학과
중앙대학교,서울,지식경영학부
중앙대학교,서울,시스템생명공학과다빈치3253302332예술공학대학예술공학부131133-133예술대학공연영상창작학부(연극전공
중앙대학교,서울,산업디자인전공
중앙대학교,서울,관현악전공)8686-86전통예술학부(음악예술전공
중앙대학교,서울,연희예술전공)7576-76글로벌예술학부(TV방송연예전공
중앙대학교,서울,애니메이션전공)1313-13체육대학스포츠과학부
중앙대학교,서울,레저스포츠전공
중앙대학교,서울,스포츠산업전공
중앙대학교,서울,골프전공
중앙대학교,서울,서울416가2525정치국제학과44106642O4426나104216심리학과486652O8431나14216문헌정보학과34672O823가8210사회복지학부48867222O835나10212사회학과
중앙대학교,서울,서울715나5252경제학부12111141386253O10566가27105244응용통계학과3767O619가11314광고홍보학부(광고홍보학)4767522O628나12214국제물류학과4465522O626나11213산업보안학과(인문)1364O10산업보안학과(자연)3168O620나11718경영학부경영학374643362516286O3418188다199785219글로벌금융4828842O628나212225지식경영학부
중앙대학교,서울,다빈치325나6565생명자원공학부동물생명공학66121176O541가1515식물생명공학6012765O636나1212식품공학부식품공학891312106O748가2424식품영양학50106105O31나1010시스템생명공학과601210842O36가1414예술공학예술공학부
중앙대학교,서울,실적기회균형합계교과종합수능종합중고교과정지역균형탐구하는학종(Core)모두의학종(All)최저있는학종(Up)어울림기회균형모두의논술재학생논술실기특기수능89수능67계약정원실기실기특성화고교졸업자농어촌학생수급자및차상위특성화고졸재직자농어촌학생수급자및차상위장애인등대상자1)특성화고졸재직자예술공연영상창작학부연극(연출)서울9612나1212연극(연기)2624226나O연극(뮤지컬)888나O영화3088나2222공간연출204711나99공연영상창작학부문예창작다빈치11736919432가44사진472424나2323무용343434가O미술학부한국화75251313가1212서양화251010가1515조소251313가1212디자인학부공예1683044가62026산업디자인3355가82028시각디자인3366가72027실내환경디자인277O7가101020패션4510O10가231235음악학부작곡861499나55성악2066나1414피아노201212나88관현악322525나77전통예술학부음악예술75403939가2O2연희예술353535가O글로벌예술학부13131313나O체육스포츠과학부
중앙대학교,서울,경영학부(경영학)다빈치예술공학부4서울유럽문화학부
중앙대학교,서울,경영학부
중앙대학교,서울,모집단위별1단계선발배수배수캠퍼스모집단위3서울간호학과다빈치예술공학부
중앙대학교,서울,경영학부(경영학)다빈치생명자원공학부
중앙대학교,서울,시각디자인)1단계(20배수)7525-2단계15580글로벌예술학부(TV방송연예)1단계(7배수)--100(비대면실기)2단계101080공연영상창작학부
중앙대학교,서울,글로벌예술학부
중앙대학교,서울,애니메이션)일괄합산101080스포츠과학부
중앙대학교,서울,타악지정곡전통예술학부
중앙대학교,서울,실적(실기)모집단위단계별실기고사과제전통예술학부
중앙대학교,서울,초견글로벌예술학부
중앙대학교,서울,애니메이션-이미지보드스포츠과학부
중앙대학교,서울,제출서류에대한실적평가-적성실기특기유형캠퍼스대학모집단위적성실기연기서울예술공연영상창작학부
중앙대학교,서울,전공전문성및이해도를확인할수있는질의응답체육(단체)체육스포츠과학부
중앙대학교,서울,예술대학(공연영상창작학부
중앙대학교,서울,예술공학대학A3040515B25351020전공
중앙대학교,서울,채용조건형계약정원으로산업보안학과
중앙대학교,서울,)한국사기업별모집경영경제대학(산업보안학과
중앙대학교,서울,)가군나군공연영상창작학부(문예창작)-7030디자인학부전체스포츠과학부
중앙대학교,서울,스포츠산업)6040-공연영상창작학부
중앙대학교,서울,비평적글쓰기1문항(서술)디자인학부전체대상과조건에의한기초디자인실기평가스포츠과학부
중앙대학교,서울,스포츠과학부(골프)전공
중앙대학교,서울,사회특기스포츠과학부
중원대학교,충북,교과60+면접40운동레저학부
중원대학교,충북,교과60+면접40글로벌항공서비스학과교과80+면접20스포츠과학과자율전공학부
중원대학교,충북,미시행보건복지학과뷰티메디컬학과항공운항학과기계항공우주공학과항공정비학과전기반도체컴퓨터공학부경찰행정학과드론봇군사학과
중원대학교,충북,학과별전형요소반영비율변경모집단위2026학년도2027학년도2028학년도운동레저학부
중원대학교,충북,교과15+면접20+서류65스포츠지도학과교과15+면접20+서류65스포츠산업학과골프과학과스포츠가라테학과스포츠과학과
중원대학교,충북,운동레저학부
중원대학교,충북,스포츠과학과
중원대학교,충북,스포츠지도학과
중원대학교,충북,스포츠산업학과
중원대학교,충북,골프과학과
중원대학교,충북,스포츠가라테학과
중원대학교,충북,간호학과작업치료학과임상병리학과보건복지학과뷰티메디컬학과바이오산업학과항공운항학과기계항공우주공학과항공정비학과전기반도체컴퓨터공학과스마트농산림학과종교문화학부경찰행정학과드론봇군사학과만화애니메이션학과스포츠산업학과자율전공학부
중원대학교,충북,간호학과글로벌항공비스학과운동레저학부스포츠과학과
중원대학교,충북,간호학과작업치료학과임상병리학과보건복지학과항공운항학과기계항공우주공학과스마트농산림학과드론봇군사학과
중원대학교,충북,만화애니메이션운동레저학부
중원대학교,충북,칸만화운동레저학부
중원대학교,충북,모집단위선발종목지원자격스포츠지도학과
중원대학교,충북,백마강배전국카누대회출전한자스포츠산업학과
중원대학교,충북,실적(체육우수인재)모집단위선발종목지원자격운동레저학부
중원대학교,충북,실적(체육우수인재)모집단위선발종목지원자격골프과학과
중원대학교,충북,국외고등학교졸업한선수중월드핸디캡시스템에서핸디캡30이상인자스포츠과학과
중원대학교,충북,대한펜싱협회선수등록이된자스포츠가라테학과
중원대학교,충북,스포츠지도학과스포츠산업학과운동레저학부골프과학과스포츠과학과스포츠가라테학과
중원대학교,충북,간호학과보건복지학과뷰티메디컬학과항공운항학과글로벌항공서비스학과항공정비학과경찰행정학과만화애니메이션학과스포츠산업학과자율전공학부
중원대학교,충북,(간호학과)(작업치료학과)임상병리학과(보건복지학과)(뷰티메디컬학과)(바이오산업학과)(항공운항학과)(글로벌항공서비스학과)(기계항공우주공학과)(항공정비학과)전기반도체컴퓨터공학과(스마트농산림학과)(종교문화학부)(경찰행정학과)(드론봇군사학과)(만화애니메이션학과)(스포츠지도학과)(스포츠산업학과)(운동레저학부)(골프과학과)(스포츠과학과)(스포츠가라테학과)자율전공학부
중원대학교,충북,(간호학과)(보건복지학과)(뷰티메디컬학과)(항공운항학과)(글로벌항공서비스학과)(항공정비학과)(경찰행정학과)(만화애니메이션학과)(스포츠산업학과)(자율전공학부
창신대학교,경남,명칭변경모집단위(학과)모집단위명모집인원학과특징AI융합경영학과30AI와경영의융합형교육특화학과방산AI융합학과30AI융합K-방위산업특화학과AI로봇산업학과
창신대학교,경남,예술계열20전공
창신대학교,경남,모집단위별모집인원대학모집단위입학정원수시모집정시자율총모집인원정원내정원외정원내정원외학생부교과전형학생부종합전형학생부교과전형수능전형교과전형일반교과CSU면접지역인재CSU종합농어촌학생기회균형일반학생만학도간호대학간호학과115552552012810135응급구조학과301910130물리치료학과25109344333스마트휴먼대학유아교육과25131225사회복지학과사회복지전공301910411044AI휴먼서비스전공사회복지학과(야)사회복지전공252525AI휴먼서비스전공식품영양학과식품영양전공35251035외식조리디저트전공스마트경영대학AI융합경영학과301514130글로벌비즈니스학과글로별경영전공301514130글로벌관광전공부동산경영학과(야)25121211035예술대학미용예술학과헤어메이크업전공351222135메디컬AI뷰티케어전공뮤직공연예술학과뮤직공연전공2571711035예술교육콘텐츠전공AI융합공과대학디지털도시건설학과첨단학과
창신대학교,경남,사회복지학과
창신대학교,경남,뮤직예술전공
창신대학교,경남,스마트경영전공
창원대학교_국립,경남,산업시스템공학과
창원대학교_국립,경남,체육학과
창원대학교_국립,경남,산업디자인학과
창원대학교_국립,경남,경영학과
창원대학교_국립,경남,기술경영학과
창원대학교_국립,경남,(1개4등급이내)산업시스템공학과
창원대학교_국립,경남,실적정원내소계정원외소계수시합계수능교과실기정시합계학업성적글로컬인재지역인재(교과)사회통합취업자평생학습자농어촌기회균형특수교육특성화고교특성화고졸재직자만학도계열적합인재지역인재예체능특기자가군다군취업자가군다군정원내정원외정원내정원내-본부사림아너스학부(자율전공학부)1347221311241241010134134인문사회자산경영빅데이터학과1313551310231323빅데이터창업비즈니스학과1010371010201020인문국어국문학과2491115519322552427영어영문학과2411114419221552426독어독문학과
창원대학교_국립,경남,1415인문계열자율전공학부2514822-22332525사회과학법학과3192217826329553134행정학과2482115619423552428국제관계학과2682217522325442629중국학과241221022224222426사회학과18711513114551819미디어커뮤니케이션학과1774415-15221717사회복지학과19824416218331921행정학과
창원대학교_국립,경남,1121사회계열자율전공학부31161026-26553131경영글로벌비즈니스학부381712117833437553842국제무역학과3419227329433553438경영학과411113112436541554146회계학과26162-1521324552629세무학과19101515116441920경영계열자율전공학부31161026-26553131글로컬첨단기술경영공학과
창원대학교_국립,경남,1111소계6252184675232810831812105138--542796214340--83625704자연자연과학통계학과26131821122552627의류학과21915519120222122식품영양학과2091-15519221222123간호학과3641161131132553637공과산업시스템공학과26121221821526552631스마트오션모빌리티공학과15811513215221517스마트그린공학부환경에너지공학전공26111111021324552629스마트그린공학부건설시스템공학전공2712211022325552730건축학부건축학전공21911716218552123건축학부건축공학전공155111511213441517컴퓨터공학과첨단57275121191052456555761정보통신공학과25102111020424552529전자공학과3116211026329553134재료금속공학과23141112219221442325첨단소재융합공학과188113314216441820메카융합공학과(야)1817717724111825공학계열자율전공학부3825934-34553939글로컬첨단과학기술이학융합학부138884114012861341010138144공학융합학부150851512203414081481010150158GAST-인공지능지능로봇융합공학과첨단45242121440343554548GAST-기계공학기계공학부스마트제조융합전공첨단4025118235237554042우주항공공학부
창원대학교_국립,경남,2425소계84022919855173283147-74215--743648074949199842906예체능자연과학체육학과
창원대학교_국립,경남,3232산업디자인학과
창원대학교_국립,경남,과학상위1과목)영역중1개영역4등급이내산업시스템공학과없음독어독문학과
창원대학교_국립,경남,기술경영공학과
창원대학교_국립,경남,경영계열자율전공학부
창원대학교_국립,경남,(체육학과
창원대학교_국립,경남,(산업디자인학과
창원대학교_국립,경남,000점산업디자인학과
창원대학교_국립,경남,000점체육학과
창원대학교_국립,경남,자산경영빅데이터학과
창원대학교_국립,경남,과학영역상위1과목)영역중1개영역4등급이내-산업시스템공학과
창원대학교_국립,경남,00030302020예체능계열체육학과백분위300353035산업디자인학과
창원대학교_국립,경남,이하인자(체육학과실기고사제외)는불합격처리함(2)체육학과
창원대학교_국립,경남,행정학과(야)취업자전형은정시모집일반전형및취업자전형으로이월(2)수시모집체육학과
창원대학교_국립,경남,지원자격이없는자및서류미제출자는불합격처리함(2)체육학과
청운대학교,충남,학생부교과지역-2828-학생부교과면접야간-()9494-정시수능위주일반-4040-실기실적위주실기-1515-학생부교과면접-00-전형방법변동없음학생부반영변동없음전형신설및폐지수시--수능최저수시--학과변동-실용음악과폐지()공간디자인학과폐지()뷰티웰니스학과명칭변경()미디어커머스학과명칭변경()지역비즈니스학과신설()농식품산업학과
청운대학교,충남,학생부실기면접학생부면접수능실기면접면접공연영상예술대학연극예술학과
청운대학교,충남,66675215공연기획경영학과2525250방송영화영상학과2525250미디어커뮤니케이션학과2525250호텔관광대학호텔조리베이커리경영학과
청운대학교,충남,858567180항공서비스경영학과3030300창의융합대학자율전공학부484833150스포츠과학과707045250보건복지간호대학간호학과929259285식품영양학과
청운대학교,충남,2525250사회복지학과2525250사회서비스대학사회복지상담학과야간()2020200청소년상담교육학과야간()1515150뷰티웰니스학과야간()1515150미디어커머스학과야간()1515150지역비즈니스학과야간()1414140농식품산업학과야간()1515150홍성합계6106112849788289451500자율전공학부는학년을마치고캠퍼스구분없이본인이원하는학과전공을선택할수있음단간호학과
청운대학교,충남,학생부실기면접학생부면접수능실기면접면접공과대학건축공학과25251843설비소방학과25251843토목환경공학과30302343전자공학과33332643컴퓨터공학과40403154멀티미디어학과35362943화학생명공학과27272043경영대학경영학과35352843무역물류학과30302343광고홍보학과32322543융합대학미래융합자율전공학부40413704인천합계3523542780410035000총계962964562961292894401500모집시기별계91055미래융합자율전공학부는학년을마치고캠퍼스구분없이본인이원하는학과전공을선택할수있음단간호학과
청운대학교,충남,다융합전공교육)구분과정명이수학점정의융합전공스포츠산업전공
청운대학교,충남,전공융합모듈전공비즈니스AI학점이상30스마트시티문화예술콘텐츠휴먼융합서비스연계전공교육복지상담연계전공문화예술교육연계전공
청운대학교,충남,연극예술학과-6항공서비스경영학과-3간호학과
청운대학교,충남,사회복지상담학과-7청소년상담교육학과-6뷰티웰니스학과-6미디어커머스학과-6지역비즈니스학과-7농식품산업학과-6수시미충원인원재직자특별전형7모집단위미지정7수시미충원인원조기취업형계약학과15호텔외식경영학과15부모모두외국인전형약간명-순수외국인약간명간호학과제외()연극예술학과
청운대학교,충남,항공서비스경영학과
청운대학교,충남,자율전공학부스포츠과학과
청운대학교,충남,400연극예술학과
청운대학교,충남,000스포츠과학과
청운대학교,충남,000청운인재호텔조리베이커리경영학과항공서비스경영학과자율전공학부스포츠과학과인천캠퍼스전학과
청운대학교,충남,000항공서비스경영학과
청운대학교,충남,900연극예술학과
청운대학교,충남,000청운인재항공서비스경영학과스포츠과학과
청운대학교,충남,)교과성적반영교과목수학생부면접고사실기고사합계학년1학년2학년3학기1교과출석수시일반일반학과38020400404020학기별과목씩3총과목반영15연극예술학과
청운대학교,충남,000404020학기별과목씩3총과목반영15청운인재호텔조리베이커리경영학과항공서비스경영학과자율전공학부스포츠과학과인천캠퍼스전학과38020400800404020학기별과목씩3총과목반영15지역인재모집학과38020400404020평생학습자1모집학과400400미반영농어촌학생일반학과38020400404020학기별과목씩3총과목반영15연극예술학과
청운대학교,충남,000404020항공서비스경영학과
청운대학교,충남,면접고사전형청운인재전형농어촌학생전형항공서비스경영학과
청운대학교,충남,21()()면접실시모집단위별유형및과제-모집시기모집단위유형및과제수시호텔조리베이커리경영학과자율전공학부인첨캠퍼스전학과
청운대학교,충남,스포츠과학과
청운대학교,충남,연극예술학과
청운대학교,충남,수시스포츠과학과
청운대학교,충남,)교과성적반영교과목수학생부면접고사실기고사수능합계학년1학년2학년3교과출석정시일반일반학과38020500900303040학기별과목씩총3과목반영18연극예술학과
청운대학교,충남,000청운인재항공서비스경영학과스포츠과학과38020400800303040학기별과목씩총3과목반영18평생학습자1사회서비스대학학과400400미반영농어촌학생모집학과38020400303040학기별과목씩총3과목반영18특성화고교졸업자모집학과
청주대학교,충북,생활체육학과
청주대학교,충북,스포츠재활학과
청주대학교,충북,산업디자인학과
청주대학교,충북,스포츠재활학과100----군사학과전형군사학과
청주대학교,충북,생활체육학과20--80-특기자전형생활체육학과
청주대학교,충북,사격)30-30-40국가보훈대상자경영학과
청주대학교,충북,관광경영학과
청주대학교,충북,사회복지학과
청주대학교,충북,스포츠재활학과-100---군사학과전형군사학과(1차전형에서수능성적으로모집인원의5배수선발)-702010-지역인재전형간호학과
청주대학교,충북,예체능계열실기고사과목모집단위2028학년도예술대학산업디자인학과
청주대학교,충북,특기생활체육학과
청주대학교,충북,동물보건복지학과
청주대학교,충북,전형유형별모집단위대학모집단위입학정원(명)재외국민과외국인전교육과정이수자부모모두외국인인외국인북한이탈주민경상대학경영학과70선발선발선발선발회계학과50선발선발선발선발경제통상학과40선발선발선발선발무역학과45선발선발선발선발관광경영학과55선발선발선발선발호텔외식경영학과35선발선발선발선발인문사회대학법학과30선발선발선발선발경찰행정학과45선발선발선발선발신문방송학과50선발선발선발선발사회복지학과55선발선발선발선발지적학과50선발선발선발선발광고홍보학과80선발선발선발선발영어영문학과30선발선발선발선발문헌정보학과45선발선발선발선발수학교육과38----국어교육과38----공과대학신소재화학과30선발선발선발선발건축학과39선발선발선발선발건축공학과40선발선발선발선발토목공학과30선발선발선발선발조경학과40선발선발선발선발환경공학과30선발선발선발선발전자공학과60선발선발선발선발시스템반도체공학과50선발선발선발선발에너지융합공학과
청주대학교,충북,SW융합대학데이터사이언스학과35선발선발선발선발인공지능소프트웨어학과55선발선발선발선발디지털보안학과50선발선발선발선발전기제어공학과50선발선발선발선발-18-대학모집단위입학정원(명)재외국민과외국인전교육과정이수자부모모두외국인인외국인북한이탈주민예술대학산업디자인학과45선발선발선발선발시각디자인학과50선발선발선발선발공예디자인학과40선발선발선발선발아트앤패션디자인학과50선발선발선발선발디지털미디어디자인학과50선발선발선발선발만화애니메이션학과46선발선발선발선발영화영상학과60선발선발선발선발연극학과55선발선발선발선발생활체육학과45선발선발선발선발보건의료과학대학간호학과151----치위생학과47----방사선학과33----물리치료학과41----작업치료학과45----임상병리학과42----동물보건복지학과40----바이오의약학과40선발선발선발선발제약공학과55선발선발선발선발스포츠재활학과51선발선발선발선발의료경영학과
청주대학교,충북,2028학년도정원내전형유형별모집인원대학모집단위입학정원모집인원수시정시종합교과가군나군다군인원계학생부종합전형일반전형교과인재미래인재교과면접지역인재군사학과예체능특기자국가보훈대상자지역기회균형인원계일반전형군사학과예체능일반전형예체능일반전형지역인재예체능경상대학경영학과70701031-20-5---1-673-------3회계학과5050-231011-4-----482-------2경제통상학과4040-188543-----382-------2무역학과4545-2010742-----432-------2관광경영학과5555-25139-4---1-523-------3호텔외식경영학과3535-1595-4-----332-------2인문사회대학법학과3030-166-42-----28---2----2경찰행정학과4545-188953-----432-------2신문방송학과5050-235875-----48-----2--2사회복지학과5555-2210685---1-52-----3--3지적학과5050-21168-3-----48-----2--2광고홍보학과8080-32121776---2-764-------4영어영문학과3030-16-732-----28-----2--2문헌정보학과4546621-944-----442-------2수학교육과3838718-8-3-----36---2----2국어교육과383871754-3-----36---2----2공과대학신소재화학과3030-125542-----28---2----2건축학과3939716-653-----37-----2--2건축공학과4040-177653-----38-----2--2토목공학과3030-126523-----28---2----2조경학과4040-168833-----38---2----2환경공학과3030-134623-----28---2----2전자공학과6060-27121044-----573-------3시스템반도체공학과5051-2210754-----483-------3에너지융합공학과
청주대학교,충북,의결에따라일부내용이변경될수있음대학모집단위입학정원모집인원수시정시종합교과가군나군다군인원계학생부종합전형일반전형교과인재미래인재교과면접지역인재군사학과예체능특기자국가보훈대상자지역기회균형인원계일반전형군사학과예체능일반전형예체능일반전형지역인재예체능예술대학산업디자인학과4545----5--36---41----4---4시각디자인학과5050----8--37---45----5---5공예디자인학과4040----6--30---36--4-----4아트앤패션디자인학과5050-7-----38---45-------55디지털미디어디자인학과5050----8--37---45-------55만화애니메이션학과4646-------46---46()-------0영화영상학과6060-------48---48----12---12연극학과5555-------38---38--17-----17생활체육학과4545-------2615--41----4---4보건의료과학대학간호학과1511512123--5937----4144-----25-7치위생학과4747618--174-----45-----2--2방사선학과3333----283-----31-----2--2물리치료학과414175--27------392-------2작업치료학과4546620--18------44-----2--2임상병리학과4242615--154-----40-----2--2동물보건복지학과404174--253-----39-----2--2바이오의약학과4040-1210754-----38---2----2제약공학과5555-20121055-----52-----3--3스포츠재활학과5151-31--125-----48-----3--3의료경영학과
청주대학교,충북,2028학년도정원외전형유형별모집인원대학모집단위입학정원모집인원모집인원수시정시군별모집인원농어촌특성화기회균형수시정시농어촌특성화기회균형가나다가나다가나다경상대학경영학과70706737이내7이내7이내()()()회계학과50504825이내5이내5이내()()()경제통상학과40403824이내4이내4이내()()()무역학과45454324이내4이내4이내()()()관광경영학과55555235이내5이내5이내()()()호텔외식경영학과35353323이내3이내3이내()()()인문사회대학법학과30302823이내3이내3이내()()()경찰행정학과45454324이내4이내4이내()()()신문방송학과50504825이내5이내5이내()()()사회복지학과55555235이내5이내5이내()()()지적학과50504825이내5이내5이내()()()광고홍보학과80807648이내8이내8이내()()()영어영문학과30302823이내3이내3이내()()()문헌정보학과45464424이내4이내4이내()()()수학교육과38383623이내3이내()()국어교육과38383623이내3이내()()공과대학신소재화학과30302823이내3이내3이내()()()건축학과39393723이내3이내3이내()()()건축공학과40403824이내4이내4이내()()()토목공학과30302823이내3이내3이내()()()조경학과40403824이내4이내4이내()()()환경공학과30302823이내3이내3이내()()()전자공학과60605736이내6이내6이내()()()시스템반도체공학과50514835이내5이내5이내()()()에너지융합공학과
청주대학교,충북,SW융합대학데이터사이언스학과35353323이내3이내3이내()()()인공지능소프트웨어학과55555235이내5이내5이내()()()디지털보안학과50504825이내5이내5이내()()()전기제어공학과50504825이내5이내5이내()()()예술대학산업디자인학과4545414시각디자인학과5050455공예디자인학과4040364아트앤패션디자인학과5050455디지털미디어디자인학과5050455만화애니메이션학과4646460영화영상학과60604812연극학과55553817생활체육학과4545414보건의료과학대학간호학과1511511447치위생학과4747452방사선학과3333312물리치료학과4141392작업치료학과4546442임상병리학과4242402동물보건복지학과4041392바이오의약학과40403824이내4이내4이내()()()제약공학과55555235이내5이내5이내()()()스포츠재활학과51514835이내5이내5이내()()()의료경영학과
초당대학교,전남,모집시기별모집단위및모집인원모집단위입학정원수시정시모집인원학생부교과위주모집인원학생부교과위주수능위주정원내정원외만학도일반학생일반학생지역인재일반고만학도농어촌기초생활차상위만학도가군나군다군다군간호학과225220110506010명이내10명이내55치위생학과2525250항공운항학과50472551710명이내10명이내33항공관광서비스학과20202000항공학부-항공정비전공-무인항공기전공-항공기제작전공-도심항공모빌리티전공70707000스포츠과학부-스포츠경기지도전공-생활체육전공40404000웰니스라이프학부-헤어미용전공-메이크업크리에이티브전공
초당대학교,전남,화장품전공-사회복지전공-청소년교육상담전공-재활헬스케어전공-의약관리전공-펫케어전공7575601500호텔조리관광학부-글로벌서양조리전공-제과제빵카페전공-아시안퀴진전공-해양식문화관광전공
초당대학교,전남,해양경찰전공505043700미래평생교육학부(성인학습자)-창업경영전공-뷰티라이프전공-웰니스사회복지전공-상담심리전공-글로벌푸드전공-디저트카페전공-평생교육전공808080000UCC자율전공학부32323200국제학부(외국인전담)-한국어전공-국제문화관광전공-글로벌화학기계전공-스포츠헬스전공-글로벌경영전공-예술디자인전공
초당대학교,전남,0스포츠헬스전공
초당대학교,전남,0글로벌경영전공
초당대학교,전남,0예술디자인전공
초당대학교,전남,00스포츠헬스전공
초당대학교,전남,00글로벌경영전공
초당대학교,전남,00예술디자인전공
초당대학교,전남,00스포츠과학부스포츠경기지도전공
초당대학교,전남,00생활체육전공
초당대학교,전남,제약보건학부사회복지전공
초당대학교,전남,00청소년교육상담전공
초당대학교,전남,00재활헬스케어전공
충남대학교,대전,농어촌특성화고출신자저소득층학생특수교육대상자정부위탁특성화고졸재직자만학도만학도가군일반가군지역인재나군일반나군일반인문대학국어국문학과961431122297736인문대학영어영문학과18111971212355121267인문대학독어독문학과851431122276633인문대학불어불문학과64133111204424인문대학중어중문학과9514312123316637인문대학일어일문학과5313211163319인문대학한문학과42132115194423인문대학언어학과5312211153318인문대학국사학과4312211143317인문대학사학과851321121243327인문대학고고학과521121111154419인문대학철학과751331111236629사회과학대학사회학과8515211232225사회과학대학문헌정보학과6413211183321사회과학대학심리학과53111111232225사회과학대학언론정보학과751421111234427사회과학대학사회복지학과53132111173320사회과학대학행정학부
충남대학교,대전,자치융합학과62142111184422사회과학대학정치외교학과7516111224426경상대학경제학과1691751212449953경상대학경영학부57352232223221484040188경상대학무역학과961641212329941사범대학국어교육과152211115516사범대학영어교육과32311105515사범대학교육학과52211116617지식융합학부문화와사회융합전공421211112213지식융합학부리더십과조직과학전공42121230422244지식융합학부공공안전융합전공522111122214국가안보융합학부국토안보학전공3030030국가안보융합학부해양안보학전공4040040국제학부국제학부5212102212자연과학대학수학과22131941211549963자연과학대학정보통계학과105131111234427자연과학대학물리학과15918512123479956자연과학대학천문우주과학과85142112244428자연과학대학화학과1611196121249121261자연과학대학생화학과75133111225527자연과학대학지질환경과학과971531112309939자연과학대학해양환경과학과751431112254429자연과학대학반도체융합학과
충남대학교,대전,분자생명과학과931311186624생명시스템과학대학생명정보융합학과8413311216627자연과학대학스포츠과학과1101525141439자연과학대학무용학과(한국무용)8808자연과학대학무용학과(현대무용)8808자연과학대학무용학과
충남대학교,대전,수능학생부교과2028학년도대학입학전형모집단위별모집인원단과모집단위2026학년도미충원이월인원수시전형기간자율화정시합계정원내예술대학음악과(성악)17320020예술대학음악과(작곡)52707예술대학음악과(피아노)15116016예술대학관현악과(관악)11314014예술대학관현악과(현악)14519019예술대학회화과(한국화)1313013예술대학회화과(서양화)1313013예술대학조소과1414014예술대학디자인창의학과(도자섬유)0131313예술대학디자인창의학과(시각제품)0121212사범대학체육교육과66141420창의융합대학자율전공융합학부48453531042323127창의융합대학인문사회융합학부73503531343030164창의융합대학자연과학융합학부402723274151589창의융합대학공학융합학부392724274151589농업생명과학대학농생명융합학부
충남대학교,대전,스포츠과학과
충남대학교,대전,45점예체능계체육계(스포츠과학과
충남대학교,대전,심리학과
충남대학교,대전,사회복지학과
충남대학교,대전,경영학부
충남대학교,대전,경영학부-TOPIK4급-충남대학교국제언어교육원한국어능력시험통과자-충남대학교국제언어교육원한국어정규과정4단계수료자해당사항없음국제학부
충북대학교,충북,창의융합대학자연과학자율전공계열은수학필수미반영)계열단과대학모집단위수능최저학력기준인문인문대학전모집단위8등급이내사회과학대학전모집단위경영대학전모집단위농업생명환경대학농업경제학과생활과학대학전모집단위창의융합대학인문사회자율전공계열자연자연과학대학전모집단위8등급이내공과대학전모집단위전자정보대학전모집단위농업생명환경대학전모집단위생활과학대학전모집단위수의과대학수의예과8등급이내약학대학전모집단위7등급이내의과대학의예과5등급이내간호대학간호학과
충북대학교,충북,디자인학과)해당학과500점300점200점예체능계(체육교육과)해당학과
평택대학교,경기,예술계열모집안내및실기고사유형및과제1)모집전형안내구분수시모집정시모집비고연극영화과(영화영상)PTU실기PTU종합다군PTU실기2027학년도PTU종합모집단위신규배정실용음악학과
평택대학교,경기,36인문사회자율전공(2025학년도신설)20국제비즈니스대학국제물류학과32국제무역행정학과26도시계획부동산학과26경영학과32국제지역및신학자율전공학부(2026학년도신설)50국제지역대학미국학과일본학과신학과사회서비스대학사회복지학과36재활상담학과
평택대학교,경기,청소년교육상담학과28광고홍보학과30문화예술대학커뮤니케이션디자인학과32패션디자인및브랜딩학과31연극영화과35실용음악학과26음악학과
평택대학교,경기,경영학과)-국제지역대학에설치된모든학과(미국학과
평택대학교,경기,신학과)-사회서비스대학에설치된모든학과(사회복지학과
평택대학교,경기,재활상담학과
평택대학교,경기,청소년교육상담학과
평택대학교,경기,광고홍보학과)-문화예술대학에설치된모든학과(커뮤니케이션디자인학과
평택대학교,경기,경영학과
평택대학교,경기,사회서비스대학에설치된모든학과(사회복지학과
평택대학교,경기,363421310인문사회자율전공2018810국제비즈니스대학국제물류학과323018102국제무역행정학과262412102도시계획부동산학과262412102경영학과323018210국제지역및신학자율전공학부50481816104국제지역대학미국학과일본학과신학과사회서비스대학사회복지학과36341210210재활상담학과
평택대학교,경기,청소년교육상담학과282614210광고홍보학과302814212문화예술대학커뮤니케이션디자인학과322020패션디자인및브랜딩학과291919연극영화과연기341010영화영상16511실용음악학과
평택대학교,경기,인문사회자율전공국제비즈니스대학국제물류학과국제무역행정학과도시계획부동산학과경영학과국제지역및신학자율전공학부국제지역대학미국학과일본학과신학과사회서비스대학사회복지학과재활상담학과
평택대학교,경기,청소년교육상담학과광고홍보학과
평택대학교,경기,3622인문사회자율전공2022국제비즈니스대학국제물류학과3222국제무역행정학과2622도시계획부동산학과2622경영학과3222국제지역및신학자율전공학부5022국제지역대학미국학과일본학과신학과사회서비스대학사회복지학과3622재활상담학과
평택대학교,경기,청소년교육상담학과2822광고홍보학과3022문화예술대학커뮤니케이션디자인학과321212패션디자인및브랜딩학과291010연극영화과연기3488실용음악학과
평택대학교,경기,인문사회자율전공미지정미지정미지정국제비즈니스대학국제물류학과미지정미지정미지정국제무역행정학과도시계획부동산학과경영학과국제지역및신학자율전공학부국제지역대학미국학과일본학과신학과사회서비스대학사회복지학과미지정미지정미지정재활상담학과
평택대학교,경기,예술계열모집안내구분수시모집정시모집비고연극영화과전공
평택대학교,경기,예술계열실기고사내용학과유형및과제커뮤니케이션디자인학과
평택대학교,경기,신학과)국제비즈니스대학국제물류학과국제무역행정학과도시계획부동산학과경영학과경영학과(이중언어트랙
평택대학교,경기,)사회서비스대학사회복지학과재활상담학과
평택대학교,경기,청소년교육상담학과광고홍보학과인문사회자율전공문화예술대학커뮤니케이션디자인학과패션디자인및브랜딩학과연극영화과실용음악학과음악학과음악학과(이중언어트랙
평택대학교,경기,통번역대학원)에한해야간수업수강가능대학원학위학과전공수업연한일반대학원박사사회복지학과사회복지6학기(3년)상담학과상담아동청소년학과
평택대학교,경기,청소년국제물류학과국제물류국제물류학과(영어트랙)국제물류부동산학과부동산AI융합학과AI융합환경융합공학과환경융합공학환경융합공학과(영어트랙)환경융합공학석사사회복지학과사회복지4학기(2년)상담학과
평택대학교,경기,미술치료아동청소년학과
평택대학교,경기,청소년부동산학과부동산음악학과
평택대학교,경기,목회학6학기(3년)사회복지대학원석사사회복지학과
평택대학교,경기,5년)아동청소년학과
평택대학교,경기,청소년지도및상담상담대학원석사상담학과
평택대학교,경기,5년)미술치료학과미술치료글로벌비즈니스대학원석사경영학과
평택대학교,경기,5년)경영학과(영어트랙
평택대학교,경기,ESG경영경영학과(이중언어트랙
평택대학교,경기,ESG경영국제무역학과
평택대학교,경기,무역경영국제물류학과
평택대학교,경기,물류경영통번역대학원석사통번역학과
한경국립대학교_국립,경기,법경영학부
한경국립대학교_국립,경기,경영학전공
한경국립대학교_국립,경기,복지융합학부
한경국립대학교_국립,경기,사회복지학전공
한경국립대학교_국립,경기,의료재활공학전공
한경국립대학교_국립,경기,상담심리교육전공자연과학웰니스산업융합학부
한경국립대학교_국립,경기,의류산업학전공
한경국립대학교_국립,경기,복지상담학전공
한경국립대학교_국립,경기,예체능특수체육학전공
한경국립대학교_국립,경기,디자인예술스포츠학부
한경국립대학교_국립,경기,스포츠과학전공
한경국립대학교_국립,경기,특수체육학전공공학건설환경공학부
한국공학대학교,경기,8등급2)경영학부
한국공학대학교,경기,모집단위및모집인원모집단위입학정원수시정시정원내정원외소계정원내정원외소계논술학생부교과학생부종합교과종합수능논술우수자교과우수자지역균형기회균형융합인재창의인재특성화고졸재직자(내)특성화고교졸업자특성화고졸재직자(외)조기취업형계약학과일반학생1일반학생2농어촌학생가나다가나다가나다AI융합대학AI융합자율전공4126103655컴퓨터공학부컴퓨터공학전공53108213134119323소프트웨어전공5298213133119222게임공학과7814125161481615435인공지능학과30542711966214IT반도체융합대학IT반도체융합대학자율전공3621103155전자공학부전자공학전공8015135161501615435임베디드시스템전공53972141331110223반도체공학부나노반도체공학전공5297313133119222반도체시스템전공3566282276215스마트기계융합대학스마트기계융합대학자율전공4327113855기계공학과8616145181541716437기계설계공학부기계설계전공5398214134119323지능형모빌리티전공273321011954211메카트로닉스공학부메카트로닉스전공6011102141381310225AI로봇전공29652511965213첨단융합대학첨단융합대학자율전공3520103055신소재공학과6411113141401312328생명화학공학과6411103151401312328에너지전기공학부전기공학전공5298312133119222에너지공학전공
한국공학대학교,경기,경영자율전공
한국공학대학교,경기,초과하는경우학생수요및단과대또는학부의배정기준에따라유연하게배정)-사전수요조사기반1학기내단과대또는학부별전공배정세부기준안내예정모집단위입학정원수시정시정원내정원외소계정원내정원외소계논술학생부교과학생부종합교과종합수능논술우수자교과우수자지역균형기회균형융합인재창의인재특성화고졸재직자(내)특성화고교졸업자특성화고졸재직자(외)조기취업형계약학과일반학생1일반학생2농어촌학생가나다가나다가나다-이전페이지계속-특성화학부경영학부자율전공211071744경영학부경영학전공4477310128107320데이터사이언스경영전공30542711966214IT경영전공30542711966214디자인공학부산업디자인공학전공8917164222611614434미디어디자인공학전공전공대학교양자율자유전공학부135963212877기업인재대학산업융합공학과
한국공학대학교,경기,1136370디지털경영학과
한국공학대학교,경기,과학-경영학부
한국공학대학교,경기,2)로서특성화고교에서본인이이수한학과가지원모집단위와동일계열인자-산업수요맞춤형마이스터고제외-특성화고와같은교육과정을운영하는학과가있는종합고포함-기준학과
한국공학대학교,경기,전형요소별반영비율모집단위선발단계서류평가계최저학력기준산업융합공학과(야간)디지털경영학과
한국공학대학교,경기,수능반영영역반영비율활용지표비고공학계열경영학부
한국공학대학교,경기,수능반영영역반영비율활용지표가산점공학계열경영학부
한국공학대학교,경기,중등교육법시행령제91조제1항에따른특성화고등학교졸업(예정)자로특성화고교에서본인이이수한학과가지원모집단위와동일계열인자-일반고(종합고)에서운영하는특성화고와같은교육과정을운영하는학과포함-자연현장실습등체험위주의교육을전문으로실시하는고교및산업수요맞춤형마이스터고제외-기준학과가대학이제시하는기준학과와다르더라도특성화고에서지원모집단위와관련된전문교과를24학점이상이수한경우지원가능(해당학과
한국공학대학교,경기,전형요소별반영비율모집단위선발단계서류평가계최저학력기준산업융합공학과(야간)(나)디지털경영학과
한국공학대학교,경기,과학경영학부
한국공학대학교,경기,경영학부
한국공학대학교,경기,모집단위상반기(3월)하반기(9월)소계정원외정원외컴퓨터공학부컴퓨터공학전공000소프트웨어전공000게임공학과000인공지능학과000전자공학부전자공학전공000임베디드시스템전공000반도체공학부나노반도체공학전공000반도체시스템전공000기계공학과000기계설계공학부기계설계전공000지능형모빌리티전공000메카트로닉스공학부메카트로닉스전공000AI로봇전공000신소재공학과000생명화학공학과
한국공학대학교,경기,전기공학부전기공학전공000에너지공학전공000경영학부경영학전공000데이터사이언스전공000IT경영전공000디자인공학부산업디자인공학전공000미디어디자인공학전공000유학생전담학부국제학부000국제미래공학부
한국교통대학교_국립,충북,전형방법변경모집단위2027학년도2028학년도산업디자인학과
한국교통대학교_국립,충북,스포츠의학과
한국교통대학교_국립,충북,산업디자인학과
한국교통대학교_국립,충북,스포츠산업학과
한국교통대학교_국립,충북,기계설계전공드론공학전공6324245121115944AI융합대학(충주)자연컴퓨터공학과7217376132116844자연컴퓨터소프트웨어학과327162111113022자연산업경영공학과5014234121114733예체산업디자인학과1941161313인문대학(충주)인문영어영문학과711736623216744인문중국어학과491225412114633인문한국어문학과28611212112444예체음악학과16310111511예체스포츠의학과1913211633예체스포츠산업학과18102211533사회과학대학(충주)인문행정학과42527311113933인문행정정보융합학과28516211112711인문경영학과34916311113222인문융합경영학과2261021112111인문국제무역학과2361121112211인문사회복지학과267142112511인문항공서비스학과
한국교통대학교_국립,충북,실적학생부종합I학생부종합II일반지역인재지역인재-저소득사회기여및배려자고른기회일반지역인재특기자평생학습자I농어촌특성화고동일계기회균등특수교육농어촌특수교육평생학습자II평생학습자III가군다군가군다군미래융합대학(충주)자연안전융합공학과(야)20103720자연건설방재융합공학과(야)2061420인문스포츠복지학과(야)26322126자연스마트철도교통공학과(야)264121026자연이차전지공학과(야)1617816보건생명대학(증평)자연간호학과
한국교통대학교_국립,충북,)스포츠의학과
한국교통대학교_국립,충북,실기고사모집단위종목과제스포츠의학과
한국교통대학교_국립,충북,사정단계별선발인원및전형요소별배점모집단위사정단계선발인원전형요소별반영점수및실질반영비율학생부교과실기총점산업디자인학과
한국교통대학교_국립,충북,)스포츠산업학과
한국교통대학교_국립,충북,실기고사모집단위종목과제산업디자인학과기초디자인기초디자인음악학과
한국교통대학교_국립,충북,성악자유곡1곡스포츠산업학과
한국교통대학교_국립,충북,사정단계별선발인원및전형요소별배점모집단위사정단계선발인원전형요소별반영점수및실질반영비율학생부실기경기실적총점교과출결스포츠산업학과
한국교통대학교_국립,충북,실기고사모집단위종목과제스포츠산업학과
한국교통대학교_국립,충북,실기고사모집단위종목배점과제스포츠의학과
한국교통대학교_국립,충북,사정단계별선발인원및전형요소별배점모집단위사정단계선발인원전형요소별반영점수및실질반영비율수능실기총점산업디자인학과
한국교통대학교_국립,충북,타악기자유곡1곡성악자유곡1곡스포츠산업학과
한국교통대학교_국립,충북,61이상61미만반영점수전모집단위970940910880850820790760730산업디자인학과음악학과194188182176170164158152146스포츠의학과582564546528510492474456438스포츠산업학과
한국교통대학교_국립,충북,61이상61미만반영점수전모집단위970940910880850820790760산업디자인학과음악학과194188182176170164158152스포츠의학과582564546528510492474456스포츠산업학과
한국교통대학교_국립,충북,드론공학전공5이내AI융합대학(충주)컴퓨터공학과6이내컴퓨터소프트웨어학과2이내산업경영공학과4이내산업디자인학과1이내인문대학(충주)영어영문학과6이내중국어학과4이내한국어문학과2이내음악학과1이내스포츠의학과1이내스포츠산업학과1이내사회과학대학(충주)행정학과4이내행정정보융합학과2이내경영학과3이내융합경영학과2이내국제무역학과2이내사회복지학과2이내항공서비스학과2이내보건생명대학(증평)간호학과5이내물리치료학과3이내응급구조학과3이내식품생명학부식품공학전공
한국교통대학교_국립,충북,경영학과
한국교통대학교_국립,충북,융합경영학과
한국교통대학교_국립,충북,사회복지학과
한국교통대학교_국립,충북,산업경영공학과
한국기술교육대학교,충남,4443676사회융합계열경영학부융합경영전공4045762221069125데이터경영전공39447621311068고용서비스정책학과262665654사회융합자율전공
한국외국어대학교,서울,262이내26경영대학경영학부13015211792713이내42사범대학영어교육과2710710한국어교육과20866외국어교육학부(프랑스어교육전공)1486외국어교육학부(독일어교육전공)1486외국어교육학부(중국어교육전공
한국외국어대학교,서울,484이내48공과대학컴퓨터공학부805241298이내30정보통신공학과37410443이내15반도체전자공학부(반도체공학전공)38497453이내9반도체전자공학부(전자공학전공)37497443이내9산업경영공학과37497443이내9바이오메디컬공학부38497453이내9공과계열676이내68융합인재대학융합인재학부
한국외국어대학교,서울,웰니스학부38496453이내103이내7이내글로벌스포츠산업학부
한국외국어대학교,서울,경제학부경영대학경영학부국제학부
한국외국어대학교,서울,산업경영공학과
한국외국어대학교,서울,글로벌스포츠산업학부
한국외국어대학교,서울,산업경영공학과융합인재대학융합인재학부
한국외국어대학교,서울,글로벌스포츠산업학부AI융합대학AI데이터융합학부
한국외국어대학교,서울,글로벌스포츠산업학부바이오메디컬공학부
한국외국어대학교,서울,경제학부경영대학경영학부
한국외국어대학교,서울,산업경영공학과AI융합대학AI데이터융합학부바이오메디컬공학부
한국외국어대학교,서울,2지망에경영학부(한국어트랙)를선택하여최종적으로2지망학과
한국체육대학교,서울,학교수용범위내(경기지도학과
한국체육대학교,서울,모집단위및모집인원대학모집단위수시정시합계(A+B+C+D)정원내(A)정원외(B)정원내(C)정원외(D)가군계가군계체육특기자경기입상실적우수자실기우수자교과성적우수자국가보훈대상자계특수교육대상자농어촌지역학생외국인(북한이탈주민포함)계체육특기자경기입상실적우수자일반학생수능성적우수자농어촌지역학생사회적배려대상자서해5도학생재외국민외국인북한이탈주민스포츠과학대학체육학과
한국체육대학교,서울,149149-5454---203체육학과
한국체육대학교,서울,2727-55---32경기지도학과22222248812337생활체육대학사회체육학과415--555522311969스포츠청소년지도학과
한국체육대학교,서울,191203-310101111437스포츠산업학과1010--202032111838운동건강관리학과516--24243121737노인체육복지학과718--193223211737스포츠문화예술대학공연예술학과무용전공246302-21133태권도학과공인품새65204-8101032543자유품새4시범5겨루기4계158합계17637295653031322(경기지도학과
한국체육대학교,서울,체육학과
한국체육대학교,서울,경기지도학과
한국체육대학교,서울,노인체육복지학과
한국체육대학교,서울,공연예술학과
한국체육대학교,서울,태권도학과
한국체육대학교,서울,사회체육학과
한국체육대학교,서울,스포츠청소년지도학과
한국체육대학교,서울,운동건강관리학과
한국체육대학교,서울,(사회체육학과
한국체육대학교,서울,(스포츠청소년지도학과
한국체육대학교,서울,(스포츠산업학과
한국체육대학교,서울,(노인체육복지학과
한국체육대학교,서울,(운동건강관리학과
한국체육대학교,서울,(공연예술학과
한국체육대학교,서울,비기록)학과경기입상실적학생부전형총점비고체육학과
한국체육대학교,서울,수구는정시모집학과경기입상실적실기고사학생부전형총점비고체육학과
한국체육대학교,서울,실적위주)학과1단계2단계비고학생부입상실적소계1단계성적실기고사소계경기지도학과
한국체육대학교,서울,---태권도학과
한국체육대학교,서울,실적위주)학과학생부실기전형총점비고공연예술학과
한국체육대학교,서울,교과성적우수자전형(학생부위주)학과1단계2단계3단계비고학생부1단계성적실기고사면접전형총점사회체육학과
한국체육대학교,서울,과학평균반영-1단계5배수1차선발후2단계전형총점으로2차선발운동건강관리학과
한국체육대학교,서울,과학중1과목반영노인체육복지학과
한국체육대학교,서울,탐구는1과목반영-1단계5배수1차선발후2단계전형총점으로2차선발스포츠산업학과
한국체육대학교,서울,과학중1과목반영스포츠청소년지도학과
한국체육대학교,서울,과학평균반영1단계3배수1차선발후2단계전형총점으로2차선발공연예술학과
한국체육대학교,서울,학생부위주학과학생부면접실기전형총점비고사회체육학과
한국체육대학교,서울,학생부위주스포츠청소년지도학과노인체육복지학과운동건강관리학과
한국체육대학교,서울,실적위주학과학생부면접입상실적전형총점지원가능장애경기지도학과
한국체육대학교,서울,제한없음태권도학과
한국체육대학교,서울,실적위주학과학생부실기전형총점비고공연예술학과
한국체육대학교,서울,외국인특별전형(북한이탈주민포함)구분학과면접실기외국인군경기지도학과
한국체육대학교,서울,수구)학과경기입상실적실기고사학생부전형총점비고체육학과
한국체육대학교,서울,실적위주학과학생부수능입상실적실기전형총점비고경기지도학과
한국체육대학교,서울,학과학생부수능면접실기전형총점비고사회체육학과
한국체육대학교,서울,수능위주스포츠청소년지도학과
한국체육대학교,서울,스포츠산업학과
한국체육대학교,서울,수능위주학과수능비고스포츠청소년지도학과노인체육복지학과
한국체육대학교,서울,사회적배려대상자특별전형학과학생부수능면접실기전형총점비고사회체육학과
한국체육대학교,서울,서해5도학생특별전형학과학생부수능면접실기전형총점비고사회체육학과
한국체육대학교,서울,수능위주스포츠산업학과
한국체육대학교,서울,중등학교소재국에상관없이지원자격부여2)학과별추가지원자격학과지원자격비고태권도학과
한국체육대학교,서울,국기원(대한민국)지원서류미비시불합격공연예술학과
한국체육대학교,서울,일반실기고사학과일반실기고사종목평가방법수시정시사회체육학과스포츠청소년지도학과스포츠산업학과운동건강관리학과노인체육복지학과
한국체육대학교,서울,면접고사구분학과전형유형면접기준평가방법비고수시경기지도학과
한국체육대학교,서울,면접고사불참시불합격공연예술학과
한국체육대학교,서울,수시전형명학과수능최저학력기준교과성적우수자사회체육학과
한국체육대학교,서울,과학평균반영운동건강관리학과
한국체육대학교,서울,탐구는1과목반영스포츠산업학과
한국체육대학교,서울,과학평균반영농어촌지역학생공연예술학과
한국체육대학교,서울,과학중1과목반영사회체육학과스포츠청소년지도학과운동건강관리학과
한국체육대학교,서울,과학평균반영노인체육복지학과
한국체육대학교,서울,정시전형명학과수능최저학력기준사회적배려대상자사회체육학과
한국체육대학교,서울,과학평균반영스포츠청소년지도학과
한국체육대학교,서울,과학중1과목반영스포츠산업학과
한국체육대학교,서울,과학중1과목반영운동건강관리학과
한국체육대학교,서울,탐구는1과목반영농어촌지역학생사회체육학과
한국체육대학교,서울,탐구는1과목반영태권도학과
한국체육대학교,서울,과학중1과목반영서해5도학생사회체육학과스포츠청소년지도학과
한국체육대학교,서울,과학평균반영스포츠산업학과
한국체육대학교,서울,9호처분자는부적격처리함(검정고시출신자도이와동일하게처리함)경기지도학과
한국체육대학교,서울,한국도핑방지위원회의도핑방지규정위반으로제재를받은(을)자는입학이취소될수있음태권도학과
한국체육대학교,서울,9호처분자는부적격처리함(검정고시출신자도이와동일하게처리함)전학과(체육학과
한국체육대학교,서울,(특수체육교육과제외4개학과
한국체육대학교,서울,9호처분자는부적격처리함(검정고시출신자도이와동일하게처리함)사회체육학과스포츠청소년지도학과특수체육교육과운동건강관리학과노인체육복지학과
한국체육대학교,서울,탐구)중상위2개영역의합이12등급이내인자경기지도학과특수체육교육과태권도학과
한국체육대학교,서울,9호처분자는부적격처리함(검정고시출신자도이와동일하게처리함)공연예술학과
한국체육대학교,서울,9호처분자는부적격처리함(검정고시출신자도이와동일하게처리함)사회체육학과
한국체육대학교,서울,한국도핑방지위원회의도핑방지규정위반으로제재를받은(을)자는입학이취소될수있음-24-2028학년도경기입상실적우수자전형종목별모집현황학과세부종목(전공)모집인원(명)비고경기지도학과
한국체육대학교,서울,소프트볼축구주짓수계30태권도학과
한국항공대학교,경기,경영대학(이학적성)항공운항학과자유전공학부
한국항공대학교,경기,경영대학(사회적성)자유전공학부
한국항공대학교,경기,경영대학항공운항학과자유전공학부25252525모집단위학생부교과반영비율국어영어수학사회과학공과대학AI융합대학스마트드론공학과AI자율주행시스템공학과자유전공학부
한국항공대학교,경기,경영대학항공운항학과자유전공학부20(-5)30(+5)30(+5)20(-5)수시모집교과우수자전형및학교장추천전형지원자격이원화전형명지원자격교과성적우수자국내고3학기이상이수한졸업(예정)자학교장추천전형명지원자격교과성적우수자국내고3학기이상이수한졸업예정자국내고3학기이상이수한졸업자학교장추천국내고3학기이상이수한졸업예정자수시모집교과우수자전형및학교장추천전형교과성적반영방법이원화모집단위반영방법공과대학AI융합대학스마트드론공학과AI자율주행시스템공학과자유전공학부
한국항공대학교,경기,경영대학항공운항학과자유전공학부
한국항공대학교,경기,경영대학(사회적성)191472020항공운항학과
한국항공대학교,경기,경영대학(사회적성)42항공운항학과
한국항공대학교,경기,3-자유전공학부자유전공학부(공학적성)--자유전공학부(이학적성)--자유전공학부(사회적성)--국제교류학부서비스경영전공항공교통물류전공항공경영전공
한국항공대학교,경기,경영대학(사회적성)항공운항학과자유전공학부(이학적성)자유전공학부
한국해양대학교_국립,부산,기회균형선발)의해양스포츠과학과
한국해양대학교_국립,부산,변경(해양과학기술융합대학)구분2027학년도2028학년도해양과학기술융합대학(해양스포츠과학과
한국해양대학교_국립,부산,상위1과목반영해양스포츠과학과
한국해양대학교_국립,부산,(해양과학기술융합대학)영어영역등급별표준점수변경학년도구분등급1234567892027학년도해양과학기술융합대학200196190180160140120100802028학년도해양과학기술융합대학(해양스포츠과학과
한국해양대학교_국립,부산,가산-(삭제)해양과학기술융합대학전모집단위(해양스포츠과학과
한국해양대학교_국립,부산,체능계해양스포츠과학과
한국해양대학교_국립,부산,사회계해운경영학부4343319311-272-11--16해사법학부3939318331-281-1-11-국제무역경제학부5252325361-381-1--14국제관계학과2929314321-231-1--6해양행정학과222239211-1611--6-해양영어영문학과2626211121-1711--9-동아시아학과2727313221-211-1--6인문사회자율전공학부
한국해양대학교_국립,부산,2과목등급평균적용(소수점이하절사)해양과학기술융합대학(해양스포츠과학과
한국해양대학교_국립,부산,아동복지시설생활자고교입학부
한국해양대학교_국립,부산,체능계열은800점만점을600점만점으로변환자연계해양과학기술융합대학(해양스포츠과학과
한국해양대학교_국립,부산,체능계해양스포츠과학과자연계해양과학기술융합대학(해양스포츠과학과
한남대학교,대전,창작학과56경영학과108영어영문학과54회계학과73디지털영어콘텐츠학과25무역물류학과52일어일문학과24경제학과50프랑스어문학과22중국경제통상학과39문헌정보학과37호텔항공경영학과49사학과25경영정보학과35기독교학과15사회과학대학사회과학대학자유전공학부49사범대학국어교육과29행정학과55영어교육과29경찰학과37교육학과
한남대학교,대전,언론학과31역사교육과29사회복지학과37미술교육과29아동복지학과33수학교육과23상담심리학과37공과대학공과대학자유전공학부49사회적경제기업학과24정보통신공학과44법학부(법학전공
한남대학교,대전,나노과학대학생명나노과학대학자유전공학부24멀티미디어공학과40생명시스템과학과58건축학과(5년제)27식품영양학과42건축공학과28화학과32건설환경공학과40스포츠과학과46기계공학과53바이오제약공학과33화학공학과36간호학과60인공지능대학인공지능대학자유전공학부
한남대학교,대전,디자인테크놀로지대학융합디자인학과82컴퓨터공학과54회화과33AI융합학과50패션디자인학과30산업정보공학과36미디어영상학과43수학과31린튼국제학부린튼국제학부49AI데이터사이언스학과
한남대학교,대전,체육농어촌기초생활특성화장애인만학도문과대학문과대학자유전공학부
한남대학교,대전,체육농어촌기초생활특성화장애인만학도기계공학과
한남대학교,대전,이내산업정보공학과
한남대학교,대전,이내경영학과
한남대학교,대전,이내호텔항공경영학과
한남대학교,대전,이내경영정보학과
한남대학교,대전,이내사회복지학과
한남대학교,대전,이내선발아동복지학과
한남대학교,대전,이내상담심리학과
한남대학교,대전,체육농어촌기초생활특성화장애인만학도사회적경제기업학과
한남대학교,대전,이내스포츠과학과46463010406646미선발미선발바이오제약공학과
한남대학교,대전,스포츠과학과
한남대학교,대전,기초디자인중택1스포츠과학과
한남대학교,대전,레슬링스포츠과학과
한남대학교,대전,10M왕복달리기종목별로순환실시(2개종목)체육특기자전형-축구스포츠과학과
한남대학교,대전,기초디자인중택1수능위주일반전형스포츠과학과
한남대학교,대전,창작학과565--영어영문학과545--디지털영어콘텐츠학과252--일어일문학과242--프랑스어문학과222--문헌정보학과373--사학과252--기독교학과151--사범대학국어교육과29미선발미선발2영어교육과29미선발미선발2교육학과31미선발미선발3역사교육과29미선발미선발2미술교육과29미선발미선발2수학교육과23미선발미선발2공과대학공과대학자유전공학부494--정보통신공학과444--전기전자공학과464--멀티미디어공학과404--건축학과(5년제)272--건축공학과282--건설환경공학과404--기계공학과535--화학공학과363--인공지능대학인공지능대학자유전공학부363--컴퓨터공학과545--AI융합학과505--산업정보공학과363--수학과313--AI데이터사이언스학과373--나노반도체소재공학과303--AI로봇융합공학과303--경상대학경상대학자유전공학부616--경영학과10810--회계학과737--무역물류학과525--경제학과505--중국경제통상학과393--호텔항공경영학과494--경영정보학과353--사회과학대학사회과학대학자유전공학부494--행정학과
한남대학교,대전,언론학과313--사회복지학과373--아동복지학과333--상담심리학과373--사회적경제기업학과242--법학부(법학전공
한남대학교,대전,나노과학대학생명나노과학대학자유전공학부242--생명시스템과학과585--식품영양학과424--화학과323--스포츠과학과464--바이오제약공학과333--코스메틱사이언스학과
한동대학교,경북,경영경제학부국제어문학부법학부상담심리사회복지학부커뮤니케이션학부
한동대학교,경북,InternationalLaw상담심리학사회복지학미디어커뮤니케이션학공연영상학학생설계융합전공글로벌융합전공모듈형설계전공글로벌한국학(한국어교육)글로벌한국학(한국언어문화)글로벌그린이노베이션학과공간환경시스템공학부기계제어공학부생명과학부콘텐츠융합디자인학부AI컴퓨터전자공학부AI융합학부
한라대학교,강원,사회계열사회복지학과50경찰행정학과55경영학과40호텔항공외식경영학과30문화관광경영학과30예체능계열뷰티디자인학과27스포츠학과
한라대학교,강원,사회계열미래경영학과10글로컬복지학과5예체능계열문화예술학과15골프산업학과20운곡프론티어교양대학계열구분없음자유전공학부
한라대학교,강원,기계자동차공학과604389나군이월이월미래모빌리티공학과402866다군이월이월도시인프라공학과302055다군이월이월컴퓨터공학과402866가군이월이월IT소프트웨어학과402866나군이월이월전기전자공학과453177가군이월이월AI정보보안학과302055다군이월이월철도시스템학부504063나군이월1미디어광고콘텐츠학과4023665나군이월이월영상제작학과35151055다군이월이월건축학과503677가군이월이월소방안전학과453177나군이월이월사회복지학과5033566나군이월이월경찰행정학과554087다군이월이월경영학과402866다군이월이월호텔항공외식경영학과302244가군이월이월문화관광경영학과302055나군이월이월뷰티디자인학과2771442다군이월이월스포츠학과5013173215가군이월이월자유전공학부302055가군이월이월미래경영학과1010다군글로컬복지학과55다군문화예술학과1515다군골프산업학과
한라대학교,강원,O기계자동차공학과6명이내6명이내12명이내미래모빌리티공학과4명이내4명이내8명이내도시인프라공학과3명이내3명이내6명이내컴퓨터공학과4명이내4명이내8명이내IT소프트웨어학과4명이내4명이내8명이내전기전자공학과4명이내4명이내9명이내AI정보보안학과3명이내3명이내6명이내철도운전시스템학과5명이내5명이내10명이내미디어광고콘텐츠학과4명이내4명이내8명이내영상제작학과3명이내3명이내7명이내건축학과5명이내5명이내10명이내소방안전학과4명이내4명이내9명이내사회복지학과5명이내5명이내10명이내경찰행정학과5명이내5명이내11명이내경영학과4명이내4명이내8명이내호텔항공외식경영학과3명이내3명이내6명이내문화관광경영학과3명이내3명이내6명이내뷰티디자인학과2명이내2명이내5명이내스포츠학과5명이내5명이내10명이내자유전공학부3명이내3명이내6명이내미래경영학과4글로컬복지학과4문화예술학과4골프산업학과
한라대학교,강원,미래경영학과
한라대학교,강원,글로컬복지학과
한라대학교,강원,문화예술학과
한라대학교,강원,골프산업학과
한림대학교,강원,체육학과
한림대학교,강원,특성화지역인재기초생활농어촌장애인등지역인재기초생활한림케어1농어촌특성화고인문대학인문학부1101102424제한없음342162634-(4)제한없음23가군1104114영어영문학과383810101063192-9다군38240중국학과393911111172202-8가군39241일본학과35351010863172-8나군35237러시아학과33338896217-8-33033사회과학대학심리학과39391313962173-9가군39342사회학과393910101163202-9나군39241사회복지학부5959252581252274-7가군59463정치행정학과3838881273222-8나군38240광고홍보학과373719191053183-0나군37340법학과60601111211042372-12나군60262경제학과525214142783382-0나군52254경영대학157157425474532103906(5)20나군1576163자연과학대학화학과2626881022141(13)4다군26127생명과학과3434111112321716가군34135바이오메디컬학과3737131313421925가군37239환경생명공학과3030101011321614다군30131식품영양학과3737131313421925가군37239언어청각학부525210101992131311가군52355체육학과
한림대학교,강원,22p참조모집단위단계전형요소별반영비율계수능성적면접고사실기고사전모집단위(체육학과
한림대학교,강원,)체육학과
한림대학교,강원,체육특기자전형(수시미충원인원은정시모집의체육학과
한림대학교,강원,체육특기자전형)최저이수교과반영교과(일반학과
한림대학교,강원,직업탐구중최상위1개영역반영사회과학대학전모집단위경영대학경영대학자연과학대학전모집단위정보과학대학전모집단위의과대학의학과
한밭대학교_국립,대전,산업경영공학과10명창의융합학과28명건설환경공학과
한밭대학교_국립,대전,실기우수자농어촌학생특성화고교졸업자사회적배려자특수교육대상자특성화고등을졸업한재직자만학도가군나군나군다군일반일반실기일반주간야간주간주간야간야간주간공학공과대학기계공학과45720196512103산업경영공학과17410742113건축설비시스템공학과173117213신소재공학과5992285123우주국방첨단융합학과1737414창의융합학과112811화학생명공학과4871964113정보기술대학반도체시스템공학과16353113전기공학과2141182114전기시스템공학과
한밭대학교_국립,대전,건축공학과275842113건축학과(5년제)836413도시공학과173117213디자인산업디자인학과
한밭대학교_국립,대전,영상디자인학과229201113인문인문사회대학공공행정학과1044313영어영문학과194117213일본어과194117213중국어과2031172113경상경상대학경제학과213107213융합경영학과33473213회계세무학과17384213회계세무부동산학과
한밭대학교_국립,대전,실기고사모집단위과목화지시간비고산업디자인학과
한밭대학교_국립,대전,)모집단위총인원내에서00명선발(정원외모집)산업경영공학과
한밭대학교_국립,대전,)산업디자인학과
한밭대학교_국립,대전,MediaDesign)인문사회대학(CollegeofHumanitiesandSocialSciences)공공행정학과(DepartmentofPublicPolicy)영어영문학과(DepartmentofEnglishLanguageandLiterature)일본어과(DepartmentofJapaneseLanguage)중국어과(DepartmentofChineseLanguage)경상대학(CollegeofBusinessEconomics)경제학과(DepartmentofEconomics)융합경영학과(DepartmentofBusinessAdministration)회계세무학과
한서대학교,충남,어촌학생특성화고교출신자기회균형선발서해5도성인학습자충남형계약학과(학생부+면접)인문사회계열항공학부항공교통물류학과항공교통학전공50185413(5)(5)(5)(2)10물류학전공공항행정학과302442(3)(3)(3)모집모집항공관광학부항공관광학과(승무원양성)80301010306441항공외국어학과3737(4)(4)(4)호텔카지노관광학과20155(2)(2)(2)(1)문화콘텐츠학부미디어문예창작학과1515(1)(1)(1)모집모집보건학부사회복지학과
한서대학교,충남,스포츠학부해양경찰학과201523(2)(2)(2)(1)모집모집인문사회전공자률학과605010소계33221924215810자연과학계쳘항공학부항공운항학과(조종사양성)503324(3)(3)20헬리콥터조종학과30143310(2)(2)(2)(1)보건학부간호학과8024213418(8)(4)(4)(1)10물리치료학과40184315(4)(4)(4)(2)작업치료학과40184315(4)(4)(4)방사선학과40184315(4)(4)(4)(2)치위생학과40184315(4)(4)(4)의료재활학과2020(2)(2)(2)모집모집수산생명의학과18132(1)(1)(1)모집모집자연과학전공자율학과
한서대학교,충남,어촌학생특성화고교출신자기회균형선발서해5도성인학습자충남형계약학과(학생부+면접)공학계열항공학부항공정비학과40173312(4)(4)(4)(1)5항공보안학과25232(2)(2)(2)(1)항공우주공학부항공기계공학과40173312(4)(4)(4)(1)5항공전자공학과40173312(4)(4)(4)(1)5무인항공기학과45173312(4)(4)(4)(2)10항공산업공학과25232(2)(2)(2)(1)신소재화학공학과신소재공학전공3030(3)(3)(3)모집모집화학공학전공
한서대학교,충남,SW학부항공AI소프트웨어학과403244(4)(4)(4)(2)AI로보틱스학과2525(2)(2)(2)(1)AI모빌리티학과3030(3)(3)(3)(1)공학전공자율학과806020소계44731820166825예체능계열문화컨텐츠학부문화유산보존학과15510(1)(1)(1)모집모집뮤직프로덕션학과1010(1)(1)(1)영화영상학과1515(1)(1)(1)디자인융합학부영상애니메이션학과3530(3)(3)(3)(1)5공간디자인학과301020(3)(3)(3)(1)디지털산업디자인학과302532(3)(3)(3)(1)시각디자인학과
한서대학교,충남,스포츠학부경호비서학과3530(3)(3)(3)5레저해양스포츠학과601040(6)(6)(6)10예체능전공자율학과2020소계2908532101651510자유전공학부자유전공학과554015소계554015충남RISE융합학부첨단항공학과(계약)2020항공서비스경영학과(계약)2020모빌리티융합디자인학과(계약)2020디지털융합학과(야간)2020소계8020602026학년도학과
한서대학교,충남,이내)모집인원제한없음물류학전공항공정비학과40공항행정학과30항공보안학과25항공우주공학부항공기계공학과40항공전자공학과40무인항공기학과45항공산업공학과25신소재화학공학과신소재공학전공30화학공학전공
한서대학교,충남,SW학부항공AI소프트웨어학과44AI로보틱스학과25AI모빌리티학과30항공관광학부항공외국어학과40호텔카지노관광학과20문화콘텐츠학부문화유산보존학과15미디어문예창작학과15뮤직프로덕션학과10영화영상학과15보건학부사회복지학과20간호학과80물리치료학과40작업치료학과40방사선학과40치위생학과40의료재활학과20수산생명의학과18디자인융합학부영상애니메이션학과35공간디자인학과30디지털산업디자인학과30시각디자인학과
한서대학교,충남,스포츠학부해양경찰학과20경호비서학과35레저해양스포츠학과60자유전공학부자유전공학과55항공관광학부항공관광학과805명항공학부항공운항학과502명헬리콥터조종학과302명인문사회전공자율학과60-자연과학전공자율학과40-공학전공자율학과80-예체능전공자율학과
한서대학교,충남,000레저해양스포츠학과
한서대학교,충남,레저해양스포츠학과
한서대학교,충남,4절경호비서학과10미터왕복달리기(40m)2회왕복윗몸일으키기(1분)레저해양스포츠학과
한성대학교,서울,전형별모집인원(정원내)단과대학모집단위논술위주수시모집수시소계(A)정시모집정시소계(B)합계(A+B)학생부교과학생부종합실기위주수능실기위주논술교과우수지역균형한성인재기회균형실기가군나군다군다군고른기회성인학습자크리에이티브인문예술대학크리에이티브인문학부93103512694141110크리에이티브인문학부(야)9610934333367예술학부
한성대학교,서울,(다군)10IT공과대학IT공과대학컴퓨터공학부3926384515163147147310전기전자공학부산업시스템공학부AI융합대학AI학부AI응용학과202747303077융합보안학과101020202040AI융합학부미래모빌리티학과1010727151542AI기계로봇공학과10171340101050문학문화콘텐츠학과
한성대학교,서울,특성화고교졸재직자단과대학모집단위학생부교과학생부종합실기위주합계기회균형기회균형농어촌학생특성화고교졸업자특성화고교졸재직자농어촌학생특성화고교졸업자크리에이티브인문예술대학크리에이티브인문학부1010크리에이티브인문학부(야)44소계14000014미래융합사회과학대학미래융합사회과학대학10515미래융합사회과학대학(야)628소계16700023AI디자인대학AI융합디자인학부426AI패션학부426AI패션학부(야)112AI뷰티디자인학과11AI뷰티디자인학과(야)11소계5504216IT공과대학IT공과대학컴퓨터공학부19726전기전자공학부산업시스템공학부소계19700026미래플러스대학AI디지털융합인재학부
한성대학교,서울,전형별모집인원(정원외)-재외국민과외국인전형단과대학모집단위3월입학재외국민및외국인전교육과정국외이수자북한이탈주민크리에이티브인문예술대학크리에이티브인문학부
한성대학교,서울,5명(수시미충원시정시이월)모집인원제한없음모집인원제한없음크리에이티브인문학부(야)예술학부동양화전공서양화전공한국무용전공현대무용전공발레전공미래융합사회과학대학미래융합사회과학대학미래융합사회과학대학(야)AI디자인대학AI패션학부AI패션학부(야)AI융합디자인학부AI뷰티디자인학과AI뷰티디자인학과(야)IT공과대학IT공과대학AI융합대학상상력인재학부AI응용학과융합보안학과미래모빌리티학과AI기계로봇공학과문학문화콘텐츠학과단과대학모집단위3월입학9월입학부모모두외국인(순수외국인)글로벌인재대학한국언어문화교육학과모집인원제한없음글로벌K비즈니스학과K-영상콘텐츠학과패션뷰티크리에이션학과SW융합학과글로벌벤처창업학과AI글로벌정책학과
한성대학교,서울,일반선택과목진로선택과목반영과목성적활용척도반영과목성적활용척도전체(예술학부
한성대학교,서울,과학전과목석차등급전과목등급과성취도중상위성적반영예술학부
한성대학교,서울,000960900750600지역균형기회균형농어촌학생특성화고교졸업자논술위주논술200194183167133실기위주실기우수자예술학부
한성대학교,서울,000980960940900850750600400지역균형기회균형농어촌학생특성화고교졸업자논술위주논술2001971941911831751671330실기위주실기우수자예술학부
한성대학교,서울,예술학부(회화전공
한성대학교,서울,예술학부
한성대학교,서울,트랙(안)주간야간크리에이티브인문예술대학크리에이티브인문학부
한성대학교,서울,예술학부동양화전공
한성대학교,서울,글로벌패션산업학부
한성대학교,서울,시스템반도체산업시스템공학부
한성대학교,서울,응용산업데이터공학AI융합대학상상력인재학부
한성대학교,서울,상상력인재학부는자율전공학부로1트랙(예술학부
한세대학교,경기,실적기타한세인재면접우수자교과우수자실기우수자기회균형특성화고교졸업자농어촌학생특수교육대상자재외국민자유전공학부19515310210신학과135103인문사회학부미디어커뮤니케이션전공691543175경영학전공관광경영학전공경찰행정학전공사회복지학전공영어전공중국어전공첨단융합학부AI소프트웨어전공3153083AI융합보안전공예술학부음악전공피아노1441성악5관현악8아트앤미디어작곡2공연예술전공26간호학과155732디자인학부시각정보디자인전공335실내건축디자인전공섬유패션디자인전공
한세대학교,경기,---농어촌학생예술학부
한세대학교,경기,---특수교육대상자예술학부
한세대학교,경기,-재외국민예술학부
한세대학교,경기,예술학부
한세대학교,경기,전통화성전반공연예술전공
한세대학교,경기,실적일반일반(예술)일반(디자인)특성화고교졸업자농어촌학생특수교육대상자재외국민자유전공학부
한세대학교,경기,경영학전공관광경영학전공경찰행정학전공사회복지학전공영어전공중국어전공첨단융합학부AI소프트웨어전공
한세대학교,경기,AI융합보안전공예술학부음악전공
한세대학교,경기,성악6관현악4아트앤미디어작곡2공연예술전공4간호학과
한세대학교,경기,---재외국민예술학부
한세대학교,경기,예술학부모집단위유형및과제비고음악전공
한세대학교,경기,이내모집인원제한없음신학과인문사회학부미디어커뮤니케이션전공경영학전공관광경영학전공경찰행정학전공사회복지학전공영어전공중국어전공첨단융합학부AI소프트웨어전공AI융합보안전공예술학부음악전공피아노성악관현악아트앤미디어작곡공연예술전공디자인학부시각정보디자인전공실내건축디자인전공섬유패션디자인전공
한세대학교,경기,전형요소및반영비율모집단위전형요소및반영비율비고면접실기모든모집단위(예술학부
한세대학교,경기,-예술학부디자인학부
한세대학교,경기,공연예술전공
한세대학교,경기,모집인원모집단위입학정원모집인원-부모가모두외국인인외국인-전교육과정이수자-외국인신학과566모집인원제한없음인문사회학부미디어커뮤니케이션전공경영학전공관광경영학전공경찰행정학전공사회복지학전공영어전공중국어전공첨단융합학부AI소프트웨어전공AI융합보안전공예술학부음악전공피아노성악관현악아트앤미디어작곡디자인학부시각정보디자인전공실내건축디자인전공섬유패션디자인전공
한양대학교,서울,실적(나군)수능(다군)정시계추천형학업형면접형고른기회사회통합체육인재특기자공과자연건축학부(5년제)3991035271212자연건축공학부3781035261111자연건설환경공학과47111235311616자연도시공학과3671035251111자연자원환경공학과2971032099자연융합전자공학부1612640205151065555자연컴퓨터소프트웨어학부131213515510864545상경정보시스템학과
한양대학교,서울,생체공학부(바이오메디컬공학전공)245751777자연신소재공학부8016191037552525자연화학공학과501011735361414자연생명공학과235751766자연유기나노공학과287852088자연에너지공학과31795211010자연기계공학부135243516510904545자연원자력공학과33895221111자연산업공학과3988535291010자연미래자동차공학과611315835441717자연데이터사이언스학부601314835431717자연반도체공학과(40)(14)(14)(4)(32)(8)(8)의과자연의예과110401610664444간호자연간호학과3891035271111인문과학인문국어국문학과29564342277인문중어중문학과40101053281212인문영어영문학과49121273341515인문독어독문학과17665170인문사학과22951488인문철학과17651166사회과학인문정치외교학과3168552477인문사회학과2957552277인문미디어커뮤니케이션학과4199535311010인문관광학부34675352688자연과학자연수학과4091037291111자연물리학과36910352799자연화학과47121535351212자연생명과학과45111435331212공통신입학모집인원2028학년도한양대학교신입학전형계획3대학계열모집단위(학과
한양대학교,서울,실적(나군)수능(다군)정시계추천형학업형면접형고른기회사회통합체육인재정책과학인문정책학과85151710510572828인문행정학과357934231212경제금융상경경제금융학부101202510510703131경영상경경영학부1943554155201296565상경파이낸스경영학과4571035252020사범인문교육학과20681466인문교육공학과
한양대학교,서울,자연실내건축디자인학과33101152677음악예체능성악과2502525예체능작곡과1401414예체능피아노과1901919예체능관현악과3817172121예체능국악과3232320예술체육예체능스포츠산업과학부(스포츠매니지먼트전공)30106161414예체능스포츠산업과학부(스포츠사이언스전공)30616131717인문연극영화학과(영화)21771477예체능연극영화학과(연출및스탭)6066예체능연극영화학과(연기)15221313예체능무용학과3131310국제인문국제학부
한양대학교,서울,자연산업공학과
한양대학교,서울,경영상경경영학부
한양대학교,서울,인문산업융합학부
한양대학교,서울,산업공학과
한양대학교,서울,관광학부1)정책과학정책학과1)경제금융경제금융학부1)경영경영학부1)사범교육학과
한양대학교,서울,파이낸스경영학과
한양대학교,서울,컴퓨터소프트웨어학부파이낸스경영학과
한양대학교,서울,3510152음악대학80-20--스포츠산업과학부403010201연극영화학과
한양대학교,서울,스포츠산업과학부(스포츠사이언스전공
한양대학교,서울,산업융합학부
한양대학교,서울,스포츠산업과학부(스포츠매니지먼트전공)6명스포츠산업과학부(스포츠사이언스전공
한양대학교,서울,스포츠사이언스전공
한양대학교,서울,예체능스포츠산업과학부(스포츠매니지먼트전공
한양대학교,서울,예체능스포츠산업과학부(스포츠사이언스전공
한양대학교,서울,한국사스포츠산업과학부
한양대학교,서울,지정곡수능(나군)스포츠산업과학부(스포츠사이언스전공
협성대학교,경기,스포츠학과
협성대학교,경기,스포츠학과미술2스포츠1인문사회과학대학문예창작학과
협성대학교,경기,사회24문예창작학과사회복지학과
협성대학교,경기,사회46사회복지학과아동보육학과
협성대학교,경기,사회28도시행정학과경영대학경영자율전공학부
협성대학교,경기,사회56경영자율전공학부미디어영상광고학과
협성대학교,경기,사회43미디어영상광고학과경영학과
협성대학교,경기,사회36경영학과금융보험학과
협성대학교,경기,사회29세무회계학과호텔관광경영학과
협성대학교,경기,사회25호텔관광경영학과유통경영학과
협성대학교,경기,사회27유통경영학과
협성대학교,경기,자연48이공자율전공학부컴퓨터공학과공학30컴퓨터공학과소프트웨어공학과공학34소프트웨어공학과건축공학과공학29건축공학과도시공학과공학26도시공학과보건관리학과자연과학33보건관리학과의생명화학과자연과학32의생명화학과예술대학디자인자율전공학부(2유형)예체능32디자인자율전공학부음악학부피아노전공예체능11피아노전공관현악전공예체능6관현악전공성악전공예체능5성악전공실용음악전공예체능8실용음악전공실내디자인학과예체능27실내디자인학과가구디자인학과예체능24가구디자인학과산업디자인학과예체능28산업디자인학과시각디자인학과예체능37시각디자인학과
협성대학교,경기,스포츠학과와음악학부외모든학과
협성대학교,경기,경영자율전공학부(2유형)은경영대학전학과
협성대학교,경기,디자인자율전공학부(2유형)은예술대학(음악학부
협성대학교,경기,예술대학전학과
협성대학교,경기,스포츠학과음악5252020미술2스포츠1인문사회과학대학문예창작학과2433224620112사회복지학과46145336940123아동보육학과274522462311중국어문화학과217322121711도시행정학과2845224623112경영대학경영자율전공학부(2유형)560미디어영상광고학과43953369351124경영학과361052256301113금융보험학과2653224622112세무회계학과29832246251113호텔관광경영학과25632235211113유통경영학과
협성대학교,경기,문화학과2673223522112이공대학이공자율전공학부(2유형)480컴퓨터공학과30942245262125소프트웨어공학과341142246292125건축공학과29842235241113도시공학과2654223521보건관리학과331152235281113의생명화학과32104224527112예술대학디자인자율전공학부(2유형)323232음악학부피아노1166관현악644성악533실용음악844실내디자인학과271919112가구디자인학과241717112산업디자인학과282020112시각디자인학과
협성대학교,경기,스포츠학과-6040음악학부피아노1090관현악1090성악1090실용음악1090실내디자인학과2080가구디자인학과2080산업디자인학과2080시각디자인학과
협성대학교,경기,디자인관련학과모집단위고사내용고사시간디자인자율전공학부(2유형)기초디자인4시간실내디자인학과가구디자인학과산업디자인학과시각디자인학과
협성대학교,경기,스포츠학과음악2가-0미술2-0스포츠1-0인문사회과학대학문예창작학과24다44사회복지학과4666아동보육학과2744중국어문화학과2144도시행정학과2855경영대학경영자율전공학부(2유형)56가5656미디어영상광고학과43다88경영학과3666금융보험학과2644세무회계학과2944호텔관광경영학과2544유통경영학과
협성대학교,경기,문화학과2644이공대학이공자율전공학부(2유형)48다4848컴퓨터공학과30가44소프트웨어공학과3455건축공학과2955도시공학과2655보건관리학과3355의생명화학과3255예술대학디자인자율전공학부(2유형)32가-0음악학부피아노11나55관현악622성악522실용음악844실내디자인학과27나88가구디자인학과2477산업디자인학과2888시각디자인학과
협성대학교,경기,경영자율전공학부
협성대학교,경기,모집인원(명)가군나군다군자율전공학부(1유형)100인문사회자율전공학부(2유형)41경영자율전공학부(2유형)56이공자율전공학부
협성대학교,경기,모집인원(명)나군디자인자율전공학부(2유형)-음악학부피아노5관현악2성악2실용음악4실내디자인학과8가구디자인학과7산업디자인학과8시각디자인학과
협성대학교,경기,)수능실기음악학부피아노일괄합산1090관현악1090성악1090실용음악1090실내디자인학과2080가구디자인학과2080산업디자인학과2080시각디자인학과
협성대학교,경기,실내디자인학과가구디자인학과산업디자인학과시각디자인학과
협성대학교,경기,디자인학과모집단위고사내용고사시간실내디자인학과기초디자인4시간가구디자인학과산업디자인학과시각디자인학과
호남대학교,광주,간호학과18881비대면-81(5)18(5)14(5)-8---치위생학과44-202044-수시미충원인원---치기공학과30-131522-수시미충원인원---물리치료학과4018대면-16(6)4(6)2(6)-2---작업치료학과4522비대면-1762-수시미충원인원---임상병리학과338비대면-2232-수시미충원인원---반려동물산업학과30-131433-수시미충원인원---응급구조학과
호남대학교,광주,스포츠레저학과15036비대면-2479-수시미충원인원통합선발---축구학과
호남대학교,광주,태권도학과19대면-e스포츠산업학과25비대면-사회경영대학사범계열유아교육학과
호남대학교,광주,사회복지학과164-2347229-수시미충원인원통합선발---상담심리학과
호남대학교,광주,경영학부
호남대학교,광주,관광경영학과
호남대학교,광주,반려동물산업학과
호남대학교,광주,라이프스포츠트랙
호남대학교,광주,식품영양학과AI예술체육대학건축학부
호남대학교,광주,스포츠레저학과
호남대학교,광주,태권도학과
호남대학교,광주,e스포츠산업학과사회경영대학유아교육학과
호남대학교,광주,사회복지학과
호남대학교,광주,상담심리학과
호서대학교,충남,사회체육학과
호서대학교,충남,골프산업학과
호서대학교,충남,공연예술학부(실용음악트랙
호서대학교,충남,성인학습자호서인재실기체육특기자기초생활및차상위농어촌학생특성화고교졸업자재직자만학도조기취업형계약학과재외국민가군나군가군AI공과대학AIT스쿨40355XX컴퓨터공학과15080151928XX8지능로봇학과402647XX3전자공학과604189XX2정보통신공학과664788XX3전기시스템공학과75455812XX5기계공학과5732469XX6미래자동차공학과57304712XX4화학공학과442696XX3안전공학과543956XX4소방방재학과603010710XX3건축학과4420759XX3건축토목공학부74471013XX4환경공학과362355XX3전자재료공학과402665XX3빅데이터AI학부82736XX3게임소프트웨어학과803519815XX3반도체공학과6033598XX5바이오헬스대학식품공학과422568XX3제약공학과453075XX3화장품과학과442569XX4생명공학과442965XX4식품영양학과4022510XX3간호학과8072814212XXXX17물리치료학과4051555XXXX10임상병리학과51187511XXX10동물보건복지학과6012201013XXX5아트앤컬처대학디자인스쿨155110XXXXX45애니메이션스쿨10075XXXXX25기독교학과15510XXXXX0사회체육학과42198XXXXX15골프산업학과2020XXXXX문화영상학부803025105XXXXX10공연예술학부실용음악트랙4339XXXXX4연극트랙3422XXXXX12글로벌융합대학비즈니스스쿨글로벌통상학과7656510XX5경영학과14783101032XX12디지털금융경영학과6035812XX5미래융합스쿨55XXX2588X한국언어문화학과281834XXX3영어영문학과473276XXX2중국학과402368XXX3경찰행정학과10452101523XX4사회복지학부
호서대학교,충남,상담학과3516348XX4유아교육과40157510XXXX3항공서비스학과5249XXXXX3미디어커뮤니케이션학과2810546XX3심리학과5530812XX5교양대학자유전공학부30255XXXXXX글로벌융합대학반도체디스플레이학과XXXXX25X물류유통학과XXXXX20X첨단산업AI공학과
호서대학교,충남,)사회체육학과
호서대학교,충남,디자인스쿨8020공연예술학부(실용음악트랙
호서대학교,충남,공연예술학부(연극트랙)모집단위실기과목시험시간비고공연예술학부(연극트랙
호서대학교,충남,사회체육학과모집단위실기종목비고사회체육학과
호서대학교,충남,골프산업학과모집단위실기종목비고골프산업학과
호서대학교,충남,동물보건복지학과
호서대학교,충남,첨단산업AI공학과
호서대학교,충남,)가군공연예술학부(실용음악트랙
호서대학교,충남,연극트랙)9010사회체육학과
홍익대학교,서울,예술학과
홍익대학교,서울,공연예술우수자전형1)학생부교과2)학생부비교과(출결)모집단위및지원자격2027학년도2028학년도비율인원비율인원캠퍼스자율전공
홍익대학교,서울,예술경영학부
홍익대학교,서울,산업디자인전공
홍익대학교,서울,패션디자인전공)을자율선택산업디자인전공
홍익대학교,서울,예술학과캠퍼스자율전공
홍익대학교,서울,+면접60O공연예술우수자공연예술학부(뮤지컬전공
홍익대학교,서울,공연예술학부(실용음악전공
홍익대학교,서울,실적위주미술계열(예술학과
홍익대학교,서울,실적위주공연예술우수자공연예술학부(뮤지컬전공
홍익대학교,서울,각40)20공연예술학부(실용음악전공
홍익대학교,서울,시스템디자인공학과1453133-1123--29---5041--건설환경공학과481111-1-11--9---1611--건축도시대학건축학부건축학전공(5년제)461010-1-11--9---1611--건축학부실내건축학전공2054---11--4---71---도시공학과491111-1-11--9---1711--사범대학수학교육과2867-1-1---5---9----인문국어교육과2867--11---5---9----영어교육과2867-1-1---5---9----역사교육과2154--11---4---7----교육학과2867-1-1---5---9----경영대학경영학부2435254-2235--48---8551--문과대학영어영문학과3076--111--6---101---독어독문학과2256---11--4---71---불어불문학과2155---11--4---71---국어국문학과2054---11--4---71---법과대학법학부1212627-1123--24---424---경제학부4199-1-11--8---141---미술미술대학예술학과2465----1--44-5--1---미술학부117------4---93-24--5---디자인학부105------3---84-21--22--공예학부57------1---45-12--23--미술대학자율전공79----------63-16------공연예술공연예술학부뮤지컬전공20-----------20-----0-실용음악전공
홍익대학교,서울,전형요소및반영비율모집단위전형단계선발배수전형요소및반영비율실기학생부공연예술학부뮤지컬전공
홍익대학교,서울,공연예술학부실용음악전공
홍익대학교,서울,학교생활기록부반영방법모집단위반영점수반영기간반영방법점수산출활용지표공연예술학부(뮤지컬전공
홍익대학교,서울,실기평가모집단위평가내용공연예술학부뮤지컬전공
홍익대학교,서울,표현능력등뮤지컬연기자로서의역량을종합적으로평가공연예술학부실용음악전공
홍익대학교,서울,--미술계열(예술학과
홍익대학교,서울,미술계열(예술학과
홍익대학교,서울,서류평가(미술계열(예술학과제외))모집계열평가자료미술계열(예술학과
홍익대학교,서울,면접평가(미술계열(예술학과
홍익대학교,서울,영어등급환산점수표모집단위수능필수응시영역공연예술학부뮤지컬전공
홍익대학교,서울,한국사공연예술학부실용음악전공모집단위모집군수능영역별반영비율한국사반영방법국어수학탐구영어사회과학공연예술학부뮤지컬전공
홍익대학교,서울,1점씩차감후가산공연예술학부실용음악전공
홍익대학교,서울,탐구영역의경우두과목의표준점수합을반영함모집단위모집군전형요소및반영비율수능실기공연예술학부뮤지컬전공
홍익대학교,서울,학교폭력가해자조치사항모집단위평가내용공연예술학부뮤지컬전공
홍익대학교,서울,체육우수자스포츠지도학과
홍익대학교,서울,각40)20체육우수자스포츠지도학과
홍익대학교,서울,예능)1755433----30---58----자연AID융합과학기술대학AID융합과학기술대학자율전공51159----11---16----전자전기융합공학과5516101-1111---17미정12-소프트웨어융합학과651910212113---2022-나노반도체공학과451381-119---142--건축공학부56169111112---172--AI기계융합공학과481481-1110---1511-조선해양모빌리티공학과35106-1117---111--바이오화학융합공학과46138-11110---142--게임학부게임소프트웨어전공(공학계)361061-118---112--인문상경대학상경학부1705333212430---5152-광고홍보학부902918111214---2732-미술조형대학221-----5-154-67--62-게임학부게임그래픽디자인전공(미술계)42-----1-29-13--11-체육스포츠지도학과
홍익대학교,서울,전형요소및반영비율모집단위전형단계선발배수전형요소및반영비율학생부실기스포츠지도학과
홍익대학교,서울,학교생활기록부반영방법모집단위반영점수반영기간반영방법점수산출활용지표스포츠지도학과
홍익대학교,서울,실기모집단위실기종목스포츠지도학과
홍익대학교,서울,학교폭력가해자조치사항모집단위모집군수능영역별반영비율한국사반영방법국어수학탐구영어사회과학스포츠지도학과
홍익대학교,서울,선택한두과목의표준점수합을반영함모집단위모집군전형요소및반영비율수능학생부스포츠지도학과
홍익대학교,서울,모집단위수능필수응시영역스포츠지도학과
홍익대학교,서울,감점요소로활용할수있음모집단위반영점수반영기간반영방법점수산출활용지표스포츠지도학과
